2.3287766,"{'PagePolicy': 'ClosedAdaptive', 'Scheduler': 'FrFcfsGrp', 'SchedulerBuffer': 'ReadWrite', 'RequestBufferSize': 4, 'RespQueue': 'Fifo', 'RefreshPolicy': 'AllBank', 'RefreshMaxPostponed': 5, 'RefreshMaxPulledin': 7, 'Arbiter': 'Reorder', 'MaxActiveTransactions': 44}",[[14.033301  0.57059  24.594284]]
2.3287766,"{'PagePolicy': 'ClosedAdaptive', 'Scheduler': 'FrFcfsGrp', 'SchedulerBuffer': 'ReadWrite', 'RequestBufferSize': 4, 'RespQueue': 'Fifo', 'RefreshPolicy': 'AllBank', 'RefreshMaxPostponed': 5, 'RefreshMaxPulledin': 7, 'Arbiter': 'Reorder', 'MaxActiveTransactions': 44}",[[14.033301  0.57059  24.594284]]
2.3150291,"{'PagePolicy': 'Open', 'Scheduler': 'FrFcfs', 'SchedulerBuffer': 'Bankwise', 'RequestBufferSize': 7, 'RespQueue': 'Reorder', 'RefreshPolicy': 'AllBank', 'RefreshMaxPostponed': 4, 'RefreshMaxPulledin': 4, 'Arbiter': 'Reorder', 'MaxActiveTransactions': 107}",[[13.970587  0.56804  24.59426 ]]
2.3150291,"{'PagePolicy': 'Open', 'Scheduler': 'FrFcfs', 'SchedulerBuffer': 'Bankwise', 'RequestBufferSize': 7, 'RespQueue': 'Reorder', 'RefreshPolicy': 'AllBank', 'RefreshMaxPostponed': 4, 'RefreshMaxPulledin': 4, 'Arbiter': 'Reorder', 'MaxActiveTransactions': 107}",[[13.970587  0.56804  24.59426 ]]
2.2057526,"{'PagePolicy': 'Open', 'Scheduler': 'FrFcfs', 'SchedulerBuffer': 'ReadWrite', 'RequestBufferSize': 7, 'RespQueue': 'Reorder', 'RefreshPolicy': 'NoRefresh', 'RefreshMaxPostponed': 4, 'RefreshMaxPulledin': 4, 'Arbiter': 'Simple', 'MaxActiveTransactions': 26}",[[13.444084  0.54664  24.59426 ]]
2.2057526,"{'PagePolicy': 'Open', 'Scheduler': 'FrFcfs', 'SchedulerBuffer': 'ReadWrite', 'RequestBufferSize': 7, 'RespQueue': 'Reorder', 'RefreshPolicy': 'NoRefresh', 'RefreshMaxPostponed': 4, 'RefreshMaxPulledin': 4, 'Arbiter': 'Simple', 'MaxActiveTransactions': 26}",[[13.444084  0.54664  24.59426 ]]
2.317712,"{'PagePolicy': 'OpenAdaptive', 'Scheduler': 'FrFcfsGrp', 'SchedulerBuffer': 'ReadWrite', 'RequestBufferSize': 3, 'RespQueue': 'Fifo', 'RefreshPolicy': 'AllBank', 'RefreshMaxPostponed': 6, 'RefreshMaxPulledin': 6, 'Arbiter': 'Fifo', 'MaxActiveTransactions': 10}",[[13.982929  0.56854  24.594257]]
2.317712,"{'PagePolicy': 'OpenAdaptive', 'Scheduler': 'FrFcfsGrp', 'SchedulerBuffer': 'ReadWrite', 'RequestBufferSize': 3, 'RespQueue': 'Fifo', 'RefreshPolicy': 'AllBank', 'RefreshMaxPostponed': 6, 'RefreshMaxPulledin': 6, 'Arbiter': 'Fifo', 'MaxActiveTransactions': 10}",[[13.982929  0.56854  24.594257]]
2.2256348,"{'PagePolicy': 'OpenAdaptive', 'Scheduler': 'FrFcfs', 'SchedulerBuffer': 'Shared', 'RequestBufferSize': 1, 'RespQueue': 'Fifo', 'RefreshPolicy': 'NoRefresh', 'RefreshMaxPostponed': 6, 'RefreshMaxPulledin': 3, 'Arbiter': 'Simple', 'MaxActiveTransactions': 53}",[[13.548213  0.55069  24.602457]]
2.2256348,"{'PagePolicy': 'OpenAdaptive', 'Scheduler': 'FrFcfs', 'SchedulerBuffer': 'Shared', 'RequestBufferSize': 1, 'RespQueue': 'Fifo', 'RefreshPolicy': 'NoRefresh', 'RefreshMaxPostponed': 6, 'RefreshMaxPulledin': 3, 'Arbiter': 'Simple', 'MaxActiveTransactions': 53}",[[13.548213  0.55069  24.602457]]
2.2073107,"{'PagePolicy': 'OpenAdaptive', 'Scheduler': 'FrFcfs', 'SchedulerBuffer': 'Bankwise', 'RequestBufferSize': 5, 'RespQueue': 'Reorder', 'RefreshPolicy': 'NoRefresh', 'RefreshMaxPostponed': 8, 'RefreshMaxPulledin': 5, 'Arbiter': 'Fifo', 'MaxActiveTransactions': 12}",[[13.452079  0.54696  24.59426 ]]
2.2073107,"{'PagePolicy': 'OpenAdaptive', 'Scheduler': 'FrFcfs', 'SchedulerBuffer': 'Bankwise', 'RequestBufferSize': 5, 'RespQueue': 'Reorder', 'RefreshPolicy': 'NoRefresh', 'RefreshMaxPostponed': 8, 'RefreshMaxPulledin': 5, 'Arbiter': 'Fifo', 'MaxActiveTransactions': 12}",[[13.452079  0.54696  24.59426 ]]
2.2256348,"{'PagePolicy': 'OpenAdaptive', 'Scheduler': 'Fifo', 'SchedulerBuffer': 'Shared', 'RequestBufferSize': 5, 'RespQueue': 'Fifo', 'RefreshPolicy': 'NoRefresh', 'RefreshMaxPostponed': 6, 'RefreshMaxPulledin': 7, 'Arbiter': 'Simple', 'MaxActiveTransactions': 90}",[[13.54444  0.55069 24.59547]]
2.2256348,"{'PagePolicy': 'OpenAdaptive', 'Scheduler': 'Fifo', 'SchedulerBuffer': 'Shared', 'RequestBufferSize': 5, 'RespQueue': 'Fifo', 'RefreshPolicy': 'NoRefresh', 'RefreshMaxPostponed': 6, 'RefreshMaxPulledin': 7, 'Arbiter': 'Simple', 'MaxActiveTransactions': 90}",[[13.54444  0.55069 24.59547]]
2.2595806,"{'PagePolicy': 'Closed', 'Scheduler': 'FrFcfsGrp', 'SchedulerBuffer': 'Shared', 'RequestBufferSize': 6, 'RespQueue': 'Fifo', 'RefreshPolicy': 'NoRefresh', 'RefreshMaxPostponed': 2, 'RefreshMaxPulledin': 4, 'Arbiter': 'Reorder', 'MaxActiveTransactions': 112}",[[13.712754  0.55744  24.599712]]
2.2595806,"{'PagePolicy': 'Closed', 'Scheduler': 'FrFcfsGrp', 'SchedulerBuffer': 'Shared', 'RequestBufferSize': 6, 'RespQueue': 'Fifo', 'RefreshPolicy': 'NoRefresh', 'RefreshMaxPostponed': 2, 'RefreshMaxPulledin': 4, 'Arbiter': 'Reorder', 'MaxActiveTransactions': 112}",[[13.712754  0.55744  24.599712]]
2.320024,"{'PagePolicy': 'OpenAdaptive', 'Scheduler': 'FrFcfsGrp', 'SchedulerBuffer': 'Bankwise', 'RequestBufferSize': 3, 'RespQueue': 'Fifo', 'RefreshPolicy': 'AllBank', 'RefreshMaxPostponed': 4, 'RefreshMaxPulledin': 5, 'Arbiter': 'Simple', 'MaxActiveTransactions': 91}",[[13.993338  0.56897  24.594257]]
2.320024,"{'PagePolicy': 'OpenAdaptive', 'Scheduler': 'FrFcfsGrp', 'SchedulerBuffer': 'Bankwise', 'RequestBufferSize': 3, 'RespQueue': 'Fifo', 'RefreshPolicy': 'AllBank', 'RefreshMaxPostponed': 4, 'RefreshMaxPulledin': 5, 'Arbiter': 'Simple', 'MaxActiveTransactions': 91}",[[13.993338  0.56897  24.594257]]
2.3162625,"{'PagePolicy': 'OpenAdaptive', 'Scheduler': 'FrFcfsGrp', 'SchedulerBuffer': 'ReadWrite', 'RequestBufferSize': 8, 'RespQueue': 'Fifo', 'RefreshPolicy': 'AllBank', 'RefreshMaxPostponed': 7, 'RefreshMaxPulledin': 2, 'Arbiter': 'Fifo', 'MaxActiveTransactions': 77}",[[13.976142  0.56827  24.594257]]
2.3162625,"{'PagePolicy': 'OpenAdaptive', 'Scheduler': 'FrFcfsGrp', 'SchedulerBuffer': 'ReadWrite', 'RequestBufferSize': 8, 'RespQueue': 'Fifo', 'RefreshPolicy': 'AllBank', 'RefreshMaxPostponed': 7, 'RefreshMaxPulledin': 2, 'Arbiter': 'Fifo', 'MaxActiveTransactions': 77}",[[13.976142  0.56827  24.594257]]
2.3730986,"{'PagePolicy': 'ClosedAdaptive', 'Scheduler': 'FrFcfsGrp', 'SchedulerBuffer': 'Bankwise', 'RequestBufferSize': 1, 'RespQueue': 'Reorder', 'RefreshPolicy': 'AllBank', 'RefreshMaxPostponed': 1, 'RefreshMaxPulledin': 8, 'Arbiter': 'Simple', 'MaxActiveTransactions': 1}",[[14.237249    0.57861     0.02460573]]
2.3730986,"{'PagePolicy': 'ClosedAdaptive', 'Scheduler': 'FrFcfsGrp', 'SchedulerBuffer': 'Bankwise', 'RequestBufferSize': 1, 'RespQueue': 'Reorder', 'RefreshPolicy': 'AllBank', 'RefreshMaxPostponed': 1, 'RefreshMaxPulledin': 8, 'Arbiter': 'Simple', 'MaxActiveTransactions': 1}",[[14.237249    0.57861     0.02460573]]
2.3730986,"{'PagePolicy': 'ClosedAdaptive', 'Scheduler': 'FrFcfsGrp', 'SchedulerBuffer': 'Bankwise', 'RequestBufferSize': 1, 'RespQueue': 'Reorder', 'RefreshPolicy': 'AllBank', 'RefreshMaxPostponed': 1, 'RefreshMaxPulledin': 7, 'Arbiter': 'Simple', 'MaxActiveTransactions': 1}",[[14.237084    0.57861     0.02460573]]
2.3730986,"{'PagePolicy': 'ClosedAdaptive', 'Scheduler': 'FrFcfsGrp', 'SchedulerBuffer': 'Bankwise', 'RequestBufferSize': 1, 'RespQueue': 'Reorder', 'RefreshPolicy': 'AllBank', 'RefreshMaxPostponed': 1, 'RefreshMaxPulledin': 7, 'Arbiter': 'Simple', 'MaxActiveTransactions': 1}",[[14.237084    0.57861     0.02460573]]
2.3660238,"{'PagePolicy': 'ClosedAdaptive', 'Scheduler': 'FrFcfsGrp', 'SchedulerBuffer': 'Shared', 'RequestBufferSize': 2, 'RespQueue': 'Reorder', 'RefreshPolicy': 'AllBank', 'RefreshMaxPostponed': 1, 'RefreshMaxPulledin': 6, 'Arbiter': 'Simple', 'MaxActiveTransactions': 90}",[[14.203748    0.57735     0.02460141]]
2.3660238,"{'PagePolicy': 'ClosedAdaptive', 'Scheduler': 'FrFcfsGrp', 'SchedulerBuffer': 'Shared', 'RequestBufferSize': 2, 'RespQueue': 'Reorder', 'RefreshPolicy': 'AllBank', 'RefreshMaxPostponed': 1, 'RefreshMaxPulledin': 6, 'Arbiter': 'Simple', 'MaxActiveTransactions': 90}",[[14.203748    0.57735     0.02460141]]
2.2256348,"{'PagePolicy': 'Open', 'Scheduler': 'Fifo', 'SchedulerBuffer': 'ReadWrite', 'RequestBufferSize': 5, 'RespQueue': 'Fifo', 'RefreshPolicy': 'NoRefresh', 'RefreshMaxPostponed': 7, 'RefreshMaxPulledin': 4, 'Arbiter': 'Fifo', 'MaxActiveTransactions': 33}",[[13.544089    0.55069     0.02459483]]
2.2256348,"{'PagePolicy': 'Open', 'Scheduler': 'Fifo', 'SchedulerBuffer': 'ReadWrite', 'RequestBufferSize': 5, 'RespQueue': 'Fifo', 'RefreshPolicy': 'NoRefresh', 'RefreshMaxPostponed': 7, 'RefreshMaxPulledin': 4, 'Arbiter': 'Fifo', 'MaxActiveTransactions': 33}",[[13.544089    0.55069     0.02459483]]
2.3730986,"{'PagePolicy': 'ClosedAdaptive', 'Scheduler': 'FrFcfsGrp', 'SchedulerBuffer': 'Bankwise', 'RequestBufferSize': 1, 'RespQueue': 'Reorder', 'RefreshPolicy': 'AllBank', 'RefreshMaxPostponed': 2, 'RefreshMaxPulledin': 8, 'Arbiter': 'Simple', 'MaxActiveTransactions': 1}",[[14.237249    0.57861     0.02460573]]
2.3730986,"{'PagePolicy': 'ClosedAdaptive', 'Scheduler': 'FrFcfsGrp', 'SchedulerBuffer': 'Bankwise', 'RequestBufferSize': 1, 'RespQueue': 'Reorder', 'RefreshPolicy': 'AllBank', 'RefreshMaxPostponed': 2, 'RefreshMaxPulledin': 8, 'Arbiter': 'Simple', 'MaxActiveTransactions': 1}",[[14.237249    0.57861     0.02460573]]
2.3730986,"{'PagePolicy': 'ClosedAdaptive', 'Scheduler': 'FrFcfsGrp', 'SchedulerBuffer': 'Bankwise', 'RequestBufferSize': 1, 'RespQueue': 'Reorder', 'RefreshPolicy': 'AllBank', 'RefreshMaxPostponed': 1, 'RefreshMaxPulledin': 8, 'Arbiter': 'Reorder', 'MaxActiveTransactions': 1}",[[14.238645  0.57861  24.608315]]
2.3730986,"{'PagePolicy': 'ClosedAdaptive', 'Scheduler': 'FrFcfsGrp', 'SchedulerBuffer': 'Bankwise', 'RequestBufferSize': 1, 'RespQueue': 'Reorder', 'RefreshPolicy': 'AllBank', 'RefreshMaxPostponed': 1, 'RefreshMaxPulledin': 8, 'Arbiter': 'Reorder', 'MaxActiveTransactions': 1}",[[14.238645  0.57861  24.608315]]
2.3282344,"{'PagePolicy': 'ClosedAdaptive', 'Scheduler': 'FrFcfs', 'SchedulerBuffer': 'Bankwise', 'RequestBufferSize': 7, 'RespQueue': 'Reorder', 'RefreshPolicy': 'AllBank', 'RefreshMaxPostponed': 5, 'RefreshMaxPulledin': 6, 'Arbiter': 'Reorder', 'MaxActiveTransactions': 75}",[[14.030771  0.57049  24.594284]]
2.3282344,"{'PagePolicy': 'ClosedAdaptive', 'Scheduler': 'FrFcfs', 'SchedulerBuffer': 'Bankwise', 'RequestBufferSize': 7, 'RespQueue': 'Reorder', 'RefreshPolicy': 'AllBank', 'RefreshMaxPostponed': 5, 'RefreshMaxPulledin': 6, 'Arbiter': 'Reorder', 'MaxActiveTransactions': 75}",[[14.030771  0.57049  24.594284]]
2.3730986,"{'PagePolicy': 'Closed', 'Scheduler': 'FrFcfsGrp', 'SchedulerBuffer': 'Bankwise', 'RequestBufferSize': 1, 'RespQueue': 'Reorder', 'RefreshPolicy': 'AllBank', 'RefreshMaxPostponed': 1, 'RefreshMaxPulledin': 8, 'Arbiter': 'Simple', 'MaxActiveTransactions': 1}",[[14.237249    0.57861     0.02460573]]
2.3730986,"{'PagePolicy': 'Closed', 'Scheduler': 'FrFcfsGrp', 'SchedulerBuffer': 'Bankwise', 'RequestBufferSize': 1, 'RespQueue': 'Reorder', 'RefreshPolicy': 'AllBank', 'RefreshMaxPostponed': 1, 'RefreshMaxPulledin': 8, 'Arbiter': 'Simple', 'MaxActiveTransactions': 1}",[[14.237249    0.57861     0.02460573]]
2.3367217,"{'PagePolicy': 'Open', 'Scheduler': 'FrFcfsGrp', 'SchedulerBuffer': 'Bankwise', 'RequestBufferSize': 1, 'RespQueue': 'Reorder', 'RefreshPolicy': 'AllBank', 'RefreshMaxPostponed': 1, 'RefreshMaxPulledin': 5, 'Arbiter': 'Fifo', 'MaxActiveTransactions': 1}",[[14.075828  0.57205  24.605793]]
2.3367217,"{'PagePolicy': 'Open', 'Scheduler': 'FrFcfsGrp', 'SchedulerBuffer': 'Bankwise', 'RequestBufferSize': 1, 'RespQueue': 'Reorder', 'RefreshPolicy': 'AllBank', 'RefreshMaxPostponed': 1, 'RefreshMaxPulledin': 5, 'Arbiter': 'Fifo', 'MaxActiveTransactions': 1}",[[14.075828  0.57205  24.605793]]
2.3368309,"{'PagePolicy': 'OpenAdaptive', 'Scheduler': 'FrFcfsGrp', 'SchedulerBuffer': 'ReadWrite', 'RequestBufferSize': 1, 'RespQueue': 'Reorder', 'RefreshPolicy': 'AllBank', 'RefreshMaxPostponed': 6, 'RefreshMaxPulledin': 8, 'Arbiter': 'Simple', 'MaxActiveTransactions': 2}",[[14.074213    0.57207     0.02460242]]
2.3368309,"{'PagePolicy': 'OpenAdaptive', 'Scheduler': 'FrFcfsGrp', 'SchedulerBuffer': 'ReadWrite', 'RequestBufferSize': 1, 'RespQueue': 'Reorder', 'RefreshPolicy': 'AllBank', 'RefreshMaxPostponed': 6, 'RefreshMaxPulledin': 8, 'Arbiter': 'Simple', 'MaxActiveTransactions': 2}",[[14.074213    0.57207     0.02460242]]
2.3366125,"{'PagePolicy': 'OpenAdaptive', 'Scheduler': 'Fifo', 'SchedulerBuffer': 'Shared', 'RequestBufferSize': 1, 'RespQueue': 'Fifo', 'RefreshPolicy': 'AllBank', 'RefreshMaxPostponed': 4, 'RefreshMaxPulledin': 1, 'Arbiter': 'Fifo', 'MaxActiveTransactions': 1}",[[14.075168  0.57203  24.605793]]
2.3366125,"{'PagePolicy': 'OpenAdaptive', 'Scheduler': 'Fifo', 'SchedulerBuffer': 'Shared', 'RequestBufferSize': 1, 'RespQueue': 'Fifo', 'RefreshPolicy': 'AllBank', 'RefreshMaxPostponed': 4, 'RefreshMaxPulledin': 1, 'Arbiter': 'Fifo', 'MaxActiveTransactions': 1}",[[14.075168  0.57203  24.605793]]
2.372817,"{'PagePolicy': 'Closed', 'Scheduler': 'FrFcfsGrp', 'SchedulerBuffer': 'Bankwise', 'RequestBufferSize': 8, 'RespQueue': 'Reorder', 'RefreshPolicy': 'AllBank', 'RefreshMaxPostponed': 8, 'RefreshMaxPulledin': 1, 'Arbiter': 'Fifo', 'MaxActiveTransactions': 1}",[[14.23749   0.57856  24.608315]]
2.372817,"{'PagePolicy': 'Closed', 'Scheduler': 'FrFcfsGrp', 'SchedulerBuffer': 'Bankwise', 'RequestBufferSize': 8, 'RespQueue': 'Reorder', 'RefreshPolicy': 'AllBank', 'RefreshMaxPostponed': 8, 'RefreshMaxPulledin': 1, 'Arbiter': 'Fifo', 'MaxActiveTransactions': 1}",[[14.23749   0.57856  24.608315]]
2.3731549,"{'PagePolicy': 'Closed', 'Scheduler': 'FrFcfs', 'SchedulerBuffer': 'Bankwise', 'RequestBufferSize': 5, 'RespQueue': 'Fifo', 'RefreshPolicy': 'AllBank', 'RefreshMaxPostponed': 3, 'RefreshMaxPulledin': 8, 'Arbiter': 'Simple', 'MaxActiveTransactions': 126}",[[14.233951    0.57862     0.02459963]]
2.3731549,"{'PagePolicy': 'Closed', 'Scheduler': 'FrFcfs', 'SchedulerBuffer': 'Bankwise', 'RequestBufferSize': 5, 'RespQueue': 'Fifo', 'RefreshPolicy': 'AllBank', 'RefreshMaxPostponed': 3, 'RefreshMaxPulledin': 8, 'Arbiter': 'Simple', 'MaxActiveTransactions': 126}",[[14.233951    0.57862     0.02459963]]
2.3368309,"{'PagePolicy': 'OpenAdaptive', 'Scheduler': 'FrFcfsGrp', 'SchedulerBuffer': 'Bankwise', 'RequestBufferSize': 1, 'RespQueue': 'Reorder', 'RefreshPolicy': 'AllBank', 'RefreshMaxPostponed': 8, 'RefreshMaxPulledin': 8, 'Arbiter': 'Simple', 'MaxActiveTransactions': 1}",[[14.074213    0.57207     0.02460242]]
2.3368309,"{'PagePolicy': 'OpenAdaptive', 'Scheduler': 'FrFcfsGrp', 'SchedulerBuffer': 'Bankwise', 'RequestBufferSize': 1, 'RespQueue': 'Reorder', 'RefreshPolicy': 'AllBank', 'RefreshMaxPostponed': 8, 'RefreshMaxPulledin': 8, 'Arbiter': 'Simple', 'MaxActiveTransactions': 1}",[[14.074213    0.57207     0.02460242]]
2.3730986,"{'PagePolicy': 'Closed', 'Scheduler': 'FrFcfs', 'SchedulerBuffer': 'Bankwise', 'RequestBufferSize': 1, 'RespQueue': 'Fifo', 'RefreshPolicy': 'AllBank', 'RefreshMaxPostponed': 1, 'RefreshMaxPulledin': 8, 'Arbiter': 'Simple', 'MaxActiveTransactions': 6}",[[14.237249    0.57861     0.02460573]]
2.3730986,"{'PagePolicy': 'Closed', 'Scheduler': 'FrFcfs', 'SchedulerBuffer': 'Bankwise', 'RequestBufferSize': 1, 'RespQueue': 'Fifo', 'RefreshPolicy': 'AllBank', 'RefreshMaxPostponed': 1, 'RefreshMaxPulledin': 8, 'Arbiter': 'Simple', 'MaxActiveTransactions': 6}",[[14.237249    0.57861     0.02460573]]
2.3368309,"{'PagePolicy': 'Open', 'Scheduler': 'FrFcfsGrp', 'SchedulerBuffer': 'Bankwise', 'RequestBufferSize': 1, 'RespQueue': 'Reorder', 'RefreshPolicy': 'AllBank', 'RefreshMaxPostponed': 1, 'RefreshMaxPulledin': 8, 'Arbiter': 'Simple', 'MaxActiveTransactions': 1}",[[14.074213    0.57207     0.02460242]]
2.3368309,"{'PagePolicy': 'Open', 'Scheduler': 'FrFcfsGrp', 'SchedulerBuffer': 'Bankwise', 'RequestBufferSize': 1, 'RespQueue': 'Reorder', 'RefreshPolicy': 'AllBank', 'RefreshMaxPostponed': 1, 'RefreshMaxPulledin': 8, 'Arbiter': 'Simple', 'MaxActiveTransactions': 1}",[[14.074213    0.57207     0.02460242]]
2.3730986,"{'PagePolicy': 'Closed', 'Scheduler': 'FrFcfsGrp', 'SchedulerBuffer': 'Bankwise', 'RequestBufferSize': 1, 'RespQueue': 'Reorder', 'RefreshPolicy': 'AllBank', 'RefreshMaxPostponed': 8, 'RefreshMaxPulledin': 8, 'Arbiter': 'Fifo', 'MaxActiveTransactions': 1}",[[14.238645  0.57861  24.608315]]
2.3730986,"{'PagePolicy': 'Closed', 'Scheduler': 'FrFcfsGrp', 'SchedulerBuffer': 'Bankwise', 'RequestBufferSize': 1, 'RespQueue': 'Reorder', 'RefreshPolicy': 'AllBank', 'RefreshMaxPostponed': 8, 'RefreshMaxPulledin': 8, 'Arbiter': 'Fifo', 'MaxActiveTransactions': 1}",[[14.238645  0.57861  24.608315]]
2.3730986,"{'PagePolicy': 'ClosedAdaptive', 'Scheduler': 'FrFcfsGrp', 'SchedulerBuffer': 'Bankwise', 'RequestBufferSize': 1, 'RespQueue': 'Reorder', 'RefreshPolicy': 'AllBank', 'RefreshMaxPostponed': 3, 'RefreshMaxPulledin': 8, 'Arbiter': 'Simple', 'MaxActiveTransactions': 1}",[[14.237249    0.57861     0.02460573]]
2.3730986,"{'PagePolicy': 'ClosedAdaptive', 'Scheduler': 'FrFcfsGrp', 'SchedulerBuffer': 'Bankwise', 'RequestBufferSize': 1, 'RespQueue': 'Reorder', 'RefreshPolicy': 'AllBank', 'RefreshMaxPostponed': 3, 'RefreshMaxPulledin': 8, 'Arbiter': 'Simple', 'MaxActiveTransactions': 1}",[[14.237249    0.57861     0.02460573]]
2.3368309,"{'PagePolicy': 'OpenAdaptive', 'Scheduler': 'FrFcfsGrp', 'SchedulerBuffer': 'Bankwise', 'RequestBufferSize': 1, 'RespQueue': 'Reorder', 'RefreshPolicy': 'AllBank', 'RefreshMaxPostponed': 1, 'RefreshMaxPulledin': 8, 'Arbiter': 'Simple', 'MaxActiveTransactions': 1}",[[14.074213    0.57207     0.02460242]]
2.3368309,"{'PagePolicy': 'OpenAdaptive', 'Scheduler': 'FrFcfsGrp', 'SchedulerBuffer': 'Bankwise', 'RequestBufferSize': 1, 'RespQueue': 'Reorder', 'RefreshPolicy': 'AllBank', 'RefreshMaxPostponed': 1, 'RefreshMaxPulledin': 8, 'Arbiter': 'Simple', 'MaxActiveTransactions': 1}",[[14.074213    0.57207     0.02460242]]
2.3730986,"{'PagePolicy': 'ClosedAdaptive', 'Scheduler': 'FrFcfsGrp', 'SchedulerBuffer': 'Bankwise', 'RequestBufferSize': 1, 'RespQueue': 'Reorder', 'RefreshPolicy': 'AllBank', 'RefreshMaxPostponed': 8, 'RefreshMaxPulledin': 8, 'Arbiter': 'Simple', 'MaxActiveTransactions': 1}",[[14.237249    0.57861     0.02460573]]
2.3730986,"{'PagePolicy': 'ClosedAdaptive', 'Scheduler': 'FrFcfsGrp', 'SchedulerBuffer': 'Bankwise', 'RequestBufferSize': 1, 'RespQueue': 'Reorder', 'RefreshPolicy': 'AllBank', 'RefreshMaxPostponed': 8, 'RefreshMaxPulledin': 8, 'Arbiter': 'Simple', 'MaxActiveTransactions': 1}",[[14.237249    0.57861     0.02460573]]
2.3730986,"{'PagePolicy': 'ClosedAdaptive', 'Scheduler': 'FrFcfsGrp', 'SchedulerBuffer': 'Bankwise', 'RequestBufferSize': 1, 'RespQueue': 'Reorder', 'RefreshPolicy': 'AllBank', 'RefreshMaxPostponed': 5, 'RefreshMaxPulledin': 8, 'Arbiter': 'Simple', 'MaxActiveTransactions': 1}",[[14.237249    0.57861     0.02460573]]
2.3730986,"{'PagePolicy': 'ClosedAdaptive', 'Scheduler': 'FrFcfsGrp', 'SchedulerBuffer': 'Bankwise', 'RequestBufferSize': 1, 'RespQueue': 'Reorder', 'RefreshPolicy': 'AllBank', 'RefreshMaxPostponed': 5, 'RefreshMaxPulledin': 8, 'Arbiter': 'Simple', 'MaxActiveTransactions': 1}",[[14.237249    0.57861     0.02460573]]
2.3730986,"{'PagePolicy': 'Closed', 'Scheduler': 'FrFcfsGrp', 'SchedulerBuffer': 'Bankwise', 'RequestBufferSize': 1, 'RespQueue': 'Reorder', 'RefreshPolicy': 'AllBank', 'RefreshMaxPostponed': 8, 'RefreshMaxPulledin': 8, 'Arbiter': 'Simple', 'MaxActiveTransactions': 1}",[[14.237249    0.57861     0.02460573]]
2.3730986,"{'PagePolicy': 'Closed', 'Scheduler': 'FrFcfsGrp', 'SchedulerBuffer': 'Bankwise', 'RequestBufferSize': 1, 'RespQueue': 'Reorder', 'RefreshPolicy': 'AllBank', 'RefreshMaxPostponed': 8, 'RefreshMaxPulledin': 8, 'Arbiter': 'Simple', 'MaxActiveTransactions': 1}",[[14.237249    0.57861     0.02460573]]
2.3730986,"{'PagePolicy': 'Closed', 'Scheduler': 'FrFcfsGrp', 'SchedulerBuffer': 'Bankwise', 'RequestBufferSize': 1, 'RespQueue': 'Reorder', 'RefreshPolicy': 'AllBank', 'RefreshMaxPostponed': 7, 'RefreshMaxPulledin': 8, 'Arbiter': 'Reorder', 'MaxActiveTransactions': 1}",[[14.238645  0.57861  24.608315]]
2.3730986,"{'PagePolicy': 'Closed', 'Scheduler': 'FrFcfsGrp', 'SchedulerBuffer': 'Bankwise', 'RequestBufferSize': 1, 'RespQueue': 'Reorder', 'RefreshPolicy': 'AllBank', 'RefreshMaxPostponed': 7, 'RefreshMaxPulledin': 8, 'Arbiter': 'Reorder', 'MaxActiveTransactions': 1}",[[14.238645  0.57861  24.608315]]
2.3730986,"{'PagePolicy': 'Closed', 'Scheduler': 'FrFcfsGrp', 'SchedulerBuffer': 'Bankwise', 'RequestBufferSize': 1, 'RespQueue': 'Reorder', 'RefreshPolicy': 'AllBank', 'RefreshMaxPostponed': 7, 'RefreshMaxPulledin': 8, 'Arbiter': 'Simple', 'MaxActiveTransactions': 1}",[[14.237249    0.57861     0.02460573]]
2.3730986,"{'PagePolicy': 'Closed', 'Scheduler': 'FrFcfsGrp', 'SchedulerBuffer': 'Bankwise', 'RequestBufferSize': 1, 'RespQueue': 'Reorder', 'RefreshPolicy': 'AllBank', 'RefreshMaxPostponed': 7, 'RefreshMaxPulledin': 8, 'Arbiter': 'Simple', 'MaxActiveTransactions': 1}",[[14.237249    0.57861     0.02460573]]
2.3730986,"{'PagePolicy': 'Closed', 'Scheduler': 'FrFcfsGrp', 'SchedulerBuffer': 'Bankwise', 'RequestBufferSize': 1, 'RespQueue': 'Reorder', 'RefreshPolicy': 'AllBank', 'RefreshMaxPostponed': 6, 'RefreshMaxPulledin': 8, 'Arbiter': 'Simple', 'MaxActiveTransactions': 1}",[[14.237249    0.57861     0.02460573]]
2.3730986,"{'PagePolicy': 'Closed', 'Scheduler': 'FrFcfsGrp', 'SchedulerBuffer': 'Bankwise', 'RequestBufferSize': 1, 'RespQueue': 'Reorder', 'RefreshPolicy': 'AllBank', 'RefreshMaxPostponed': 6, 'RefreshMaxPulledin': 8, 'Arbiter': 'Simple', 'MaxActiveTransactions': 1}",[[14.237249    0.57861     0.02460573]]
2.3730986,"{'PagePolicy': 'Closed', 'Scheduler': 'FrFcfsGrp', 'SchedulerBuffer': 'Bankwise', 'RequestBufferSize': 1, 'RespQueue': 'Reorder', 'RefreshPolicy': 'AllBank', 'RefreshMaxPostponed': 7, 'RefreshMaxPulledin': 8, 'Arbiter': 'Fifo', 'MaxActiveTransactions': 1}",[[14.238645  0.57861  24.608315]]
2.3730986,"{'PagePolicy': 'Closed', 'Scheduler': 'FrFcfsGrp', 'SchedulerBuffer': 'Bankwise', 'RequestBufferSize': 1, 'RespQueue': 'Reorder', 'RefreshPolicy': 'AllBank', 'RefreshMaxPostponed': 7, 'RefreshMaxPulledin': 8, 'Arbiter': 'Fifo', 'MaxActiveTransactions': 1}",[[14.238645  0.57861  24.608315]]
2.2595806,"{'PagePolicy': 'Closed', 'Scheduler': 'FrFcfsGrp', 'SchedulerBuffer': 'ReadWrite', 'RequestBufferSize': 5, 'RespQueue': 'Fifo', 'RefreshPolicy': 'NoRefresh', 'RefreshMaxPostponed': 4, 'RefreshMaxPulledin': 3, 'Arbiter': 'Simple', 'MaxActiveTransactions': 113}",[[13.712473  0.55744  24.599182]]
2.2595806,"{'PagePolicy': 'Closed', 'Scheduler': 'FrFcfsGrp', 'SchedulerBuffer': 'ReadWrite', 'RequestBufferSize': 5, 'RespQueue': 'Fifo', 'RefreshPolicy': 'NoRefresh', 'RefreshMaxPostponed': 4, 'RefreshMaxPulledin': 3, 'Arbiter': 'Simple', 'MaxActiveTransactions': 113}",[[13.712473  0.55744  24.599182]]
2.3730986,"{'PagePolicy': 'Closed', 'Scheduler': 'FrFcfsGrp', 'SchedulerBuffer': 'Bankwise', 'RequestBufferSize': 1, 'RespQueue': 'Reorder', 'RefreshPolicy': 'AllBank', 'RefreshMaxPostponed': 6, 'RefreshMaxPulledin': 8, 'Arbiter': 'Reorder', 'MaxActiveTransactions': 1}",[[14.238645  0.57861  24.608315]]
2.3730986,"{'PagePolicy': 'Closed', 'Scheduler': 'FrFcfsGrp', 'SchedulerBuffer': 'Bankwise', 'RequestBufferSize': 1, 'RespQueue': 'Reorder', 'RefreshPolicy': 'AllBank', 'RefreshMaxPostponed': 6, 'RefreshMaxPulledin': 8, 'Arbiter': 'Reorder', 'MaxActiveTransactions': 1}",[[14.238645  0.57861  24.608315]]
2.3730986,"{'PagePolicy': 'ClosedAdaptive', 'Scheduler': 'FrFcfsGrp', 'SchedulerBuffer': 'Bankwise', 'RequestBufferSize': 1, 'RespQueue': 'Reorder', 'RefreshPolicy': 'AllBank', 'RefreshMaxPostponed': 6, 'RefreshMaxPulledin': 8, 'Arbiter': 'Simple', 'MaxActiveTransactions': 1}",[[14.237249    0.57861     0.02460573]]
2.3730986,"{'PagePolicy': 'ClosedAdaptive', 'Scheduler': 'FrFcfsGrp', 'SchedulerBuffer': 'Bankwise', 'RequestBufferSize': 1, 'RespQueue': 'Reorder', 'RefreshPolicy': 'AllBank', 'RefreshMaxPostponed': 6, 'RefreshMaxPulledin': 8, 'Arbiter': 'Simple', 'MaxActiveTransactions': 1}",[[14.237249    0.57861     0.02460573]]
2.317712,"{'PagePolicy': 'OpenAdaptive', 'Scheduler': 'FrFcfsGrp', 'SchedulerBuffer': 'ReadWrite', 'RequestBufferSize': 3, 'RespQueue': 'Reorder', 'RefreshPolicy': 'AllBank', 'RefreshMaxPostponed': 4, 'RefreshMaxPulledin': 6, 'Arbiter': 'Fifo', 'MaxActiveTransactions': 108}",[[13.982929  0.56854  24.59426 ]]
2.317712,"{'PagePolicy': 'OpenAdaptive', 'Scheduler': 'FrFcfsGrp', 'SchedulerBuffer': 'ReadWrite', 'RequestBufferSize': 3, 'RespQueue': 'Reorder', 'RefreshPolicy': 'AllBank', 'RefreshMaxPostponed': 4, 'RefreshMaxPulledin': 6, 'Arbiter': 'Fifo', 'MaxActiveTransactions': 108}",[[13.982929  0.56854  24.59426 ]]
2.2072618,"{'PagePolicy': 'OpenAdaptive', 'Scheduler': 'FrFcfsGrp', 'SchedulerBuffer': 'Bankwise', 'RequestBufferSize': 5, 'RespQueue': 'Reorder', 'RefreshPolicy': 'NoRefresh', 'RefreshMaxPostponed': 4, 'RefreshMaxPulledin': 4, 'Arbiter': 'Fifo', 'MaxActiveTransactions': 109}",[[13.451879  0.54695  24.59426 ]]
2.2072618,"{'PagePolicy': 'OpenAdaptive', 'Scheduler': 'FrFcfsGrp', 'SchedulerBuffer': 'Bankwise', 'RequestBufferSize': 5, 'RespQueue': 'Reorder', 'RefreshPolicy': 'NoRefresh', 'RefreshMaxPostponed': 4, 'RefreshMaxPulledin': 4, 'Arbiter': 'Fifo', 'MaxActiveTransactions': 109}",[[13.451879  0.54695  24.59426 ]]
2.3728733,"{'PagePolicy': 'ClosedAdaptive', 'Scheduler': 'FrFcfs', 'SchedulerBuffer': 'Shared', 'RequestBufferSize': 1, 'RespQueue': 'Reorder', 'RefreshPolicy': 'AllBank', 'RefreshMaxPostponed': 3, 'RefreshMaxPulledin': 1, 'Arbiter': 'Simple', 'MaxActiveTransactions': 128}",[[14.236094    0.57857     0.02460573]]
2.3728733,"{'PagePolicy': 'ClosedAdaptive', 'Scheduler': 'FrFcfs', 'SchedulerBuffer': 'Shared', 'RequestBufferSize': 1, 'RespQueue': 'Reorder', 'RefreshPolicy': 'AllBank', 'RefreshMaxPostponed': 3, 'RefreshMaxPulledin': 1, 'Arbiter': 'Simple', 'MaxActiveTransactions': 128}",[[14.236094    0.57857     0.02460573]]
2.3728733,"{'PagePolicy': 'ClosedAdaptive', 'Scheduler': 'FrFcfsGrp', 'SchedulerBuffer': 'Bankwise', 'RequestBufferSize': 1, 'RespQueue': 'Fifo', 'RefreshPolicy': 'AllBank', 'RefreshMaxPostponed': 3, 'RefreshMaxPulledin': 1, 'Arbiter': 'Simple', 'MaxActiveTransactions': 128}",[[14.236094    0.57857     0.02460573]]
2.3728733,"{'PagePolicy': 'ClosedAdaptive', 'Scheduler': 'FrFcfsGrp', 'SchedulerBuffer': 'Bankwise', 'RequestBufferSize': 1, 'RespQueue': 'Fifo', 'RefreshPolicy': 'AllBank', 'RefreshMaxPostponed': 3, 'RefreshMaxPulledin': 1, 'Arbiter': 'Simple', 'MaxActiveTransactions': 128}",[[14.236094    0.57857     0.02460573]]
2.3730986,"{'PagePolicy': 'Closed', 'Scheduler': 'Fifo', 'SchedulerBuffer': 'Bankwise', 'RequestBufferSize': 1, 'RespQueue': 'Reorder', 'RefreshPolicy': 'AllBank', 'RefreshMaxPostponed': 1, 'RefreshMaxPulledin': 8, 'Arbiter': 'Simple', 'MaxActiveTransactions': 1}",[[14.237249    0.57861     0.02460573]]
2.3730986,"{'PagePolicy': 'Closed', 'Scheduler': 'Fifo', 'SchedulerBuffer': 'Bankwise', 'RequestBufferSize': 1, 'RespQueue': 'Reorder', 'RefreshPolicy': 'AllBank', 'RefreshMaxPostponed': 1, 'RefreshMaxPulledin': 8, 'Arbiter': 'Simple', 'MaxActiveTransactions': 1}",[[14.237249    0.57861     0.02460573]]
2.3497345,"{'PagePolicy': 'ClosedAdaptive', 'Scheduler': 'FrFcfsGrp', 'SchedulerBuffer': 'Bankwise', 'RequestBufferSize': 2, 'RespQueue': 'Reorder', 'RefreshPolicy': 'AllBank', 'RefreshMaxPostponed': 6, 'RefreshMaxPulledin': 7, 'Arbiter': 'Simple', 'MaxActiveTransactions': 1}",[[14.129618  0.57442  24.597904]]
2.3497345,"{'PagePolicy': 'ClosedAdaptive', 'Scheduler': 'FrFcfsGrp', 'SchedulerBuffer': 'Bankwise', 'RequestBufferSize': 2, 'RespQueue': 'Reorder', 'RefreshPolicy': 'AllBank', 'RefreshMaxPostponed': 6, 'RefreshMaxPulledin': 7, 'Arbiter': 'Simple', 'MaxActiveTransactions': 1}",[[14.129618  0.57442  24.597904]]
2.3730986,"{'PagePolicy': 'Closed', 'Scheduler': 'FrFcfsGrp', 'SchedulerBuffer': 'Shared', 'RequestBufferSize': 1, 'RespQueue': 'Reorder', 'RefreshPolicy': 'AllBank', 'RefreshMaxPostponed': 1, 'RefreshMaxPulledin': 8, 'Arbiter': 'Reorder', 'MaxActiveTransactions': 1}",[[14.238645  0.57861  24.608315]]
2.3730986,"{'PagePolicy': 'Closed', 'Scheduler': 'FrFcfsGrp', 'SchedulerBuffer': 'Shared', 'RequestBufferSize': 1, 'RespQueue': 'Reorder', 'RefreshPolicy': 'AllBank', 'RefreshMaxPostponed': 1, 'RefreshMaxPulledin': 8, 'Arbiter': 'Reorder', 'MaxActiveTransactions': 1}",[[14.238645  0.57861  24.608315]]
2.3730986,"{'PagePolicy': 'ClosedAdaptive', 'Scheduler': 'FrFcfsGrp', 'SchedulerBuffer': 'Shared', 'RequestBufferSize': 1, 'RespQueue': 'Reorder', 'RefreshPolicy': 'AllBank', 'RefreshMaxPostponed': 8, 'RefreshMaxPulledin': 7, 'Arbiter': 'Simple', 'MaxActiveTransactions': 1}",[[14.237084    0.57861     0.02460573]]
2.3730986,"{'PagePolicy': 'ClosedAdaptive', 'Scheduler': 'FrFcfsGrp', 'SchedulerBuffer': 'Shared', 'RequestBufferSize': 1, 'RespQueue': 'Reorder', 'RefreshPolicy': 'AllBank', 'RefreshMaxPostponed': 8, 'RefreshMaxPulledin': 7, 'Arbiter': 'Simple', 'MaxActiveTransactions': 1}",[[14.237084    0.57861     0.02460573]]
2.3730986,"{'PagePolicy': 'ClosedAdaptive', 'Scheduler': 'FrFcfsGrp', 'SchedulerBuffer': 'Shared', 'RequestBufferSize': 1, 'RespQueue': 'Reorder', 'RefreshPolicy': 'AllBank', 'RefreshMaxPostponed': 4, 'RefreshMaxPulledin': 8, 'Arbiter': 'Reorder', 'MaxActiveTransactions': 5}",[[14.237249    0.57861     0.02460573]]
2.3730986,"{'PagePolicy': 'ClosedAdaptive', 'Scheduler': 'FrFcfsGrp', 'SchedulerBuffer': 'Shared', 'RequestBufferSize': 1, 'RespQueue': 'Reorder', 'RefreshPolicy': 'AllBank', 'RefreshMaxPostponed': 4, 'RefreshMaxPulledin': 8, 'Arbiter': 'Reorder', 'MaxActiveTransactions': 5}",[[14.237249    0.57861     0.02460573]]
2.3732111,"{'PagePolicy': 'Closed', 'Scheduler': 'FrFcfs', 'SchedulerBuffer': 'Shared', 'RequestBufferSize': 8, 'RespQueue': 'Reorder', 'RefreshPolicy': 'AllBank', 'RefreshMaxPostponed': 3, 'RefreshMaxPulledin': 8, 'Arbiter': 'Simple', 'MaxActiveTransactions': 83}",[[14.233554  0.57863  24.598907]]
2.3732111,"{'PagePolicy': 'Closed', 'Scheduler': 'FrFcfs', 'SchedulerBuffer': 'Shared', 'RequestBufferSize': 8, 'RespQueue': 'Reorder', 'RefreshPolicy': 'AllBank', 'RefreshMaxPostponed': 3, 'RefreshMaxPulledin': 8, 'Arbiter': 'Simple', 'MaxActiveTransactions': 83}",[[14.233554  0.57863  24.598907]]
2.3731549,"{'PagePolicy': 'Closed', 'Scheduler': 'Fifo', 'SchedulerBuffer': 'Shared', 'RequestBufferSize': 8, 'RespQueue': 'Reorder', 'RefreshPolicy': 'AllBank', 'RefreshMaxPostponed': 5, 'RefreshMaxPulledin': 7, 'Arbiter': 'Simple', 'MaxActiveTransactions': 91}",[[14.233389  0.57862  24.598907]]
2.3731549,"{'PagePolicy': 'Closed', 'Scheduler': 'Fifo', 'SchedulerBuffer': 'Shared', 'RequestBufferSize': 8, 'RespQueue': 'Reorder', 'RefreshPolicy': 'AllBank', 'RefreshMaxPostponed': 5, 'RefreshMaxPulledin': 7, 'Arbiter': 'Simple', 'MaxActiveTransactions': 91}",[[14.233389  0.57862  24.598907]]
2.3732111,"{'PagePolicy': 'Closed', 'Scheduler': 'FrFcfs', 'SchedulerBuffer': 'Shared', 'RequestBufferSize': 8, 'RespQueue': 'Fifo', 'RefreshPolicy': 'AllBank', 'RefreshMaxPostponed': 2, 'RefreshMaxPulledin': 8, 'Arbiter': 'Simple', 'MaxActiveTransactions': 49}",[[14.233554  0.57863  24.598896]]
2.3732111,"{'PagePolicy': 'Closed', 'Scheduler': 'FrFcfs', 'SchedulerBuffer': 'Shared', 'RequestBufferSize': 8, 'RespQueue': 'Fifo', 'RefreshPolicy': 'AllBank', 'RefreshMaxPostponed': 2, 'RefreshMaxPulledin': 8, 'Arbiter': 'Simple', 'MaxActiveTransactions': 49}",[[14.233554  0.57863  24.598896]]
2.3731549,"{'PagePolicy': 'Closed', 'Scheduler': 'FrFcfsGrp', 'SchedulerBuffer': 'Bankwise', 'RequestBufferSize': 3, 'RespQueue': 'Fifo', 'RefreshPolicy': 'AllBank', 'RefreshMaxPostponed': 1, 'RefreshMaxPulledin': 8, 'Arbiter': 'Simple', 'MaxActiveTransactions': 1}",[[14.234803  0.57862  24.601198]]
2.3731549,"{'PagePolicy': 'Closed', 'Scheduler': 'FrFcfsGrp', 'SchedulerBuffer': 'Bankwise', 'RequestBufferSize': 3, 'RespQueue': 'Fifo', 'RefreshPolicy': 'AllBank', 'RefreshMaxPostponed': 1, 'RefreshMaxPulledin': 8, 'Arbiter': 'Simple', 'MaxActiveTransactions': 1}",[[14.234803  0.57862  24.601198]]
2.2057526,"{'PagePolicy': 'Open', 'Scheduler': 'FrFcfs', 'SchedulerBuffer': 'Shared', 'RequestBufferSize': 7, 'RespQueue': 'Reorder', 'RefreshPolicy': 'NoRefresh', 'RefreshMaxPostponed': 5, 'RefreshMaxPulledin': 2, 'Arbiter': 'Reorder', 'MaxActiveTransactions': 69}",[[13.444199  0.54664  24.59426 ]]
2.2057526,"{'PagePolicy': 'Open', 'Scheduler': 'FrFcfs', 'SchedulerBuffer': 'Shared', 'RequestBufferSize': 7, 'RespQueue': 'Reorder', 'RefreshPolicy': 'NoRefresh', 'RefreshMaxPostponed': 5, 'RefreshMaxPulledin': 2, 'Arbiter': 'Reorder', 'MaxActiveTransactions': 69}",[[13.444199  0.54664  24.59426 ]]
2.3728733,"{'PagePolicy': 'Closed', 'Scheduler': 'FrFcfsGrp', 'SchedulerBuffer': 'Bankwise', 'RequestBufferSize': 1, 'RespQueue': 'Reorder', 'RefreshPolicy': 'AllBank', 'RefreshMaxPostponed': 2, 'RefreshMaxPulledin': 1, 'Arbiter': 'Simple', 'MaxActiveTransactions': 63}",[[14.236094    0.57857     0.02460573]]
2.3728733,"{'PagePolicy': 'Closed', 'Scheduler': 'FrFcfsGrp', 'SchedulerBuffer': 'Bankwise', 'RequestBufferSize': 1, 'RespQueue': 'Reorder', 'RefreshPolicy': 'AllBank', 'RefreshMaxPostponed': 2, 'RefreshMaxPulledin': 1, 'Arbiter': 'Simple', 'MaxActiveTransactions': 63}",[[14.236094    0.57857     0.02460573]]
2.3730986,"{'PagePolicy': 'Closed', 'Scheduler': 'FrFcfsGrp', 'SchedulerBuffer': 'Shared', 'RequestBufferSize': 1, 'RespQueue': 'Reorder', 'RefreshPolicy': 'AllBank', 'RefreshMaxPostponed': 6, 'RefreshMaxPulledin': 8, 'Arbiter': 'Fifo', 'MaxActiveTransactions': 1}",[[14.238645  0.57861  24.608315]]
2.3730986,"{'PagePolicy': 'Closed', 'Scheduler': 'FrFcfsGrp', 'SchedulerBuffer': 'Shared', 'RequestBufferSize': 1, 'RespQueue': 'Reorder', 'RefreshPolicy': 'AllBank', 'RefreshMaxPostponed': 6, 'RefreshMaxPulledin': 8, 'Arbiter': 'Fifo', 'MaxActiveTransactions': 1}",[[14.238645  0.57861  24.608315]]
2.3728733,"{'PagePolicy': 'ClosedAdaptive', 'Scheduler': 'Fifo', 'SchedulerBuffer': 'Bankwise', 'RequestBufferSize': 1, 'RespQueue': 'Reorder', 'RefreshPolicy': 'AllBank', 'RefreshMaxPostponed': 6, 'RefreshMaxPulledin': 2, 'Arbiter': 'Simple', 'MaxActiveTransactions': 59}",[[14.236259    0.57857     0.02460573]]
2.3728733,"{'PagePolicy': 'ClosedAdaptive', 'Scheduler': 'Fifo', 'SchedulerBuffer': 'Bankwise', 'RequestBufferSize': 1, 'RespQueue': 'Reorder', 'RefreshPolicy': 'AllBank', 'RefreshMaxPostponed': 6, 'RefreshMaxPulledin': 2, 'Arbiter': 'Simple', 'MaxActiveTransactions': 59}",[[14.236259    0.57857     0.02460573]]
2.3728733,"{'PagePolicy': 'ClosedAdaptive', 'Scheduler': 'FrFcfsGrp', 'SchedulerBuffer': 'Bankwise', 'RequestBufferSize': 1, 'RespQueue': 'Reorder', 'RefreshPolicy': 'AllBank', 'RefreshMaxPostponed': 4, 'RefreshMaxPulledin': 1, 'Arbiter': 'Simple', 'MaxActiveTransactions': 56}",[[14.236094    0.57857     0.02460573]]
2.3728733,"{'PagePolicy': 'ClosedAdaptive', 'Scheduler': 'FrFcfsGrp', 'SchedulerBuffer': 'Bankwise', 'RequestBufferSize': 1, 'RespQueue': 'Reorder', 'RefreshPolicy': 'AllBank', 'RefreshMaxPostponed': 4, 'RefreshMaxPulledin': 1, 'Arbiter': 'Simple', 'MaxActiveTransactions': 56}",[[14.236094    0.57857     0.02460573]]
2.3730986,"{'PagePolicy': 'ClosedAdaptive', 'Scheduler': 'FrFcfsGrp', 'SchedulerBuffer': 'Shared', 'RequestBufferSize': 1, 'RespQueue': 'Reorder', 'RefreshPolicy': 'AllBank', 'RefreshMaxPostponed': 1, 'RefreshMaxPulledin': 8, 'Arbiter': 'Reorder', 'MaxActiveTransactions': 1}",[[14.238645  0.57861  24.608315]]
2.3730986,"{'PagePolicy': 'ClosedAdaptive', 'Scheduler': 'FrFcfsGrp', 'SchedulerBuffer': 'Shared', 'RequestBufferSize': 1, 'RespQueue': 'Reorder', 'RefreshPolicy': 'AllBank', 'RefreshMaxPostponed': 1, 'RefreshMaxPulledin': 8, 'Arbiter': 'Reorder', 'MaxActiveTransactions': 1}",[[14.238645  0.57861  24.608315]]
2.3730986,"{'PagePolicy': 'Closed', 'Scheduler': 'FrFcfsGrp', 'SchedulerBuffer': 'Shared', 'RequestBufferSize': 1, 'RespQueue': 'Fifo', 'RefreshPolicy': 'AllBank', 'RefreshMaxPostponed': 3, 'RefreshMaxPulledin': 8, 'Arbiter': 'Reorder', 'MaxActiveTransactions': 1}",[[14.238645  0.57861  24.608315]]
2.3730986,"{'PagePolicy': 'Closed', 'Scheduler': 'FrFcfsGrp', 'SchedulerBuffer': 'Shared', 'RequestBufferSize': 1, 'RespQueue': 'Fifo', 'RefreshPolicy': 'AllBank', 'RefreshMaxPostponed': 3, 'RefreshMaxPulledin': 8, 'Arbiter': 'Reorder', 'MaxActiveTransactions': 1}",[[14.238645  0.57861  24.608315]]
2.3730986,"{'PagePolicy': 'Closed', 'Scheduler': 'FrFcfsGrp', 'SchedulerBuffer': 'Shared', 'RequestBufferSize': 1, 'RespQueue': 'Fifo', 'RefreshPolicy': 'AllBank', 'RefreshMaxPostponed': 1, 'RefreshMaxPulledin': 8, 'Arbiter': 'Simple', 'MaxActiveTransactions': 128}",[[14.237249    0.57861     0.02460573]]
2.3730986,"{'PagePolicy': 'Closed', 'Scheduler': 'FrFcfsGrp', 'SchedulerBuffer': 'Shared', 'RequestBufferSize': 1, 'RespQueue': 'Fifo', 'RefreshPolicy': 'AllBank', 'RefreshMaxPostponed': 1, 'RefreshMaxPulledin': 8, 'Arbiter': 'Simple', 'MaxActiveTransactions': 128}",[[14.237249    0.57861     0.02460573]]
2.3731549,"{'PagePolicy': 'Closed', 'Scheduler': 'FrFcfsGrp', 'SchedulerBuffer': 'ReadWrite', 'RequestBufferSize': 5, 'RespQueue': 'Fifo', 'RefreshPolicy': 'AllBank', 'RefreshMaxPostponed': 5, 'RefreshMaxPulledin': 8, 'Arbiter': 'Fifo', 'MaxActiveTransactions': 10}",[[14.233719  0.57862  24.599201]]
2.3731549,"{'PagePolicy': 'Closed', 'Scheduler': 'FrFcfsGrp', 'SchedulerBuffer': 'ReadWrite', 'RequestBufferSize': 5, 'RespQueue': 'Fifo', 'RefreshPolicy': 'AllBank', 'RefreshMaxPostponed': 5, 'RefreshMaxPulledin': 8, 'Arbiter': 'Fifo', 'MaxActiveTransactions': 10}",[[14.233719  0.57862  24.599201]]
2.2595296,"{'PagePolicy': 'ClosedAdaptive', 'Scheduler': 'Fifo', 'SchedulerBuffer': 'ReadWrite', 'RequestBufferSize': 1, 'RespQueue': 'Fifo', 'RefreshPolicy': 'NoRefresh', 'RefreshMaxPostponed': 4, 'RefreshMaxPulledin': 8, 'Arbiter': 'Fifo', 'MaxActiveTransactions': 16}",[[13.716015    0.55743     0.02460573]]
2.2595296,"{'PagePolicy': 'ClosedAdaptive', 'Scheduler': 'Fifo', 'SchedulerBuffer': 'ReadWrite', 'RequestBufferSize': 1, 'RespQueue': 'Fifo', 'RefreshPolicy': 'NoRefresh', 'RefreshMaxPostponed': 4, 'RefreshMaxPulledin': 8, 'Arbiter': 'Fifo', 'MaxActiveTransactions': 16}",[[13.716015    0.55743     0.02460573]]
2.3730986,"{'PagePolicy': 'Closed', 'Scheduler': 'FrFcfsGrp', 'SchedulerBuffer': 'Shared', 'RequestBufferSize': 1, 'RespQueue': 'Reorder', 'RefreshPolicy': 'AllBank', 'RefreshMaxPostponed': 1, 'RefreshMaxPulledin': 8, 'Arbiter': 'Simple', 'MaxActiveTransactions': 124}",[[14.237249    0.57861     0.02460573]]
2.3730986,"{'PagePolicy': 'Closed', 'Scheduler': 'FrFcfsGrp', 'SchedulerBuffer': 'Shared', 'RequestBufferSize': 1, 'RespQueue': 'Reorder', 'RefreshPolicy': 'AllBank', 'RefreshMaxPostponed': 1, 'RefreshMaxPulledin': 8, 'Arbiter': 'Simple', 'MaxActiveTransactions': 124}",[[14.237249    0.57861     0.02460573]]
2.3730986,"{'PagePolicy': 'Closed', 'Scheduler': 'FrFcfsGrp', 'SchedulerBuffer': 'Shared', 'RequestBufferSize': 1, 'RespQueue': 'Reorder', 'RefreshPolicy': 'AllBank', 'RefreshMaxPostponed': 1, 'RefreshMaxPulledin': 8, 'Arbiter': 'Simple', 'MaxActiveTransactions': 128}",[[14.237249    0.57861     0.02460573]]
2.3730986,"{'PagePolicy': 'Closed', 'Scheduler': 'FrFcfsGrp', 'SchedulerBuffer': 'Shared', 'RequestBufferSize': 1, 'RespQueue': 'Reorder', 'RefreshPolicy': 'AllBank', 'RefreshMaxPostponed': 1, 'RefreshMaxPulledin': 8, 'Arbiter': 'Simple', 'MaxActiveTransactions': 128}",[[14.237249    0.57861     0.02460573]]
2.3730986,"{'PagePolicy': 'Closed', 'Scheduler': 'FrFcfsGrp', 'SchedulerBuffer': 'Shared', 'RequestBufferSize': 1, 'RespQueue': 'Reorder', 'RefreshPolicy': 'AllBank', 'RefreshMaxPostponed': 1, 'RefreshMaxPulledin': 8, 'Arbiter': 'Simple', 'MaxActiveTransactions': 1}",[[14.237249    0.57861     0.02460573]]
2.3730986,"{'PagePolicy': 'Closed', 'Scheduler': 'FrFcfsGrp', 'SchedulerBuffer': 'Shared', 'RequestBufferSize': 1, 'RespQueue': 'Reorder', 'RefreshPolicy': 'AllBank', 'RefreshMaxPostponed': 1, 'RefreshMaxPulledin': 8, 'Arbiter': 'Simple', 'MaxActiveTransactions': 1}",[[14.237249    0.57861     0.02460573]]
2.3730986,"{'PagePolicy': 'ClosedAdaptive', 'Scheduler': 'FrFcfsGrp', 'SchedulerBuffer': 'Shared', 'RequestBufferSize': 1, 'RespQueue': 'Fifo', 'RefreshPolicy': 'AllBank', 'RefreshMaxPostponed': 6, 'RefreshMaxPulledin': 8, 'Arbiter': 'Simple', 'MaxActiveTransactions': 17}",[[14.237249    0.57861     0.02460573]]
2.3730986,"{'PagePolicy': 'ClosedAdaptive', 'Scheduler': 'FrFcfsGrp', 'SchedulerBuffer': 'Shared', 'RequestBufferSize': 1, 'RespQueue': 'Fifo', 'RefreshPolicy': 'AllBank', 'RefreshMaxPostponed': 6, 'RefreshMaxPulledin': 8, 'Arbiter': 'Simple', 'MaxActiveTransactions': 17}",[[14.237249    0.57861     0.02460573]]
2.3730986,"{'PagePolicy': 'ClosedAdaptive', 'Scheduler': 'Fifo', 'SchedulerBuffer': 'Shared', 'RequestBufferSize': 1, 'RespQueue': 'Fifo', 'RefreshPolicy': 'AllBank', 'RefreshMaxPostponed': 8, 'RefreshMaxPulledin': 8, 'Arbiter': 'Simple', 'MaxActiveTransactions': 30}",[[14.237249    0.57861     0.02460573]]
2.3730986,"{'PagePolicy': 'ClosedAdaptive', 'Scheduler': 'Fifo', 'SchedulerBuffer': 'Shared', 'RequestBufferSize': 1, 'RespQueue': 'Fifo', 'RefreshPolicy': 'AllBank', 'RefreshMaxPostponed': 8, 'RefreshMaxPulledin': 8, 'Arbiter': 'Simple', 'MaxActiveTransactions': 30}",[[14.237249    0.57861     0.02460573]]
2.3730986,"{'PagePolicy': 'Closed', 'Scheduler': 'FrFcfs', 'SchedulerBuffer': 'Shared', 'RequestBufferSize': 1, 'RespQueue': 'Reorder', 'RefreshPolicy': 'AllBank', 'RefreshMaxPostponed': 4, 'RefreshMaxPulledin': 8, 'Arbiter': 'Simple', 'MaxActiveTransactions': 9}",[[14.237249    0.57861     0.02460573]]
2.3730986,"{'PagePolicy': 'Closed', 'Scheduler': 'FrFcfs', 'SchedulerBuffer': 'Shared', 'RequestBufferSize': 1, 'RespQueue': 'Reorder', 'RefreshPolicy': 'AllBank', 'RefreshMaxPostponed': 4, 'RefreshMaxPulledin': 8, 'Arbiter': 'Simple', 'MaxActiveTransactions': 9}",[[14.237249    0.57861     0.02460573]]
2.3730986,"{'PagePolicy': 'ClosedAdaptive', 'Scheduler': 'Fifo', 'SchedulerBuffer': 'Bankwise', 'RequestBufferSize': 1, 'RespQueue': 'Reorder', 'RefreshPolicy': 'AllBank', 'RefreshMaxPostponed': 2, 'RefreshMaxPulledin': 8, 'Arbiter': 'Simple', 'MaxActiveTransactions': 94}",[[14.237249    0.57861     0.02460573]]
2.3730986,"{'PagePolicy': 'ClosedAdaptive', 'Scheduler': 'Fifo', 'SchedulerBuffer': 'Bankwise', 'RequestBufferSize': 1, 'RespQueue': 'Reorder', 'RefreshPolicy': 'AllBank', 'RefreshMaxPostponed': 2, 'RefreshMaxPulledin': 8, 'Arbiter': 'Simple', 'MaxActiveTransactions': 94}",[[14.237249    0.57861     0.02460573]]
2.3730986,"{'PagePolicy': 'Closed', 'Scheduler': 'FrFcfsGrp', 'SchedulerBuffer': 'Shared', 'RequestBufferSize': 8, 'RespQueue': 'Reorder', 'RefreshPolicy': 'AllBank', 'RefreshMaxPostponed': 4, 'RefreshMaxPulledin': 8, 'Arbiter': 'Reorder', 'MaxActiveTransactions': 1}",[[14.238645  0.57861  24.608315]]
2.3730986,"{'PagePolicy': 'Closed', 'Scheduler': 'FrFcfsGrp', 'SchedulerBuffer': 'Shared', 'RequestBufferSize': 8, 'RespQueue': 'Reorder', 'RefreshPolicy': 'AllBank', 'RefreshMaxPostponed': 4, 'RefreshMaxPulledin': 8, 'Arbiter': 'Reorder', 'MaxActiveTransactions': 1}",[[14.238645  0.57861  24.608315]]
2.3729858,"{'PagePolicy': 'ClosedAdaptive', 'Scheduler': 'FrFcfsGrp', 'SchedulerBuffer': 'Shared', 'RequestBufferSize': 1, 'RespQueue': 'Reorder', 'RefreshPolicy': 'AllBank', 'RefreshMaxPostponed': 1, 'RefreshMaxPulledin': 5, 'Arbiter': 'Simple', 'MaxActiveTransactions': 128}",[[14.236754    0.57859     0.02460573]]
2.3729858,"{'PagePolicy': 'ClosedAdaptive', 'Scheduler': 'FrFcfsGrp', 'SchedulerBuffer': 'Shared', 'RequestBufferSize': 1, 'RespQueue': 'Reorder', 'RefreshPolicy': 'AllBank', 'RefreshMaxPostponed': 1, 'RefreshMaxPulledin': 5, 'Arbiter': 'Simple', 'MaxActiveTransactions': 128}",[[14.236754    0.57859     0.02460573]]
2.3731549,"{'PagePolicy': 'Closed', 'Scheduler': 'FrFcfsGrp', 'SchedulerBuffer': 'Shared', 'RequestBufferSize': 2, 'RespQueue': 'Fifo', 'RefreshPolicy': 'AllBank', 'RefreshMaxPostponed': 6, 'RefreshMaxPulledin': 8, 'Arbiter': 'Simple', 'MaxActiveTransactions': 1}",[[14.235781    0.57862     0.02460301]]
2.3731549,"{'PagePolicy': 'Closed', 'Scheduler': 'FrFcfsGrp', 'SchedulerBuffer': 'Shared', 'RequestBufferSize': 2, 'RespQueue': 'Fifo', 'RefreshPolicy': 'AllBank', 'RefreshMaxPostponed': 6, 'RefreshMaxPulledin': 8, 'Arbiter': 'Simple', 'MaxActiveTransactions': 1}",[[14.235781    0.57862     0.02460301]]
2.3730986,"{'PagePolicy': 'ClosedAdaptive', 'Scheduler': 'FrFcfsGrp', 'SchedulerBuffer': 'Shared', 'RequestBufferSize': 1, 'RespQueue': 'Fifo', 'RefreshPolicy': 'AllBank', 'RefreshMaxPostponed': 4, 'RefreshMaxPulledin': 8, 'Arbiter': 'Simple', 'MaxActiveTransactions': 1}",[[14.237249    0.57861     0.02460573]]
2.3730986,"{'PagePolicy': 'ClosedAdaptive', 'Scheduler': 'FrFcfsGrp', 'SchedulerBuffer': 'Shared', 'RequestBufferSize': 1, 'RespQueue': 'Fifo', 'RefreshPolicy': 'AllBank', 'RefreshMaxPostponed': 4, 'RefreshMaxPulledin': 8, 'Arbiter': 'Simple', 'MaxActiveTransactions': 1}",[[14.237249    0.57861     0.02460573]]
2.3730986,"{'PagePolicy': 'Closed', 'Scheduler': 'FrFcfsGrp', 'SchedulerBuffer': 'Shared', 'RequestBufferSize': 1, 'RespQueue': 'Reorder', 'RefreshPolicy': 'AllBank', 'RefreshMaxPostponed': 5, 'RefreshMaxPulledin': 8, 'Arbiter': 'Simple', 'MaxActiveTransactions': 1}",[[14.237249    0.57861     0.02460573]]
2.3730986,"{'PagePolicy': 'Closed', 'Scheduler': 'FrFcfsGrp', 'SchedulerBuffer': 'Shared', 'RequestBufferSize': 1, 'RespQueue': 'Reorder', 'RefreshPolicy': 'AllBank', 'RefreshMaxPostponed': 5, 'RefreshMaxPulledin': 8, 'Arbiter': 'Simple', 'MaxActiveTransactions': 1}",[[14.237249    0.57861     0.02460573]]
2.3730986,"{'PagePolicy': 'ClosedAdaptive', 'Scheduler': 'FrFcfsGrp', 'SchedulerBuffer': 'Shared', 'RequestBufferSize': 1, 'RespQueue': 'Fifo', 'RefreshPolicy': 'AllBank', 'RefreshMaxPostponed': 6, 'RefreshMaxPulledin': 8, 'Arbiter': 'Simple', 'MaxActiveTransactions': 10}",[[14.237249    0.57861     0.02460573]]
2.3730986,"{'PagePolicy': 'ClosedAdaptive', 'Scheduler': 'FrFcfsGrp', 'SchedulerBuffer': 'Shared', 'RequestBufferSize': 1, 'RespQueue': 'Fifo', 'RefreshPolicy': 'AllBank', 'RefreshMaxPostponed': 6, 'RefreshMaxPulledin': 8, 'Arbiter': 'Simple', 'MaxActiveTransactions': 10}",[[14.237249    0.57861     0.02460573]]
2.3730986,"{'PagePolicy': 'ClosedAdaptive', 'Scheduler': 'Fifo', 'SchedulerBuffer': 'Bankwise', 'RequestBufferSize': 1, 'RespQueue': 'Reorder', 'RefreshPolicy': 'AllBank', 'RefreshMaxPostponed': 4, 'RefreshMaxPulledin': 8, 'Arbiter': 'Reorder', 'MaxActiveTransactions': 1}",[[14.238645  0.57861  24.608315]]
2.3730986,"{'PagePolicy': 'ClosedAdaptive', 'Scheduler': 'Fifo', 'SchedulerBuffer': 'Bankwise', 'RequestBufferSize': 1, 'RespQueue': 'Reorder', 'RefreshPolicy': 'AllBank', 'RefreshMaxPostponed': 4, 'RefreshMaxPulledin': 8, 'Arbiter': 'Reorder', 'MaxActiveTransactions': 1}",[[14.238645  0.57861  24.608315]]
2.3730986,"{'PagePolicy': 'Closed', 'Scheduler': 'FrFcfsGrp', 'SchedulerBuffer': 'Shared', 'RequestBufferSize': 1, 'RespQueue': 'Fifo', 'RefreshPolicy': 'AllBank', 'RefreshMaxPostponed': 5, 'RefreshMaxPulledin': 8, 'Arbiter': 'Simple', 'MaxActiveTransactions': 1}",[[14.237249    0.57861     0.02460573]]
2.3730986,"{'PagePolicy': 'Closed', 'Scheduler': 'FrFcfsGrp', 'SchedulerBuffer': 'Shared', 'RequestBufferSize': 1, 'RespQueue': 'Fifo', 'RefreshPolicy': 'AllBank', 'RefreshMaxPostponed': 5, 'RefreshMaxPulledin': 8, 'Arbiter': 'Simple', 'MaxActiveTransactions': 1}",[[14.237249    0.57861     0.02460573]]
2.3730986,"{'PagePolicy': 'ClosedAdaptive', 'Scheduler': 'FrFcfsGrp', 'SchedulerBuffer': 'Shared', 'RequestBufferSize': 1, 'RespQueue': 'Fifo', 'RefreshPolicy': 'AllBank', 'RefreshMaxPostponed': 3, 'RefreshMaxPulledin': 8, 'Arbiter': 'Simple', 'MaxActiveTransactions': 2}",[[14.237249    0.57861     0.02460573]]
2.3730986,"{'PagePolicy': 'ClosedAdaptive', 'Scheduler': 'FrFcfsGrp', 'SchedulerBuffer': 'Shared', 'RequestBufferSize': 1, 'RespQueue': 'Fifo', 'RefreshPolicy': 'AllBank', 'RefreshMaxPostponed': 3, 'RefreshMaxPulledin': 8, 'Arbiter': 'Simple', 'MaxActiveTransactions': 2}",[[14.237249    0.57861     0.02460573]]
2.3730986,"{'PagePolicy': 'Closed', 'Scheduler': 'FrFcfsGrp', 'SchedulerBuffer': 'Shared', 'RequestBufferSize': 1, 'RespQueue': 'Fifo', 'RefreshPolicy': 'AllBank', 'RefreshMaxPostponed': 3, 'RefreshMaxPulledin': 8, 'Arbiter': 'Simple', 'MaxActiveTransactions': 1}",[[14.237249    0.57861     0.02460573]]
2.3730986,"{'PagePolicy': 'Closed', 'Scheduler': 'FrFcfsGrp', 'SchedulerBuffer': 'Shared', 'RequestBufferSize': 1, 'RespQueue': 'Fifo', 'RefreshPolicy': 'AllBank', 'RefreshMaxPostponed': 3, 'RefreshMaxPulledin': 8, 'Arbiter': 'Simple', 'MaxActiveTransactions': 1}",[[14.237249    0.57861     0.02460573]]
2.3732111,"{'PagePolicy': 'Closed', 'Scheduler': 'FrFcfs', 'SchedulerBuffer': 'ReadWrite', 'RequestBufferSize': 8, 'RespQueue': 'Reorder', 'RefreshPolicy': 'AllBank', 'RefreshMaxPostponed': 2, 'RefreshMaxPulledin': 8, 'Arbiter': 'Simple', 'MaxActiveTransactions': 77}",[[14.232823  0.57863  24.597553]]
2.3732111,"{'PagePolicy': 'Closed', 'Scheduler': 'FrFcfs', 'SchedulerBuffer': 'ReadWrite', 'RequestBufferSize': 8, 'RespQueue': 'Reorder', 'RefreshPolicy': 'AllBank', 'RefreshMaxPostponed': 2, 'RefreshMaxPulledin': 8, 'Arbiter': 'Simple', 'MaxActiveTransactions': 77}",[[14.232823  0.57863  24.597553]]
2.3729858,"{'PagePolicy': 'Closed', 'Scheduler': 'FrFcfs', 'SchedulerBuffer': 'Shared', 'RequestBufferSize': 8, 'RespQueue': 'Reorder', 'RefreshPolicy': 'AllBank', 'RefreshMaxPostponed': 1, 'RefreshMaxPulledin': 3, 'Arbiter': 'Simple', 'MaxActiveTransactions': 35}",[[14.232729  0.57859  24.598907]]
2.3729858,"{'PagePolicy': 'Closed', 'Scheduler': 'FrFcfs', 'SchedulerBuffer': 'Shared', 'RequestBufferSize': 8, 'RespQueue': 'Reorder', 'RefreshPolicy': 'AllBank', 'RefreshMaxPostponed': 1, 'RefreshMaxPulledin': 3, 'Arbiter': 'Simple', 'MaxActiveTransactions': 35}",[[14.232729  0.57859  24.598907]]
2.3730986,"{'PagePolicy': 'ClosedAdaptive', 'Scheduler': 'Fifo', 'SchedulerBuffer': 'Shared', 'RequestBufferSize': 1, 'RespQueue': 'Reorder', 'RefreshPolicy': 'AllBank', 'RefreshMaxPostponed': 2, 'RefreshMaxPulledin': 8, 'Arbiter': 'Simple', 'MaxActiveTransactions': 1}",[[14.237249    0.57861     0.02460573]]
2.3730986,"{'PagePolicy': 'ClosedAdaptive', 'Scheduler': 'Fifo', 'SchedulerBuffer': 'Shared', 'RequestBufferSize': 1, 'RespQueue': 'Reorder', 'RefreshPolicy': 'AllBank', 'RefreshMaxPostponed': 2, 'RefreshMaxPulledin': 8, 'Arbiter': 'Simple', 'MaxActiveTransactions': 1}",[[14.237249    0.57861     0.02460573]]
2.3730986,"{'PagePolicy': 'Closed', 'Scheduler': 'Fifo', 'SchedulerBuffer': 'ReadWrite', 'RequestBufferSize': 1, 'RespQueue': 'Fifo', 'RefreshPolicy': 'AllBank', 'RefreshMaxPostponed': 8, 'RefreshMaxPulledin': 8, 'Arbiter': 'Simple', 'MaxActiveTransactions': 84}",[[14.237249    0.57861     0.02460573]]
2.3730986,"{'PagePolicy': 'Closed', 'Scheduler': 'Fifo', 'SchedulerBuffer': 'ReadWrite', 'RequestBufferSize': 1, 'RespQueue': 'Fifo', 'RefreshPolicy': 'AllBank', 'RefreshMaxPostponed': 8, 'RefreshMaxPulledin': 8, 'Arbiter': 'Simple', 'MaxActiveTransactions': 84}",[[14.237249    0.57861     0.02460573]]
2.3730986,"{'PagePolicy': 'Closed', 'Scheduler': 'Fifo', 'SchedulerBuffer': 'Shared', 'RequestBufferSize': 1, 'RespQueue': 'Fifo', 'RefreshPolicy': 'AllBank', 'RefreshMaxPostponed': 6, 'RefreshMaxPulledin': 8, 'Arbiter': 'Fifo', 'MaxActiveTransactions': 95}",[[14.237249    0.57861     0.02460573]]
2.3730986,"{'PagePolicy': 'Closed', 'Scheduler': 'Fifo', 'SchedulerBuffer': 'Shared', 'RequestBufferSize': 1, 'RespQueue': 'Fifo', 'RefreshPolicy': 'AllBank', 'RefreshMaxPostponed': 6, 'RefreshMaxPulledin': 8, 'Arbiter': 'Fifo', 'MaxActiveTransactions': 95}",[[14.237249    0.57861     0.02460573]]
2.3730986,"{'PagePolicy': 'Closed', 'Scheduler': 'FrFcfsGrp', 'SchedulerBuffer': 'Shared', 'RequestBufferSize': 1, 'RespQueue': 'Fifo', 'RefreshPolicy': 'AllBank', 'RefreshMaxPostponed': 7, 'RefreshMaxPulledin': 8, 'Arbiter': 'Fifo', 'MaxActiveTransactions': 126}",[[14.237249    0.57861     0.02460573]]
2.3730986,"{'PagePolicy': 'Closed', 'Scheduler': 'FrFcfsGrp', 'SchedulerBuffer': 'Shared', 'RequestBufferSize': 1, 'RespQueue': 'Fifo', 'RefreshPolicy': 'AllBank', 'RefreshMaxPostponed': 7, 'RefreshMaxPulledin': 8, 'Arbiter': 'Fifo', 'MaxActiveTransactions': 126}",[[14.237249    0.57861     0.02460573]]
2.3730986,"{'PagePolicy': 'Closed', 'Scheduler': 'FrFcfsGrp', 'SchedulerBuffer': 'ReadWrite', 'RequestBufferSize': 1, 'RespQueue': 'Fifo', 'RefreshPolicy': 'AllBank', 'RefreshMaxPostponed': 3, 'RefreshMaxPulledin': 8, 'Arbiter': 'Reorder', 'MaxActiveTransactions': 120}",[[14.237249    0.57861     0.02460573]]
2.3730986,"{'PagePolicy': 'Closed', 'Scheduler': 'FrFcfsGrp', 'SchedulerBuffer': 'ReadWrite', 'RequestBufferSize': 1, 'RespQueue': 'Fifo', 'RefreshPolicy': 'AllBank', 'RefreshMaxPostponed': 3, 'RefreshMaxPulledin': 8, 'Arbiter': 'Reorder', 'MaxActiveTransactions': 120}",[[14.237249    0.57861     0.02460573]]
2.3730986,"{'PagePolicy': 'Closed', 'Scheduler': 'Fifo', 'SchedulerBuffer': 'Shared', 'RequestBufferSize': 1, 'RespQueue': 'Fifo', 'RefreshPolicy': 'AllBank', 'RefreshMaxPostponed': 7, 'RefreshMaxPulledin': 8, 'Arbiter': 'Fifo', 'MaxActiveTransactions': 44}",[[14.237249    0.57861     0.02460573]]
2.3730986,"{'PagePolicy': 'Closed', 'Scheduler': 'Fifo', 'SchedulerBuffer': 'Shared', 'RequestBufferSize': 1, 'RespQueue': 'Fifo', 'RefreshPolicy': 'AllBank', 'RefreshMaxPostponed': 7, 'RefreshMaxPulledin': 8, 'Arbiter': 'Fifo', 'MaxActiveTransactions': 44}",[[14.237249    0.57861     0.02460573]]
2.3730986,"{'PagePolicy': 'ClosedAdaptive', 'Scheduler': 'FrFcfsGrp', 'SchedulerBuffer': 'Shared', 'RequestBufferSize': 1, 'RespQueue': 'Fifo', 'RefreshPolicy': 'AllBank', 'RefreshMaxPostponed': 6, 'RefreshMaxPulledin': 8, 'Arbiter': 'Simple', 'MaxActiveTransactions': 1}",[[14.237249    0.57861     0.02460573]]
2.3730986,"{'PagePolicy': 'ClosedAdaptive', 'Scheduler': 'FrFcfsGrp', 'SchedulerBuffer': 'Shared', 'RequestBufferSize': 1, 'RespQueue': 'Fifo', 'RefreshPolicy': 'AllBank', 'RefreshMaxPostponed': 6, 'RefreshMaxPulledin': 8, 'Arbiter': 'Simple', 'MaxActiveTransactions': 1}",[[14.237249    0.57861     0.02460573]]
2.3732111,"{'PagePolicy': 'Closed', 'Scheduler': 'FrFcfsGrp', 'SchedulerBuffer': 'ReadWrite', 'RequestBufferSize': 8, 'RespQueue': 'Fifo', 'RefreshPolicy': 'AllBank', 'RefreshMaxPostponed': 8, 'RefreshMaxPulledin': 8, 'Arbiter': 'Fifo', 'MaxActiveTransactions': 126}",[[14.232823  0.57863  24.597542]]
2.3732111,"{'PagePolicy': 'Closed', 'Scheduler': 'FrFcfsGrp', 'SchedulerBuffer': 'ReadWrite', 'RequestBufferSize': 8, 'RespQueue': 'Fifo', 'RefreshPolicy': 'AllBank', 'RefreshMaxPostponed': 8, 'RefreshMaxPulledin': 8, 'Arbiter': 'Fifo', 'MaxActiveTransactions': 126}",[[14.232823  0.57863  24.597542]]
2.3732111,"{'PagePolicy': 'Closed', 'Scheduler': 'Fifo', 'SchedulerBuffer': 'ReadWrite', 'RequestBufferSize': 8, 'RespQueue': 'Fifo', 'RefreshPolicy': 'AllBank', 'RefreshMaxPostponed': 6, 'RefreshMaxPulledin': 8, 'Arbiter': 'Reorder', 'MaxActiveTransactions': 117}",[[14.232823  0.57863  24.597553]]
2.3732111,"{'PagePolicy': 'Closed', 'Scheduler': 'Fifo', 'SchedulerBuffer': 'ReadWrite', 'RequestBufferSize': 8, 'RespQueue': 'Fifo', 'RefreshPolicy': 'AllBank', 'RefreshMaxPostponed': 6, 'RefreshMaxPulledin': 8, 'Arbiter': 'Reorder', 'MaxActiveTransactions': 117}",[[14.232823  0.57863  24.597553]]
2.3730986,"{'PagePolicy': 'Closed', 'Scheduler': 'Fifo', 'SchedulerBuffer': 'Shared', 'RequestBufferSize': 1, 'RespQueue': 'Reorder', 'RefreshPolicy': 'AllBank', 'RefreshMaxPostponed': 7, 'RefreshMaxPulledin': 8, 'Arbiter': 'Simple', 'MaxActiveTransactions': 94}",[[14.237249    0.57861     0.02460573]]
2.3730986,"{'PagePolicy': 'Closed', 'Scheduler': 'Fifo', 'SchedulerBuffer': 'Shared', 'RequestBufferSize': 1, 'RespQueue': 'Reorder', 'RefreshPolicy': 'AllBank', 'RefreshMaxPostponed': 7, 'RefreshMaxPulledin': 8, 'Arbiter': 'Simple', 'MaxActiveTransactions': 94}",[[14.237249    0.57861     0.02460573]]
2.3729296,"{'PagePolicy': 'Closed', 'Scheduler': 'FrFcfsGrp', 'SchedulerBuffer': 'Shared', 'RequestBufferSize': 3, 'RespQueue': 'Fifo', 'RefreshPolicy': 'AllBank', 'RefreshMaxPostponed': 2, 'RefreshMaxPulledin': 2, 'Arbiter': 'Simple', 'MaxActiveTransactions': 86}",[[14.234086  0.57858  24.601704]]
2.3729296,"{'PagePolicy': 'Closed', 'Scheduler': 'FrFcfsGrp', 'SchedulerBuffer': 'Shared', 'RequestBufferSize': 3, 'RespQueue': 'Fifo', 'RefreshPolicy': 'AllBank', 'RefreshMaxPostponed': 2, 'RefreshMaxPulledin': 2, 'Arbiter': 'Simple', 'MaxActiveTransactions': 86}",[[14.234086  0.57858  24.601704]]
2.3729858,"{'PagePolicy': 'Closed', 'Scheduler': 'Fifo', 'SchedulerBuffer': 'ReadWrite', 'RequestBufferSize': 2, 'RespQueue': 'Reorder', 'RefreshPolicy': 'AllBank', 'RefreshMaxPostponed': 1, 'RefreshMaxPulledin': 4, 'Arbiter': 'Fifo', 'MaxActiveTransactions': 128}",[[14.234732  0.57859  24.60229 ]]
2.3729858,"{'PagePolicy': 'Closed', 'Scheduler': 'Fifo', 'SchedulerBuffer': 'ReadWrite', 'RequestBufferSize': 2, 'RespQueue': 'Reorder', 'RefreshPolicy': 'AllBank', 'RefreshMaxPostponed': 1, 'RefreshMaxPulledin': 4, 'Arbiter': 'Fifo', 'MaxActiveTransactions': 128}",[[14.234732  0.57859  24.60229 ]]
2.3732111,"{'PagePolicy': 'Closed', 'Scheduler': 'FrFcfs', 'SchedulerBuffer': 'ReadWrite', 'RequestBufferSize': 8, 'RespQueue': 'Fifo', 'RefreshPolicy': 'AllBank', 'RefreshMaxPostponed': 8, 'RefreshMaxPulledin': 8, 'Arbiter': 'Simple', 'MaxActiveTransactions': 128}",[[14.232823  0.57863  24.597542]]
2.3732111,"{'PagePolicy': 'Closed', 'Scheduler': 'FrFcfs', 'SchedulerBuffer': 'ReadWrite', 'RequestBufferSize': 8, 'RespQueue': 'Fifo', 'RefreshPolicy': 'AllBank', 'RefreshMaxPostponed': 8, 'RefreshMaxPulledin': 8, 'Arbiter': 'Simple', 'MaxActiveTransactions': 128}",[[14.232823  0.57863  24.597542]]
2.365912,"{'PagePolicy': 'ClosedAdaptive', 'Scheduler': 'FrFcfsGrp', 'SchedulerBuffer': 'Shared', 'RequestBufferSize': 2, 'RespQueue': 'Reorder', 'RefreshPolicy': 'AllBank', 'RefreshMaxPostponed': 1, 'RefreshMaxPulledin': 3, 'Arbiter': 'Simple', 'MaxActiveTransactions': 128}",[[14.203252    0.57733     0.02460141]]
2.365912,"{'PagePolicy': 'ClosedAdaptive', 'Scheduler': 'FrFcfsGrp', 'SchedulerBuffer': 'Shared', 'RequestBufferSize': 2, 'RespQueue': 'Reorder', 'RefreshPolicy': 'AllBank', 'RefreshMaxPostponed': 1, 'RefreshMaxPulledin': 3, 'Arbiter': 'Simple', 'MaxActiveTransactions': 128}",[[14.203252    0.57733     0.02460141]]
2.3730986,"{'PagePolicy': 'Closed', 'Scheduler': 'FrFcfsGrp', 'SchedulerBuffer': 'Shared', 'RequestBufferSize': 1, 'RespQueue': 'Fifo', 'RefreshPolicy': 'AllBank', 'RefreshMaxPostponed': 7, 'RefreshMaxPulledin': 8, 'Arbiter': 'Fifo', 'MaxActiveTransactions': 124}",[[14.237249    0.57861     0.02460573]]
2.3730986,"{'PagePolicy': 'Closed', 'Scheduler': 'FrFcfsGrp', 'SchedulerBuffer': 'Shared', 'RequestBufferSize': 1, 'RespQueue': 'Fifo', 'RefreshPolicy': 'AllBank', 'RefreshMaxPostponed': 7, 'RefreshMaxPulledin': 8, 'Arbiter': 'Fifo', 'MaxActiveTransactions': 124}",[[14.237249    0.57861     0.02460573]]
2.3287225,"{'PagePolicy': 'ClosedAdaptive', 'Scheduler': 'FrFcfs', 'SchedulerBuffer': 'Shared', 'RequestBufferSize': 5, 'RespQueue': 'Reorder', 'RefreshPolicy': 'AllBank', 'RefreshMaxPostponed': 1, 'RefreshMaxPulledin': 3, 'Arbiter': 'Simple', 'MaxActiveTransactions': 98}",[[14.033026  0.57058  24.594284]]
2.3287225,"{'PagePolicy': 'ClosedAdaptive', 'Scheduler': 'FrFcfs', 'SchedulerBuffer': 'Shared', 'RequestBufferSize': 5, 'RespQueue': 'Reorder', 'RefreshPolicy': 'AllBank', 'RefreshMaxPostponed': 1, 'RefreshMaxPulledin': 3, 'Arbiter': 'Simple', 'MaxActiveTransactions': 98}",[[14.033026  0.57058  24.594284]]
2.3731549,"{'PagePolicy': 'Closed', 'Scheduler': 'FrFcfs', 'SchedulerBuffer': 'Shared', 'RequestBufferSize': 7, 'RespQueue': 'Fifo', 'RefreshPolicy': 'AllBank', 'RefreshMaxPostponed': 2, 'RefreshMaxPulledin': 8, 'Arbiter': 'Simple', 'MaxActiveTransactions': 121}",[[14.2337675  0.57862   24.59929  ]]
2.3731549,"{'PagePolicy': 'Closed', 'Scheduler': 'FrFcfs', 'SchedulerBuffer': 'Shared', 'RequestBufferSize': 7, 'RespQueue': 'Fifo', 'RefreshPolicy': 'AllBank', 'RefreshMaxPostponed': 2, 'RefreshMaxPulledin': 8, 'Arbiter': 'Simple', 'MaxActiveTransactions': 121}",[[14.2337675  0.57862   24.59929  ]]
2.3730986,"{'PagePolicy': 'Closed', 'Scheduler': 'Fifo', 'SchedulerBuffer': 'Bankwise', 'RequestBufferSize': 7, 'RespQueue': 'Fifo', 'RefreshPolicy': 'AllBank', 'RefreshMaxPostponed': 1, 'RefreshMaxPulledin': 8, 'Arbiter': 'Fifo', 'MaxActiveTransactions': 1}",[[14.238645  0.57861  24.608315]]
2.3730986,"{'PagePolicy': 'Closed', 'Scheduler': 'Fifo', 'SchedulerBuffer': 'Bankwise', 'RequestBufferSize': 7, 'RespQueue': 'Fifo', 'RefreshPolicy': 'AllBank', 'RefreshMaxPostponed': 1, 'RefreshMaxPulledin': 8, 'Arbiter': 'Fifo', 'MaxActiveTransactions': 1}",[[14.238645  0.57861  24.608315]]
2.3731549,"{'PagePolicy': 'Closed', 'Scheduler': 'FrFcfs', 'SchedulerBuffer': 'Shared', 'RequestBufferSize': 7, 'RespQueue': 'Fifo', 'RefreshPolicy': 'AllBank', 'RefreshMaxPostponed': 1, 'RefreshMaxPulledin': 8, 'Arbiter': 'Simple', 'MaxActiveTransactions': 128}",[[14.2337675  0.57862   24.59929  ]]
2.3731549,"{'PagePolicy': 'Closed', 'Scheduler': 'FrFcfs', 'SchedulerBuffer': 'Shared', 'RequestBufferSize': 7, 'RespQueue': 'Fifo', 'RefreshPolicy': 'AllBank', 'RefreshMaxPostponed': 1, 'RefreshMaxPulledin': 8, 'Arbiter': 'Simple', 'MaxActiveTransactions': 128}",[[14.2337675  0.57862   24.59929  ]]
2.3730986,"{'PagePolicy': 'Closed', 'Scheduler': 'FrFcfsGrp', 'SchedulerBuffer': 'Shared', 'RequestBufferSize': 1, 'RespQueue': 'Reorder', 'RefreshPolicy': 'AllBank', 'RefreshMaxPostponed': 5, 'RefreshMaxPulledin': 8, 'Arbiter': 'Fifo', 'MaxActiveTransactions': 1}",[[14.238645  0.57861  24.608315]]
2.3730986,"{'PagePolicy': 'Closed', 'Scheduler': 'FrFcfsGrp', 'SchedulerBuffer': 'Shared', 'RequestBufferSize': 1, 'RespQueue': 'Reorder', 'RefreshPolicy': 'AllBank', 'RefreshMaxPostponed': 5, 'RefreshMaxPulledin': 8, 'Arbiter': 'Fifo', 'MaxActiveTransactions': 1}",[[14.238645  0.57861  24.608315]]
2.3482447,"{'PagePolicy': 'ClosedAdaptive', 'Scheduler': 'Fifo', 'SchedulerBuffer': 'Shared', 'RequestBufferSize': 8, 'RespQueue': 'Reorder', 'RefreshPolicy': 'AllBank', 'RefreshMaxPostponed': 6, 'RefreshMaxPulledin': 8, 'Arbiter': 'Simple', 'MaxActiveTransactions': 96}",[[14.120969  0.57415  24.594666]]
2.3482447,"{'PagePolicy': 'ClosedAdaptive', 'Scheduler': 'Fifo', 'SchedulerBuffer': 'Shared', 'RequestBufferSize': 8, 'RespQueue': 'Reorder', 'RefreshPolicy': 'AllBank', 'RefreshMaxPostponed': 6, 'RefreshMaxPulledin': 8, 'Arbiter': 'Simple', 'MaxActiveTransactions': 96}",[[14.120969  0.57415  24.594666]]
2.3730423,"{'PagePolicy': 'Closed', 'Scheduler': 'Fifo', 'SchedulerBuffer': 'Bankwise', 'RequestBufferSize': 4, 'RespQueue': 'Reorder', 'RefreshPolicy': 'AllBank', 'RefreshMaxPostponed': 7, 'RefreshMaxPulledin': 5, 'Arbiter': 'Reorder', 'MaxActiveTransactions': 94}",[[14.233833  0.5786   24.600325]]
2.3730423,"{'PagePolicy': 'Closed', 'Scheduler': 'Fifo', 'SchedulerBuffer': 'Bankwise', 'RequestBufferSize': 4, 'RespQueue': 'Reorder', 'RefreshPolicy': 'AllBank', 'RefreshMaxPostponed': 7, 'RefreshMaxPulledin': 5, 'Arbiter': 'Reorder', 'MaxActiveTransactions': 94}",[[14.233833  0.5786   24.600325]]
2.2369363,"{'PagePolicy': 'ClosedAdaptive', 'Scheduler': 'Fifo', 'SchedulerBuffer': 'Shared', 'RequestBufferSize': 8, 'RespQueue': 'Fifo', 'RefreshPolicy': 'NoRefresh', 'RefreshMaxPostponed': 5, 'RefreshMaxPulledin': 7, 'Arbiter': 'Fifo', 'MaxActiveTransactions': 57}",[[13.599905    0.55296     0.02459466]]
2.2369363,"{'PagePolicy': 'ClosedAdaptive', 'Scheduler': 'Fifo', 'SchedulerBuffer': 'Shared', 'RequestBufferSize': 8, 'RespQueue': 'Fifo', 'RefreshPolicy': 'NoRefresh', 'RefreshMaxPostponed': 5, 'RefreshMaxPulledin': 7, 'Arbiter': 'Fifo', 'MaxActiveTransactions': 57}",[[13.599905    0.55296     0.02459466]]
2.2595296,"{'PagePolicy': 'Closed', 'Scheduler': 'Fifo', 'SchedulerBuffer': 'Bankwise', 'RequestBufferSize': 1, 'RespQueue': 'Reorder', 'RefreshPolicy': 'NoRefresh', 'RefreshMaxPostponed': 1, 'RefreshMaxPulledin': 5, 'Arbiter': 'Fifo', 'MaxActiveTransactions': 76}",[[13.716015    0.55743     0.02460573]]
2.2595296,"{'PagePolicy': 'Closed', 'Scheduler': 'Fifo', 'SchedulerBuffer': 'Bankwise', 'RequestBufferSize': 1, 'RespQueue': 'Reorder', 'RefreshPolicy': 'NoRefresh', 'RefreshMaxPostponed': 1, 'RefreshMaxPulledin': 5, 'Arbiter': 'Fifo', 'MaxActiveTransactions': 76}",[[13.716015    0.55743     0.02460573]]
2.3731549,"{'PagePolicy': 'Closed', 'Scheduler': 'Fifo', 'SchedulerBuffer': 'Shared', 'RequestBufferSize': 6, 'RespQueue': 'Reorder', 'RefreshPolicy': 'AllBank', 'RefreshMaxPostponed': 3, 'RefreshMaxPulledin': 7, 'Arbiter': 'Reorder', 'MaxActiveTransactions': 101}",[[14.233824  0.57862  24.599712]]
2.3731549,"{'PagePolicy': 'Closed', 'Scheduler': 'Fifo', 'SchedulerBuffer': 'Shared', 'RequestBufferSize': 6, 'RespQueue': 'Reorder', 'RefreshPolicy': 'AllBank', 'RefreshMaxPostponed': 3, 'RefreshMaxPulledin': 7, 'Arbiter': 'Reorder', 'MaxActiveTransactions': 101}",[[14.233824  0.57862  24.599712]]
2.3730986,"{'PagePolicy': 'Closed', 'Scheduler': 'FrFcfs', 'SchedulerBuffer': 'Shared', 'RequestBufferSize': 1, 'RespQueue': 'Reorder', 'RefreshPolicy': 'AllBank', 'RefreshMaxPostponed': 1, 'RefreshMaxPulledin': 8, 'Arbiter': 'Simple', 'MaxActiveTransactions': 1}",[[14.237249    0.57861     0.02460573]]
2.3730986,"{'PagePolicy': 'Closed', 'Scheduler': 'FrFcfs', 'SchedulerBuffer': 'Shared', 'RequestBufferSize': 1, 'RespQueue': 'Reorder', 'RefreshPolicy': 'AllBank', 'RefreshMaxPostponed': 1, 'RefreshMaxPulledin': 8, 'Arbiter': 'Simple', 'MaxActiveTransactions': 1}",[[14.237249    0.57861     0.02460573]]
2.3731549,"{'PagePolicy': 'Closed', 'Scheduler': 'FrFcfs', 'SchedulerBuffer': 'Bankwise', 'RequestBufferSize': 2, 'RespQueue': 'Reorder', 'RefreshPolicy': 'AllBank', 'RefreshMaxPostponed': 2, 'RefreshMaxPulledin': 8, 'Arbiter': 'Reorder', 'MaxActiveTransactions': 119}",[[14.235558  0.57862  24.602596]]
2.3731549,"{'PagePolicy': 'Closed', 'Scheduler': 'FrFcfs', 'SchedulerBuffer': 'Bankwise', 'RequestBufferSize': 2, 'RespQueue': 'Reorder', 'RefreshPolicy': 'AllBank', 'RefreshMaxPostponed': 2, 'RefreshMaxPulledin': 8, 'Arbiter': 'Reorder', 'MaxActiveTransactions': 119}",[[14.235558  0.57862  24.602596]]
2.3732111,"{'PagePolicy': 'Closed', 'Scheduler': 'Fifo', 'SchedulerBuffer': 'Shared', 'RequestBufferSize': 8, 'RespQueue': 'Reorder', 'RefreshPolicy': 'AllBank', 'RefreshMaxPostponed': 1, 'RefreshMaxPulledin': 8, 'Arbiter': 'Simple', 'MaxActiveTransactions': 128}",[[14.233554  0.57863  24.598907]]
2.3732111,"{'PagePolicy': 'Closed', 'Scheduler': 'Fifo', 'SchedulerBuffer': 'Shared', 'RequestBufferSize': 8, 'RespQueue': 'Reorder', 'RefreshPolicy': 'AllBank', 'RefreshMaxPostponed': 1, 'RefreshMaxPulledin': 8, 'Arbiter': 'Simple', 'MaxActiveTransactions': 128}",[[14.233554  0.57863  24.598907]]
2.3729858,"{'PagePolicy': 'Closed', 'Scheduler': 'FrFcfsGrp', 'SchedulerBuffer': 'Bankwise', 'RequestBufferSize': 6, 'RespQueue': 'Reorder', 'RefreshPolicy': 'AllBank', 'RefreshMaxPostponed': 7, 'RefreshMaxPulledin': 3, 'Arbiter': 'Reorder', 'MaxActiveTransactions': 108}",[[14.232866  0.57859  24.599161]]
2.3729858,"{'PagePolicy': 'Closed', 'Scheduler': 'FrFcfsGrp', 'SchedulerBuffer': 'Bankwise', 'RequestBufferSize': 6, 'RespQueue': 'Reorder', 'RefreshPolicy': 'AllBank', 'RefreshMaxPostponed': 7, 'RefreshMaxPulledin': 3, 'Arbiter': 'Reorder', 'MaxActiveTransactions': 108}",[[14.232866  0.57859  24.599161]]
2.3731549,"{'PagePolicy': 'Closed', 'Scheduler': 'FrFcfs', 'SchedulerBuffer': 'Shared', 'RequestBufferSize': 4, 'RespQueue': 'Reorder', 'RefreshPolicy': 'AllBank', 'RefreshMaxPostponed': 3, 'RefreshMaxPulledin': 8, 'Arbiter': 'Reorder', 'MaxActiveTransactions': 96}",[[14.23464   0.57862  24.600897]]
2.3731549,"{'PagePolicy': 'Closed', 'Scheduler': 'FrFcfs', 'SchedulerBuffer': 'Shared', 'RequestBufferSize': 4, 'RespQueue': 'Reorder', 'RefreshPolicy': 'AllBank', 'RefreshMaxPostponed': 3, 'RefreshMaxPulledin': 8, 'Arbiter': 'Reorder', 'MaxActiveTransactions': 96}",[[14.23464   0.57862  24.600897]]
2.3730986,"{'PagePolicy': 'Closed', 'Scheduler': 'Fifo', 'SchedulerBuffer': 'Shared', 'RequestBufferSize': 1, 'RespQueue': 'Fifo', 'RefreshPolicy': 'AllBank', 'RefreshMaxPostponed': 3, 'RefreshMaxPulledin': 8, 'Arbiter': 'Simple', 'MaxActiveTransactions': 106}",[[14.237249    0.57861     0.02460573]]
2.3730986,"{'PagePolicy': 'Closed', 'Scheduler': 'Fifo', 'SchedulerBuffer': 'Shared', 'RequestBufferSize': 1, 'RespQueue': 'Fifo', 'RefreshPolicy': 'AllBank', 'RefreshMaxPostponed': 3, 'RefreshMaxPulledin': 8, 'Arbiter': 'Simple', 'MaxActiveTransactions': 106}",[[14.237249    0.57861     0.02460573]]
2.2595806,"{'PagePolicy': 'Closed', 'Scheduler': 'Fifo', 'SchedulerBuffer': 'Bankwise', 'RequestBufferSize': 8, 'RespQueue': 'Reorder', 'RefreshPolicy': 'NoRefresh', 'RefreshMaxPostponed': 5, 'RefreshMaxPulledin': 2, 'Arbiter': 'Simple', 'MaxActiveTransactions': 127}",[[13.712013  0.55744  24.598341]]
2.2595806,"{'PagePolicy': 'Closed', 'Scheduler': 'Fifo', 'SchedulerBuffer': 'Bankwise', 'RequestBufferSize': 8, 'RespQueue': 'Reorder', 'RefreshPolicy': 'NoRefresh', 'RefreshMaxPostponed': 5, 'RefreshMaxPulledin': 2, 'Arbiter': 'Simple', 'MaxActiveTransactions': 127}",[[13.712013  0.55744  24.598341]]
2.3730986,"{'PagePolicy': 'Closed', 'Scheduler': 'Fifo', 'SchedulerBuffer': 'Shared', 'RequestBufferSize': 1, 'RespQueue': 'Reorder', 'RefreshPolicy': 'AllBank', 'RefreshMaxPostponed': 3, 'RefreshMaxPulledin': 8, 'Arbiter': 'Simple', 'MaxActiveTransactions': 6}",[[14.237249    0.57861     0.02460573]]
2.3730986,"{'PagePolicy': 'Closed', 'Scheduler': 'Fifo', 'SchedulerBuffer': 'Shared', 'RequestBufferSize': 1, 'RespQueue': 'Reorder', 'RefreshPolicy': 'AllBank', 'RefreshMaxPostponed': 3, 'RefreshMaxPulledin': 8, 'Arbiter': 'Simple', 'MaxActiveTransactions': 6}",[[14.237249    0.57861     0.02460573]]
2.236486,"{'PagePolicy': 'ClosedAdaptive', 'Scheduler': 'Fifo', 'SchedulerBuffer': 'Bankwise', 'RequestBufferSize': 4, 'RespQueue': 'Fifo', 'RefreshPolicy': 'NoRefresh', 'RefreshMaxPostponed': 3, 'RefreshMaxPulledin': 1, 'Arbiter': 'Reorder', 'MaxActiveTransactions': 63}",[[13.598239    0.55287     0.02459565]]
2.236486,"{'PagePolicy': 'ClosedAdaptive', 'Scheduler': 'Fifo', 'SchedulerBuffer': 'Bankwise', 'RequestBufferSize': 4, 'RespQueue': 'Fifo', 'RefreshPolicy': 'NoRefresh', 'RefreshMaxPostponed': 3, 'RefreshMaxPulledin': 1, 'Arbiter': 'Reorder', 'MaxActiveTransactions': 63}",[[13.598239    0.55287     0.02459565]]
2.2595296,"{'PagePolicy': 'Closed', 'Scheduler': 'FrFcfsGrp', 'SchedulerBuffer': 'ReadWrite', 'RequestBufferSize': 3, 'RespQueue': 'Reorder', 'RefreshPolicy': 'NoRefresh', 'RefreshMaxPostponed': 2, 'RefreshMaxPulledin': 6, 'Arbiter': 'Simple', 'MaxActiveTransactions': 124}",[[13.71334   0.55743  24.600777]]
2.2595296,"{'PagePolicy': 'Closed', 'Scheduler': 'FrFcfsGrp', 'SchedulerBuffer': 'ReadWrite', 'RequestBufferSize': 3, 'RespQueue': 'Reorder', 'RefreshPolicy': 'NoRefresh', 'RefreshMaxPostponed': 2, 'RefreshMaxPulledin': 6, 'Arbiter': 'Simple', 'MaxActiveTransactions': 124}",[[13.71334   0.55743  24.600777]]
2.2382882,"{'PagePolicy': 'ClosedAdaptive', 'Scheduler': 'FrFcfs', 'SchedulerBuffer': 'Bankwise', 'RequestBufferSize': 2, 'RespQueue': 'Fifo', 'RefreshPolicy': 'NoRefresh', 'RefreshMaxPostponed': 7, 'RefreshMaxPulledin': 2, 'Arbiter': 'Fifo', 'MaxActiveTransactions': 65}",[[13.608348  0.55323  24.597904]]
2.2382882,"{'PagePolicy': 'ClosedAdaptive', 'Scheduler': 'FrFcfs', 'SchedulerBuffer': 'Bankwise', 'RequestBufferSize': 2, 'RespQueue': 'Fifo', 'RefreshPolicy': 'NoRefresh', 'RefreshMaxPostponed': 7, 'RefreshMaxPulledin': 2, 'Arbiter': 'Fifo', 'MaxActiveTransactions': 65}",[[13.608348  0.55323  24.597904]]
2.3730986,"{'PagePolicy': 'Closed', 'Scheduler': 'Fifo', 'SchedulerBuffer': 'Shared', 'RequestBufferSize': 1, 'RespQueue': 'Reorder', 'RefreshPolicy': 'AllBank', 'RefreshMaxPostponed': 1, 'RefreshMaxPulledin': 8, 'Arbiter': 'Simple', 'MaxActiveTransactions': 7}",[[14.237249    0.57861     0.02460573]]
2.3730986,"{'PagePolicy': 'Closed', 'Scheduler': 'Fifo', 'SchedulerBuffer': 'Shared', 'RequestBufferSize': 1, 'RespQueue': 'Reorder', 'RefreshPolicy': 'AllBank', 'RefreshMaxPostponed': 1, 'RefreshMaxPulledin': 8, 'Arbiter': 'Simple', 'MaxActiveTransactions': 7}",[[14.237249    0.57861     0.02460573]]
2.3730986,"{'PagePolicy': 'Closed', 'Scheduler': 'Fifo', 'SchedulerBuffer': 'Shared', 'RequestBufferSize': 1, 'RespQueue': 'Reorder', 'RefreshPolicy': 'AllBank', 'RefreshMaxPostponed': 1, 'RefreshMaxPulledin': 8, 'Arbiter': 'Simple', 'MaxActiveTransactions': 1}",[[14.237249    0.57861     0.02460573]]
2.3730986,"{'PagePolicy': 'Closed', 'Scheduler': 'Fifo', 'SchedulerBuffer': 'Shared', 'RequestBufferSize': 1, 'RespQueue': 'Reorder', 'RefreshPolicy': 'AllBank', 'RefreshMaxPostponed': 1, 'RefreshMaxPulledin': 8, 'Arbiter': 'Simple', 'MaxActiveTransactions': 1}",[[14.237249    0.57861     0.02460573]]
2.3730986,"{'PagePolicy': 'Closed', 'Scheduler': 'Fifo', 'SchedulerBuffer': 'Shared', 'RequestBufferSize': 1, 'RespQueue': 'Reorder', 'RefreshPolicy': 'AllBank', 'RefreshMaxPostponed': 8, 'RefreshMaxPulledin': 8, 'Arbiter': 'Simple', 'MaxActiveTransactions': 42}",[[14.237249    0.57861     0.02460573]]
2.3730986,"{'PagePolicy': 'Closed', 'Scheduler': 'Fifo', 'SchedulerBuffer': 'Shared', 'RequestBufferSize': 1, 'RespQueue': 'Reorder', 'RefreshPolicy': 'AllBank', 'RefreshMaxPostponed': 8, 'RefreshMaxPulledin': 8, 'Arbiter': 'Simple', 'MaxActiveTransactions': 42}",[[14.237249    0.57861     0.02460573]]
2.3730986,"{'PagePolicy': 'Closed', 'Scheduler': 'Fifo', 'SchedulerBuffer': 'Shared', 'RequestBufferSize': 1, 'RespQueue': 'Reorder', 'RefreshPolicy': 'AllBank', 'RefreshMaxPostponed': 5, 'RefreshMaxPulledin': 8, 'Arbiter': 'Simple', 'MaxActiveTransactions': 55}",[[14.237249    0.57861     0.02460573]]
2.3730986,"{'PagePolicy': 'Closed', 'Scheduler': 'Fifo', 'SchedulerBuffer': 'Shared', 'RequestBufferSize': 1, 'RespQueue': 'Reorder', 'RefreshPolicy': 'AllBank', 'RefreshMaxPostponed': 5, 'RefreshMaxPulledin': 8, 'Arbiter': 'Simple', 'MaxActiveTransactions': 55}",[[14.237249    0.57861     0.02460573]]
2.3730986,"{'PagePolicy': 'Closed', 'Scheduler': 'Fifo', 'SchedulerBuffer': 'Shared', 'RequestBufferSize': 1, 'RespQueue': 'Reorder', 'RefreshPolicy': 'AllBank', 'RefreshMaxPostponed': 7, 'RefreshMaxPulledin': 8, 'Arbiter': 'Simple', 'MaxActiveTransactions': 55}",[[14.237249    0.57861     0.02460573]]
2.3730986,"{'PagePolicy': 'Closed', 'Scheduler': 'Fifo', 'SchedulerBuffer': 'Shared', 'RequestBufferSize': 1, 'RespQueue': 'Reorder', 'RefreshPolicy': 'AllBank', 'RefreshMaxPostponed': 7, 'RefreshMaxPulledin': 8, 'Arbiter': 'Simple', 'MaxActiveTransactions': 55}",[[14.237249    0.57861     0.02460573]]
2.3730986,"{'PagePolicy': 'Closed', 'Scheduler': 'Fifo', 'SchedulerBuffer': 'Shared', 'RequestBufferSize': 1, 'RespQueue': 'Reorder', 'RefreshPolicy': 'AllBank', 'RefreshMaxPostponed': 1, 'RefreshMaxPulledin': 8, 'Arbiter': 'Simple', 'MaxActiveTransactions': 103}",[[14.237249    0.57861     0.02460573]]
2.3730986,"{'PagePolicy': 'Closed', 'Scheduler': 'Fifo', 'SchedulerBuffer': 'Shared', 'RequestBufferSize': 1, 'RespQueue': 'Reorder', 'RefreshPolicy': 'AllBank', 'RefreshMaxPostponed': 1, 'RefreshMaxPulledin': 8, 'Arbiter': 'Simple', 'MaxActiveTransactions': 103}",[[14.237249    0.57861     0.02460573]]
2.3730986,"{'PagePolicy': 'Closed', 'Scheduler': 'Fifo', 'SchedulerBuffer': 'Shared', 'RequestBufferSize': 1, 'RespQueue': 'Fifo', 'RefreshPolicy': 'AllBank', 'RefreshMaxPostponed': 3, 'RefreshMaxPulledin': 8, 'Arbiter': 'Simple', 'MaxActiveTransactions': 73}",[[14.237249    0.57861     0.02460573]]
2.3730986,"{'PagePolicy': 'Closed', 'Scheduler': 'Fifo', 'SchedulerBuffer': 'Shared', 'RequestBufferSize': 1, 'RespQueue': 'Fifo', 'RefreshPolicy': 'AllBank', 'RefreshMaxPostponed': 3, 'RefreshMaxPulledin': 8, 'Arbiter': 'Simple', 'MaxActiveTransactions': 73}",[[14.237249    0.57861     0.02460573]]
2.3730986,"{'PagePolicy': 'Closed', 'Scheduler': 'Fifo', 'SchedulerBuffer': 'Shared', 'RequestBufferSize': 1, 'RespQueue': 'Reorder', 'RefreshPolicy': 'AllBank', 'RefreshMaxPostponed': 3, 'RefreshMaxPulledin': 8, 'Arbiter': 'Simple', 'MaxActiveTransactions': 108}",[[14.237249    0.57861     0.02460573]]
2.3730986,"{'PagePolicy': 'Closed', 'Scheduler': 'Fifo', 'SchedulerBuffer': 'Shared', 'RequestBufferSize': 1, 'RespQueue': 'Reorder', 'RefreshPolicy': 'AllBank', 'RefreshMaxPostponed': 3, 'RefreshMaxPulledin': 8, 'Arbiter': 'Simple', 'MaxActiveTransactions': 108}",[[14.237249    0.57861     0.02460573]]
2.3368855,"{'PagePolicy': 'OpenAdaptive', 'Scheduler': 'Fifo', 'SchedulerBuffer': 'Shared', 'RequestBufferSize': 6, 'RespQueue': 'Fifo', 'RefreshPolicy': 'AllBank', 'RefreshMaxPostponed': 1, 'RefreshMaxPulledin': 8, 'Arbiter': 'Simple', 'MaxActiveTransactions': 72}",[[14.070294    0.57208     0.02459512]]
2.3368855,"{'PagePolicy': 'OpenAdaptive', 'Scheduler': 'Fifo', 'SchedulerBuffer': 'Shared', 'RequestBufferSize': 6, 'RespQueue': 'Fifo', 'RefreshPolicy': 'AllBank', 'RefreshMaxPostponed': 1, 'RefreshMaxPulledin': 8, 'Arbiter': 'Simple', 'MaxActiveTransactions': 72}",[[14.070294    0.57208     0.02459512]]
2.3281262,"{'PagePolicy': 'ClosedAdaptive', 'Scheduler': 'FrFcfsGrp', 'SchedulerBuffer': 'Bankwise', 'RequestBufferSize': 8, 'RespQueue': 'Fifo', 'RefreshPolicy': 'AllBank', 'RefreshMaxPostponed': 2, 'RefreshMaxPulledin': 5, 'Arbiter': 'Simple', 'MaxActiveTransactions': 58}",[[14.0302925  0.57047   24.594284 ]]
2.3281262,"{'PagePolicy': 'ClosedAdaptive', 'Scheduler': 'FrFcfsGrp', 'SchedulerBuffer': 'Bankwise', 'RequestBufferSize': 8, 'RespQueue': 'Fifo', 'RefreshPolicy': 'AllBank', 'RefreshMaxPostponed': 2, 'RefreshMaxPulledin': 5, 'Arbiter': 'Simple', 'MaxActiveTransactions': 58}",[[14.0302925  0.57047   24.594284 ]]
2.3157797,"{'PagePolicy': 'Open', 'Scheduler': 'FrFcfs', 'SchedulerBuffer': 'Bankwise', 'RequestBufferSize': 5, 'RespQueue': 'Reorder', 'RefreshPolicy': 'AllBank', 'RefreshMaxPostponed': 1, 'RefreshMaxPulledin': 7, 'Arbiter': 'Fifo', 'MaxActiveTransactions': 128}",[[13.974074  0.56818  24.59426 ]]
2.3157797,"{'PagePolicy': 'Open', 'Scheduler': 'FrFcfs', 'SchedulerBuffer': 'Bankwise', 'RequestBufferSize': 5, 'RespQueue': 'Reorder', 'RefreshPolicy': 'AllBank', 'RefreshMaxPostponed': 1, 'RefreshMaxPulledin': 7, 'Arbiter': 'Fifo', 'MaxActiveTransactions': 128}",[[13.974074  0.56818  24.59426 ]]
2.3281262,"{'PagePolicy': 'ClosedAdaptive', 'Scheduler': 'FrFcfsGrp', 'SchedulerBuffer': 'ReadWrite', 'RequestBufferSize': 7, 'RespQueue': 'Fifo', 'RefreshPolicy': 'AllBank', 'RefreshMaxPostponed': 8, 'RefreshMaxPulledin': 2, 'Arbiter': 'Fifo', 'MaxActiveTransactions': 79}",[[14.030225  0.57047  24.594284]]
2.3281262,"{'PagePolicy': 'ClosedAdaptive', 'Scheduler': 'FrFcfsGrp', 'SchedulerBuffer': 'ReadWrite', 'RequestBufferSize': 7, 'RespQueue': 'Fifo', 'RefreshPolicy': 'AllBank', 'RefreshMaxPostponed': 8, 'RefreshMaxPulledin': 2, 'Arbiter': 'Fifo', 'MaxActiveTransactions': 79}",[[14.030225  0.57047  24.594284]]
2.3730986,"{'PagePolicy': 'ClosedAdaptive', 'Scheduler': 'Fifo', 'SchedulerBuffer': 'ReadWrite', 'RequestBufferSize': 1, 'RespQueue': 'Reorder', 'RefreshPolicy': 'AllBank', 'RefreshMaxPostponed': 5, 'RefreshMaxPulledin': 8, 'Arbiter': 'Reorder', 'MaxActiveTransactions': 1}",[[14.238645  0.57861  24.608315]]
2.3730986,"{'PagePolicy': 'ClosedAdaptive', 'Scheduler': 'Fifo', 'SchedulerBuffer': 'ReadWrite', 'RequestBufferSize': 1, 'RespQueue': 'Reorder', 'RefreshPolicy': 'AllBank', 'RefreshMaxPostponed': 5, 'RefreshMaxPulledin': 8, 'Arbiter': 'Reorder', 'MaxActiveTransactions': 1}",[[14.238645  0.57861  24.608315]]
2.3730986,"{'PagePolicy': 'Closed', 'Scheduler': 'FrFcfsGrp', 'SchedulerBuffer': 'ReadWrite', 'RequestBufferSize': 1, 'RespQueue': 'Reorder', 'RefreshPolicy': 'AllBank', 'RefreshMaxPostponed': 6, 'RefreshMaxPulledin': 8, 'Arbiter': 'Reorder', 'MaxActiveTransactions': 1}",[[14.238645  0.57861  24.608315]]
2.3730986,"{'PagePolicy': 'Closed', 'Scheduler': 'FrFcfsGrp', 'SchedulerBuffer': 'ReadWrite', 'RequestBufferSize': 1, 'RespQueue': 'Reorder', 'RefreshPolicy': 'AllBank', 'RefreshMaxPostponed': 6, 'RefreshMaxPulledin': 8, 'Arbiter': 'Reorder', 'MaxActiveTransactions': 1}",[[14.238645  0.57861  24.608315]]
2.3729858,"{'PagePolicy': 'Closed', 'Scheduler': 'FrFcfsGrp', 'SchedulerBuffer': 'Shared', 'RequestBufferSize': 5, 'RespQueue': 'Fifo', 'RefreshPolicy': 'AllBank', 'RefreshMaxPostponed': 7, 'RefreshMaxPulledin': 3, 'Arbiter': 'Simple', 'MaxActiveTransactions': 103}",[[14.233452    0.57859     0.02460022]]
2.3729858,"{'PagePolicy': 'Closed', 'Scheduler': 'FrFcfsGrp', 'SchedulerBuffer': 'Shared', 'RequestBufferSize': 5, 'RespQueue': 'Fifo', 'RefreshPolicy': 'AllBank', 'RefreshMaxPostponed': 7, 'RefreshMaxPulledin': 3, 'Arbiter': 'Simple', 'MaxActiveTransactions': 103}",[[14.233452    0.57859     0.02460022]]
2.3150291,"{'PagePolicy': 'Open', 'Scheduler': 'FrFcfsGrp', 'SchedulerBuffer': 'Shared', 'RequestBufferSize': 8, 'RespQueue': 'Fifo', 'RefreshPolicy': 'AllBank', 'RefreshMaxPostponed': 7, 'RefreshMaxPulledin': 7, 'Arbiter': 'Simple', 'MaxActiveTransactions': 128}",[[13.970454  0.56804  24.594257]]
2.3150291,"{'PagePolicy': 'Open', 'Scheduler': 'FrFcfsGrp', 'SchedulerBuffer': 'Shared', 'RequestBufferSize': 8, 'RespQueue': 'Fifo', 'RefreshPolicy': 'AllBank', 'RefreshMaxPostponed': 7, 'RefreshMaxPulledin': 7, 'Arbiter': 'Simple', 'MaxActiveTransactions': 128}",[[13.970454  0.56804  24.594257]]
2.3368855,"{'PagePolicy': 'OpenAdaptive', 'Scheduler': 'Fifo', 'SchedulerBuffer': 'ReadWrite', 'RequestBufferSize': 8, 'RespQueue': 'Fifo', 'RefreshPolicy': 'AllBank', 'RefreshMaxPostponed': 4, 'RefreshMaxPulledin': 8, 'Arbiter': 'Simple', 'MaxActiveTransactions': 128}",[[14.069917  0.57208  24.594408]]
2.3368855,"{'PagePolicy': 'OpenAdaptive', 'Scheduler': 'Fifo', 'SchedulerBuffer': 'ReadWrite', 'RequestBufferSize': 8, 'RespQueue': 'Fifo', 'RefreshPolicy': 'AllBank', 'RefreshMaxPostponed': 4, 'RefreshMaxPulledin': 8, 'Arbiter': 'Simple', 'MaxActiveTransactions': 128}",[[14.069917  0.57208  24.594408]]
2.3730986,"{'PagePolicy': 'Closed', 'Scheduler': 'FrFcfs', 'SchedulerBuffer': 'Shared', 'RequestBufferSize': 1, 'RespQueue': 'Reorder', 'RefreshPolicy': 'AllBank', 'RefreshMaxPostponed': 4, 'RefreshMaxPulledin': 8, 'Arbiter': 'Simple', 'MaxActiveTransactions': 34}",[[14.237249    0.57861     0.02460573]]
2.3730986,"{'PagePolicy': 'Closed', 'Scheduler': 'FrFcfs', 'SchedulerBuffer': 'Shared', 'RequestBufferSize': 1, 'RespQueue': 'Reorder', 'RefreshPolicy': 'AllBank', 'RefreshMaxPostponed': 4, 'RefreshMaxPulledin': 8, 'Arbiter': 'Simple', 'MaxActiveTransactions': 34}",[[14.237249    0.57861     0.02460573]]
2.3729296,"{'PagePolicy': 'Closed', 'Scheduler': 'FrFcfs', 'SchedulerBuffer': 'Shared', 'RequestBufferSize': 1, 'RespQueue': 'Fifo', 'RefreshPolicy': 'AllBank', 'RefreshMaxPostponed': 2, 'RefreshMaxPulledin': 3, 'Arbiter': 'Simple', 'MaxActiveTransactions': 113}",[[14.236424    0.57858     0.02460573]]
2.3729296,"{'PagePolicy': 'Closed', 'Scheduler': 'FrFcfs', 'SchedulerBuffer': 'Shared', 'RequestBufferSize': 1, 'RespQueue': 'Fifo', 'RefreshPolicy': 'AllBank', 'RefreshMaxPostponed': 2, 'RefreshMaxPulledin': 3, 'Arbiter': 'Simple', 'MaxActiveTransactions': 113}",[[14.236424    0.57858     0.02460573]]
