1.8167354,"{'PagePolicy': 'ClosedAdaptive', 'Scheduler': 'FrFcfsGrp', 'SchedulerBuffer': 'ReadWrite', 'RequestBufferSize': 4, 'RespQueue': 'Fifo', 'RefreshPolicy': 'AllBank', 'RefreshMaxPostponed': 5, 'RefreshMaxPulledin': 7, 'Arbiter': 'Reorder', 'MaxActiveTransactions': 44}",[[0.091575   2.01065    0.04553625]]
1.8167354,"{'PagePolicy': 'ClosedAdaptive', 'Scheduler': 'FrFcfsGrp', 'SchedulerBuffer': 'ReadWrite', 'RequestBufferSize': 4, 'RespQueue': 'Fifo', 'RefreshPolicy': 'AllBank', 'RefreshMaxPostponed': 5, 'RefreshMaxPulledin': 7, 'Arbiter': 'Reorder', 'MaxActiveTransactions': 44}",[[0.091575   2.01065    0.04553625]]
1.3276453,"{'PagePolicy': 'Open', 'Scheduler': 'FrFcfs', 'SchedulerBuffer': 'Bankwise', 'RequestBufferSize': 7, 'RespQueue': 'Reorder', 'RefreshPolicy': 'AllBank', 'RefreshMaxPostponed': 4, 'RefreshMaxPulledin': 4, 'Arbiter': 'Reorder', 'MaxActiveTransactions': 107}",[[0.08837745 2.24308    0.0394075 ]]
1.3276453,"{'PagePolicy': 'Open', 'Scheduler': 'FrFcfs', 'SchedulerBuffer': 'Bankwise', 'RequestBufferSize': 7, 'RespQueue': 'Reorder', 'RefreshPolicy': 'AllBank', 'RefreshMaxPostponed': 4, 'RefreshMaxPulledin': 4, 'Arbiter': 'Reorder', 'MaxActiveTransactions': 107}",[[0.08837745 2.24308    0.0394075 ]]
1.585718,"{'PagePolicy': 'Open', 'Scheduler': 'FrFcfs', 'SchedulerBuffer': 'ReadWrite', 'RequestBufferSize': 7, 'RespQueue': 'Reorder', 'RefreshPolicy': 'NoRefresh', 'RefreshMaxPostponed': 4, 'RefreshMaxPulledin': 4, 'Arbiter': 'Simple', 'MaxActiveTransactions': 26}",[[0.09002603 2.10286    0.04281875]]
1.585718,"{'PagePolicy': 'Open', 'Scheduler': 'FrFcfs', 'SchedulerBuffer': 'ReadWrite', 'RequestBufferSize': 7, 'RespQueue': 'Reorder', 'RefreshPolicy': 'NoRefresh', 'RefreshMaxPostponed': 4, 'RefreshMaxPulledin': 4, 'Arbiter': 'Simple', 'MaxActiveTransactions': 26}",[[0.09002603 2.10286    0.04281875]]
2.7964172,"{'PagePolicy': 'OpenAdaptive', 'Scheduler': 'FrFcfsGrp', 'SchedulerBuffer': 'ReadWrite', 'RequestBufferSize': 3, 'RespQueue': 'Fifo', 'RefreshPolicy': 'AllBank', 'RefreshMaxPostponed': 6, 'RefreshMaxPulledin': 6, 'Arbiter': 'Fifo', 'MaxActiveTransactions': 10}",[[0.09609023 1.77809    0.05404125]]
2.7964172,"{'PagePolicy': 'OpenAdaptive', 'Scheduler': 'FrFcfsGrp', 'SchedulerBuffer': 'ReadWrite', 'RequestBufferSize': 3, 'RespQueue': 'Fifo', 'RefreshPolicy': 'AllBank', 'RefreshMaxPostponed': 6, 'RefreshMaxPulledin': 6, 'Arbiter': 'Fifo', 'MaxActiveTransactions': 10}",[[0.09609023 1.77809    0.05404125]]
76.38925,"{'PagePolicy': 'OpenAdaptive', 'Scheduler': 'FrFcfs', 'SchedulerBuffer': 'Shared', 'RequestBufferSize': 1, 'RespQueue': 'Fifo', 'RefreshPolicy': 'NoRefresh', 'RefreshMaxPostponed': 6, 'RefreshMaxPulledin': 3, 'Arbiter': 'Simple', 'MaxActiveTransactions': 53}",[[0.11804122 1.24659    0.09469125]]
76.38925,"{'PagePolicy': 'OpenAdaptive', 'Scheduler': 'FrFcfs', 'SchedulerBuffer': 'Shared', 'RequestBufferSize': 1, 'RespQueue': 'Fifo', 'RefreshPolicy': 'NoRefresh', 'RefreshMaxPostponed': 6, 'RefreshMaxPulledin': 3, 'Arbiter': 'Simple', 'MaxActiveTransactions': 53}",[[0.11804122 1.24659    0.09469125]]
1.7932132,"{'PagePolicy': 'OpenAdaptive', 'Scheduler': 'FrFcfs', 'SchedulerBuffer': 'Bankwise', 'RequestBufferSize': 5, 'RespQueue': 'Reorder', 'RefreshPolicy': 'NoRefresh', 'RefreshMaxPostponed': 8, 'RefreshMaxPulledin': 5, 'Arbiter': 'Fifo', 'MaxActiveTransactions': 12}",[[0.09134228 2.01867    0.04525625]]
1.7932132,"{'PagePolicy': 'OpenAdaptive', 'Scheduler': 'FrFcfs', 'SchedulerBuffer': 'Bankwise', 'RequestBufferSize': 5, 'RespQueue': 'Reorder', 'RefreshPolicy': 'NoRefresh', 'RefreshMaxPostponed': 8, 'RefreshMaxPulledin': 5, 'Arbiter': 'Fifo', 'MaxActiveTransactions': 12}",[[0.09134228 2.01867    0.04525625]]
1.8638084,"{'PagePolicy': 'OpenAdaptive', 'Scheduler': 'Fifo', 'SchedulerBuffer': 'Shared', 'RequestBufferSize': 5, 'RespQueue': 'Fifo', 'RefreshPolicy': 'NoRefresh', 'RefreshMaxPostponed': 6, 'RefreshMaxPulledin': 7, 'Arbiter': 'Simple', 'MaxActiveTransactions': 90}",[[0.09175807 1.99393    0.04601875]]
1.8638084,"{'PagePolicy': 'OpenAdaptive', 'Scheduler': 'Fifo', 'SchedulerBuffer': 'Shared', 'RequestBufferSize': 5, 'RespQueue': 'Fifo', 'RefreshPolicy': 'NoRefresh', 'RefreshMaxPostponed': 6, 'RefreshMaxPulledin': 7, 'Arbiter': 'Simple', 'MaxActiveTransactions': 90}",[[0.09175807 1.99393    0.04601875]]
3.4940958,"{'PagePolicy': 'Closed', 'Scheduler': 'FrFcfsGrp', 'SchedulerBuffer': 'Shared', 'RequestBufferSize': 6, 'RespQueue': 'Fifo', 'RefreshPolicy': 'NoRefresh', 'RefreshMaxPostponed': 2, 'RefreshMaxPulledin': 4, 'Arbiter': 'Reorder', 'MaxActiveTransactions': 112}",[[1.7193353e-01 1.2865800e+00 1.3361999e-04]]
3.4940958,"{'PagePolicy': 'Closed', 'Scheduler': 'FrFcfsGrp', 'SchedulerBuffer': 'Shared', 'RequestBufferSize': 6, 'RespQueue': 'Fifo', 'RefreshPolicy': 'NoRefresh', 'RefreshMaxPostponed': 2, 'RefreshMaxPulledin': 4, 'Arbiter': 'Reorder', 'MaxActiveTransactions': 112}",[[1.7193353e-01 1.2865800e+00 1.3361999e-04]]
0.9893654,"{'PagePolicy': 'OpenAdaptive', 'Scheduler': 'FrFcfsGrp', 'SchedulerBuffer': 'Bankwise', 'RequestBufferSize': 3, 'RespQueue': 'Fifo', 'RefreshPolicy': 'AllBank', 'RefreshMaxPostponed': 4, 'RefreshMaxPulledin': 5, 'Arbiter': 'Simple', 'MaxActiveTransactions': 91}",[[9.17112e-02 2.01121e+00 4.56000e-05]]
0.9893654,"{'PagePolicy': 'OpenAdaptive', 'Scheduler': 'FrFcfsGrp', 'SchedulerBuffer': 'Bankwise', 'RequestBufferSize': 3, 'RespQueue': 'Fifo', 'RefreshPolicy': 'AllBank', 'RefreshMaxPostponed': 4, 'RefreshMaxPulledin': 5, 'Arbiter': 'Simple', 'MaxActiveTransactions': 91}",[[9.17112e-02 2.01121e+00 4.56000e-05]]
1.5050806,"{'PagePolicy': 'OpenAdaptive', 'Scheduler': 'FrFcfsGrp', 'SchedulerBuffer': 'ReadWrite', 'RequestBufferSize': 8, 'RespQueue': 'Fifo', 'RefreshPolicy': 'AllBank', 'RefreshMaxPostponed': 7, 'RefreshMaxPulledin': 2, 'Arbiter': 'Fifo', 'MaxActiveTransactions': 77}",[[0.08947118 2.14129    0.04178375]]
1.5050806,"{'PagePolicy': 'OpenAdaptive', 'Scheduler': 'FrFcfsGrp', 'SchedulerBuffer': 'ReadWrite', 'RequestBufferSize': 8, 'RespQueue': 'Fifo', 'RefreshPolicy': 'AllBank', 'RefreshMaxPostponed': 7, 'RefreshMaxPulledin': 2, 'Arbiter': 'Fifo', 'MaxActiveTransactions': 77}",[[0.08947118 2.14129    0.04178375]]
4.730858,"{'PagePolicy': 'OpenAdaptive', 'Scheduler': 'FrFcfs', 'SchedulerBuffer': 'Shared', 'RequestBufferSize': 2, 'RespQueue': 'Fifo', 'RefreshPolicy': 'AllBank', 'RefreshMaxPostponed': 7, 'RefreshMaxPulledin': 3, 'Arbiter': 'Simple', 'MaxActiveTransactions': 33}",[[0.10164712 1.58759    0.06402625]]
4.730858,"{'PagePolicy': 'OpenAdaptive', 'Scheduler': 'FrFcfs', 'SchedulerBuffer': 'Shared', 'RequestBufferSize': 2, 'RespQueue': 'Fifo', 'RefreshPolicy': 'AllBank', 'RefreshMaxPostponed': 7, 'RefreshMaxPulledin': 3, 'Arbiter': 'Simple', 'MaxActiveTransactions': 33}",[[0.10164712 1.58759    0.06402625]]
76.38925,"{'PagePolicy': 'OpenAdaptive', 'Scheduler': 'FrFcfs', 'SchedulerBuffer': 'Shared', 'RequestBufferSize': 1, 'RespQueue': 'Fifo', 'RefreshPolicy': 'NoRefresh', 'RefreshMaxPostponed': 5, 'RefreshMaxPulledin': 6, 'Arbiter': 'Simple', 'MaxActiveTransactions': 73}",[[0.11804122 1.24659    0.09469125]]
76.38925,"{'PagePolicy': 'OpenAdaptive', 'Scheduler': 'FrFcfs', 'SchedulerBuffer': 'Shared', 'RequestBufferSize': 1, 'RespQueue': 'Fifo', 'RefreshPolicy': 'NoRefresh', 'RefreshMaxPostponed': 5, 'RefreshMaxPulledin': 6, 'Arbiter': 'Simple', 'MaxActiveTransactions': 73}",[[0.11804122 1.24659    0.09469125]]
76.38925,"{'PagePolicy': 'OpenAdaptive', 'Scheduler': 'FrFcfs', 'SchedulerBuffer': 'Shared', 'RequestBufferSize': 1, 'RespQueue': 'Fifo', 'RefreshPolicy': 'NoRefresh', 'RefreshMaxPostponed': 8, 'RefreshMaxPulledin': 2, 'Arbiter': 'Fifo', 'MaxActiveTransactions': 66}",[[0.11804122 1.24659    0.09469125]]
76.38925,"{'PagePolicy': 'OpenAdaptive', 'Scheduler': 'FrFcfs', 'SchedulerBuffer': 'Shared', 'RequestBufferSize': 1, 'RespQueue': 'Fifo', 'RefreshPolicy': 'NoRefresh', 'RefreshMaxPostponed': 8, 'RefreshMaxPulledin': 2, 'Arbiter': 'Fifo', 'MaxActiveTransactions': 66}",[[0.11804122 1.24659    0.09469125]]
2.1112683,"{'PagePolicy': 'ClosedAdaptive', 'Scheduler': 'FrFcfs', 'SchedulerBuffer': 'Shared', 'RequestBufferSize': 3, 'RespQueue': 'Fifo', 'RefreshPolicy': 'NoRefresh', 'RefreshMaxPostponed': 7, 'RefreshMaxPulledin': 4, 'Arbiter': 'Reorder', 'MaxActiveTransactions': 64}",[[0.09317198 1.91993    0.0485125 ]]
2.1112683,"{'PagePolicy': 'ClosedAdaptive', 'Scheduler': 'FrFcfs', 'SchedulerBuffer': 'Shared', 'RequestBufferSize': 3, 'RespQueue': 'Fifo', 'RefreshPolicy': 'NoRefresh', 'RefreshMaxPostponed': 7, 'RefreshMaxPulledin': 4, 'Arbiter': 'Reorder', 'MaxActiveTransactions': 64}",[[0.09317198 1.91993    0.0485125 ]]
4.7286334,"{'PagePolicy': 'OpenAdaptive', 'Scheduler': 'FrFcfs', 'SchedulerBuffer': 'Shared', 'RequestBufferSize': 2, 'RespQueue': 'Fifo', 'RefreshPolicy': 'NoRefresh', 'RefreshMaxPostponed': 3, 'RefreshMaxPulledin': 4, 'Arbiter': 'Fifo', 'MaxActiveTransactions': 47}",[[0.10143487 1.58644    0.06393875]]
4.7286334,"{'PagePolicy': 'OpenAdaptive', 'Scheduler': 'FrFcfs', 'SchedulerBuffer': 'Shared', 'RequestBufferSize': 2, 'RespQueue': 'Fifo', 'RefreshPolicy': 'NoRefresh', 'RefreshMaxPostponed': 3, 'RefreshMaxPulledin': 4, 'Arbiter': 'Fifo', 'MaxActiveTransactions': 47}",[[0.10143487 1.58644    0.06393875]]
80.32791,"{'PagePolicy': 'OpenAdaptive', 'Scheduler': 'FrFcfs', 'SchedulerBuffer': 'Shared', 'RequestBufferSize': 1, 'RespQueue': 'Fifo', 'RefreshPolicy': 'AllBank', 'RefreshMaxPostponed': 5, 'RefreshMaxPulledin': 5, 'Arbiter': 'Fifo', 'MaxActiveTransactions': 4}",[[0.1194942 1.25602   0.0951375]]
80.32791,"{'PagePolicy': 'OpenAdaptive', 'Scheduler': 'FrFcfs', 'SchedulerBuffer': 'Shared', 'RequestBufferSize': 1, 'RespQueue': 'Fifo', 'RefreshPolicy': 'AllBank', 'RefreshMaxPostponed': 5, 'RefreshMaxPulledin': 5, 'Arbiter': 'Fifo', 'MaxActiveTransactions': 4}",[[0.1194942 1.25602   0.0951375]]
52.069836,"{'PagePolicy': 'OpenAdaptive', 'Scheduler': 'FrFcfs', 'SchedulerBuffer': 'Shared', 'RequestBufferSize': 1, 'RespQueue': 'Fifo', 'RefreshPolicy': 'AllBank', 'RefreshMaxPostponed': 1, 'RefreshMaxPulledin': 8, 'Arbiter': 'Fifo', 'MaxActiveTransactions': 1}",[[0.15830176 0.96964    0.1632575 ]]
52.069836,"{'PagePolicy': 'OpenAdaptive', 'Scheduler': 'FrFcfs', 'SchedulerBuffer': 'Shared', 'RequestBufferSize': 1, 'RespQueue': 'Fifo', 'RefreshPolicy': 'AllBank', 'RefreshMaxPostponed': 1, 'RefreshMaxPulledin': 8, 'Arbiter': 'Fifo', 'MaxActiveTransactions': 1}",[[0.15830176 0.96964    0.1632575 ]]
21.380138,"{'PagePolicy': 'Closed', 'Scheduler': 'Fifo', 'SchedulerBuffer': 'ReadWrite', 'RequestBufferSize': 1, 'RespQueue': 'Reorder', 'RefreshPolicy': 'AllBank', 'RefreshMaxPostponed': 6, 'RefreshMaxPulledin': 8, 'Arbiter': 'Fifo', 'MaxActiveTransactions': 1}",[[0.21346454 1.04485    0.20428625]]
21.380138,"{'PagePolicy': 'Closed', 'Scheduler': 'Fifo', 'SchedulerBuffer': 'ReadWrite', 'RequestBufferSize': 1, 'RespQueue': 'Reorder', 'RefreshPolicy': 'AllBank', 'RefreshMaxPostponed': 6, 'RefreshMaxPulledin': 8, 'Arbiter': 'Fifo', 'MaxActiveTransactions': 1}",[[0.21346454 1.04485    0.20428625]]
3.9066114,"{'PagePolicy': 'OpenAdaptive', 'Scheduler': 'FrFcfs', 'SchedulerBuffer': 'Shared', 'RequestBufferSize': 1, 'RespQueue': 'Fifo', 'RefreshPolicy': 'AllBank', 'RefreshMaxPostponed': 5, 'RefreshMaxPulledin': 5, 'Arbiter': 'Fifo', 'MaxActiveTransactions': 6}",[[1.1947935e-01 1.2562200e+00 9.5110001e-05]]
3.9066114,"{'PagePolicy': 'OpenAdaptive', 'Scheduler': 'FrFcfs', 'SchedulerBuffer': 'Shared', 'RequestBufferSize': 1, 'RespQueue': 'Fifo', 'RefreshPolicy': 'AllBank', 'RefreshMaxPostponed': 5, 'RefreshMaxPulledin': 5, 'Arbiter': 'Fifo', 'MaxActiveTransactions': 6}",[[1.1947935e-01 1.2562200e+00 9.5110001e-05]]
76.38925,"{'PagePolicy': 'OpenAdaptive', 'Scheduler': 'FrFcfs', 'SchedulerBuffer': 'Shared', 'RequestBufferSize': 1, 'RespQueue': 'Fifo', 'RefreshPolicy': 'NoRefresh', 'RefreshMaxPostponed': 5, 'RefreshMaxPulledin': 6, 'Arbiter': 'Simple', 'MaxActiveTransactions': 39}",[[0.11804122 1.24659    0.09469125]]
76.38925,"{'PagePolicy': 'OpenAdaptive', 'Scheduler': 'FrFcfs', 'SchedulerBuffer': 'Shared', 'RequestBufferSize': 1, 'RespQueue': 'Fifo', 'RefreshPolicy': 'NoRefresh', 'RefreshMaxPostponed': 5, 'RefreshMaxPulledin': 6, 'Arbiter': 'Simple', 'MaxActiveTransactions': 39}",[[0.11804122 1.24659    0.09469125]]
11.11846,"{'PagePolicy': 'ClosedAdaptive', 'Scheduler': 'FrFcfsGrp', 'SchedulerBuffer': 'ReadWrite', 'RequestBufferSize': 1, 'RespQueue': 'Reorder', 'RefreshPolicy': 'NoRefresh', 'RefreshMaxPostponed': 1, 'RefreshMaxPulledin': 1, 'Arbiter': 'Reorder', 'MaxActiveTransactions': 128}",[[0.19102117 1.13041    0.1689675 ]]
11.11846,"{'PagePolicy': 'ClosedAdaptive', 'Scheduler': 'FrFcfsGrp', 'SchedulerBuffer': 'ReadWrite', 'RequestBufferSize': 1, 'RespQueue': 'Reorder', 'RefreshPolicy': 'NoRefresh', 'RefreshMaxPostponed': 1, 'RefreshMaxPulledin': 1, 'Arbiter': 'Reorder', 'MaxActiveTransactions': 128}",[[0.19102117 1.13041    0.1689675 ]]
76.38925,"{'PagePolicy': 'OpenAdaptive', 'Scheduler': 'FrFcfs', 'SchedulerBuffer': 'Shared', 'RequestBufferSize': 1, 'RespQueue': 'Fifo', 'RefreshPolicy': 'NoRefresh', 'RefreshMaxPostponed': 4, 'RefreshMaxPulledin': 2, 'Arbiter': 'Simple', 'MaxActiveTransactions': 106}",[[0.11804122 1.24659    0.09469125]]
76.38925,"{'PagePolicy': 'OpenAdaptive', 'Scheduler': 'FrFcfs', 'SchedulerBuffer': 'Shared', 'RequestBufferSize': 1, 'RespQueue': 'Fifo', 'RefreshPolicy': 'NoRefresh', 'RefreshMaxPostponed': 4, 'RefreshMaxPulledin': 2, 'Arbiter': 'Simple', 'MaxActiveTransactions': 106}",[[0.11804122 1.24659    0.09469125]]
76.38925,"{'PagePolicy': 'OpenAdaptive', 'Scheduler': 'FrFcfs', 'SchedulerBuffer': 'Shared', 'RequestBufferSize': 1, 'RespQueue': 'Fifo', 'RefreshPolicy': 'NoRefresh', 'RefreshMaxPostponed': 6, 'RefreshMaxPulledin': 2, 'Arbiter': 'Fifo', 'MaxActiveTransactions': 107}",[[0.11804122 1.24659    0.09469125]]
76.38925,"{'PagePolicy': 'OpenAdaptive', 'Scheduler': 'FrFcfs', 'SchedulerBuffer': 'Shared', 'RequestBufferSize': 1, 'RespQueue': 'Fifo', 'RefreshPolicy': 'NoRefresh', 'RefreshMaxPostponed': 6, 'RefreshMaxPulledin': 2, 'Arbiter': 'Fifo', 'MaxActiveTransactions': 107}",[[0.11804122 1.24659    0.09469125]]
11.11846,"{'PagePolicy': 'ClosedAdaptive', 'Scheduler': 'Fifo', 'SchedulerBuffer': 'Shared', 'RequestBufferSize': 1, 'RespQueue': 'Reorder', 'RefreshPolicy': 'NoRefresh', 'RefreshMaxPostponed': 4, 'RefreshMaxPulledin': 5, 'Arbiter': 'Reorder', 'MaxActiveTransactions': 109}",[[0.19102117 1.13041    0.1689675 ]]
11.11846,"{'PagePolicy': 'ClosedAdaptive', 'Scheduler': 'Fifo', 'SchedulerBuffer': 'Shared', 'RequestBufferSize': 1, 'RespQueue': 'Reorder', 'RefreshPolicy': 'NoRefresh', 'RefreshMaxPostponed': 4, 'RefreshMaxPulledin': 5, 'Arbiter': 'Reorder', 'MaxActiveTransactions': 109}",[[0.19102117 1.13041    0.1689675 ]]
76.38925,"{'PagePolicy': 'OpenAdaptive', 'Scheduler': 'Fifo', 'SchedulerBuffer': 'ReadWrite', 'RequestBufferSize': 1, 'RespQueue': 'Reorder', 'RefreshPolicy': 'NoRefresh', 'RefreshMaxPostponed': 1, 'RefreshMaxPulledin': 8, 'Arbiter': 'Reorder', 'MaxActiveTransactions': 128}",[[0.11804122 1.24659    0.09469125]]
76.38925,"{'PagePolicy': 'OpenAdaptive', 'Scheduler': 'Fifo', 'SchedulerBuffer': 'ReadWrite', 'RequestBufferSize': 1, 'RespQueue': 'Reorder', 'RefreshPolicy': 'NoRefresh', 'RefreshMaxPostponed': 1, 'RefreshMaxPulledin': 8, 'Arbiter': 'Reorder', 'MaxActiveTransactions': 128}",[[0.11804122 1.24659    0.09469125]]
76.38925,"{'PagePolicy': 'OpenAdaptive', 'Scheduler': 'FrFcfsGrp', 'SchedulerBuffer': 'Bankwise', 'RequestBufferSize': 1, 'RespQueue': 'Reorder', 'RefreshPolicy': 'NoRefresh', 'RefreshMaxPostponed': 8, 'RefreshMaxPulledin': 1, 'Arbiter': 'Reorder', 'MaxActiveTransactions': 128}",[[0.11804122 1.24659    0.09469125]]
76.38925,"{'PagePolicy': 'OpenAdaptive', 'Scheduler': 'FrFcfsGrp', 'SchedulerBuffer': 'Bankwise', 'RequestBufferSize': 1, 'RespQueue': 'Reorder', 'RefreshPolicy': 'NoRefresh', 'RefreshMaxPostponed': 8, 'RefreshMaxPulledin': 1, 'Arbiter': 'Reorder', 'MaxActiveTransactions': 128}",[[0.11804122 1.24659    0.09469125]]
76.38925,"{'PagePolicy': 'OpenAdaptive', 'Scheduler': 'Fifo', 'SchedulerBuffer': 'Bankwise', 'RequestBufferSize': 1, 'RespQueue': 'Reorder', 'RefreshPolicy': 'NoRefresh', 'RefreshMaxPostponed': 1, 'RefreshMaxPulledin': 6, 'Arbiter': 'Fifo', 'MaxActiveTransactions': 40}",[[0.11804122 1.24659    0.09469125]]
76.38925,"{'PagePolicy': 'OpenAdaptive', 'Scheduler': 'Fifo', 'SchedulerBuffer': 'Bankwise', 'RequestBufferSize': 1, 'RespQueue': 'Reorder', 'RefreshPolicy': 'NoRefresh', 'RefreshMaxPostponed': 1, 'RefreshMaxPulledin': 6, 'Arbiter': 'Fifo', 'MaxActiveTransactions': 40}",[[0.11804122 1.24659    0.09469125]]
33.047062,"{'PagePolicy': 'OpenAdaptive', 'Scheduler': 'Fifo', 'SchedulerBuffer': 'ReadWrite', 'RequestBufferSize': 1, 'RespQueue': 'Fifo', 'RefreshPolicy': 'NoRefresh', 'RefreshMaxPostponed': 8, 'RefreshMaxPulledin': 5, 'Arbiter': 'Reorder', 'MaxActiveTransactions': 1}",[[0.15468292 0.95162    0.16254625]]
33.047062,"{'PagePolicy': 'OpenAdaptive', 'Scheduler': 'Fifo', 'SchedulerBuffer': 'ReadWrite', 'RequestBufferSize': 1, 'RespQueue': 'Fifo', 'RefreshPolicy': 'NoRefresh', 'RefreshMaxPostponed': 8, 'RefreshMaxPulledin': 5, 'Arbiter': 'Reorder', 'MaxActiveTransactions': 1}",[[0.15468292 0.95162    0.16254625]]
76.38925,"{'PagePolicy': 'OpenAdaptive', 'Scheduler': 'FrFcfs', 'SchedulerBuffer': 'Bankwise', 'RequestBufferSize': 1, 'RespQueue': 'Reorder', 'RefreshPolicy': 'NoRefresh', 'RefreshMaxPostponed': 1, 'RefreshMaxPulledin': 8, 'Arbiter': 'Simple', 'MaxActiveTransactions': 128}",[[0.11804122 1.24659    0.09469125]]
76.38925,"{'PagePolicy': 'OpenAdaptive', 'Scheduler': 'FrFcfs', 'SchedulerBuffer': 'Bankwise', 'RequestBufferSize': 1, 'RespQueue': 'Reorder', 'RefreshPolicy': 'NoRefresh', 'RefreshMaxPostponed': 1, 'RefreshMaxPulledin': 8, 'Arbiter': 'Simple', 'MaxActiveTransactions': 128}",[[0.11804122 1.24659    0.09469125]]
76.38925,"{'PagePolicy': 'OpenAdaptive', 'Scheduler': 'FrFcfs', 'SchedulerBuffer': 'Bankwise', 'RequestBufferSize': 1, 'RespQueue': 'Reorder', 'RefreshPolicy': 'NoRefresh', 'RefreshMaxPostponed': 1, 'RefreshMaxPulledin': 1, 'Arbiter': 'Fifo', 'MaxActiveTransactions': 128}",[[0.11804122 1.24659    0.09469125]]
76.38925,"{'PagePolicy': 'OpenAdaptive', 'Scheduler': 'FrFcfs', 'SchedulerBuffer': 'Bankwise', 'RequestBufferSize': 1, 'RespQueue': 'Reorder', 'RefreshPolicy': 'NoRefresh', 'RefreshMaxPostponed': 1, 'RefreshMaxPulledin': 1, 'Arbiter': 'Fifo', 'MaxActiveTransactions': 128}",[[0.11804122 1.24659    0.09469125]]
76.38925,"{'PagePolicy': 'OpenAdaptive', 'Scheduler': 'FrFcfsGrp', 'SchedulerBuffer': 'Bankwise', 'RequestBufferSize': 1, 'RespQueue': 'Reorder', 'RefreshPolicy': 'NoRefresh', 'RefreshMaxPostponed': 1, 'RefreshMaxPulledin': 8, 'Arbiter': 'Simple', 'MaxActiveTransactions': 128}",[[0.11804122 1.24659    0.09469125]]
76.38925,"{'PagePolicy': 'OpenAdaptive', 'Scheduler': 'FrFcfsGrp', 'SchedulerBuffer': 'Bankwise', 'RequestBufferSize': 1, 'RespQueue': 'Reorder', 'RefreshPolicy': 'NoRefresh', 'RefreshMaxPostponed': 1, 'RefreshMaxPulledin': 8, 'Arbiter': 'Simple', 'MaxActiveTransactions': 128}",[[0.11804122 1.24659    0.09469125]]
78.71727,"{'PagePolicy': 'OpenAdaptive', 'Scheduler': 'Fifo', 'SchedulerBuffer': 'Bankwise', 'RequestBufferSize': 1, 'RespQueue': 'Fifo', 'RefreshPolicy': 'AllBank', 'RefreshMaxPostponed': 8, 'RefreshMaxPulledin': 8, 'Arbiter': 'Simple', 'MaxActiveTransactions': 128}",[[0.11887282 1.25187    0.09495625]]
78.71727,"{'PagePolicy': 'OpenAdaptive', 'Scheduler': 'Fifo', 'SchedulerBuffer': 'Bankwise', 'RequestBufferSize': 1, 'RespQueue': 'Fifo', 'RefreshPolicy': 'AllBank', 'RefreshMaxPostponed': 8, 'RefreshMaxPulledin': 8, 'Arbiter': 'Simple', 'MaxActiveTransactions': 128}",[[0.11887282 1.25187    0.09495625]]
3.0948737,"{'PagePolicy': 'OpenAdaptive', 'Scheduler': 'FrFcfs', 'SchedulerBuffer': 'ReadWrite', 'RequestBufferSize': 4, 'RespQueue': 'Fifo', 'RefreshPolicy': 'NoRefresh', 'RefreshMaxPostponed': 4, 'RefreshMaxPulledin': 6, 'Arbiter': 'Fifo', 'MaxActiveTransactions': 4}",[[0.09715403 1.73454    0.05601125]]
3.0948737,"{'PagePolicy': 'OpenAdaptive', 'Scheduler': 'FrFcfs', 'SchedulerBuffer': 'ReadWrite', 'RequestBufferSize': 4, 'RespQueue': 'Fifo', 'RefreshPolicy': 'NoRefresh', 'RefreshMaxPostponed': 4, 'RefreshMaxPulledin': 6, 'Arbiter': 'Fifo', 'MaxActiveTransactions': 4}",[[0.09715403 1.73454    0.05601125]]
76.38925,"{'PagePolicy': 'OpenAdaptive', 'Scheduler': 'FrFcfs', 'SchedulerBuffer': 'Shared', 'RequestBufferSize': 1, 'RespQueue': 'Reorder', 'RefreshPolicy': 'NoRefresh', 'RefreshMaxPostponed': 1, 'RefreshMaxPulledin': 1, 'Arbiter': 'Simple', 'MaxActiveTransactions': 128}",[[0.11804122 1.24659    0.09469125]]
76.38925,"{'PagePolicy': 'OpenAdaptive', 'Scheduler': 'FrFcfs', 'SchedulerBuffer': 'Shared', 'RequestBufferSize': 1, 'RespQueue': 'Reorder', 'RefreshPolicy': 'NoRefresh', 'RefreshMaxPostponed': 1, 'RefreshMaxPulledin': 1, 'Arbiter': 'Simple', 'MaxActiveTransactions': 128}",[[0.11804122 1.24659    0.09469125]]
76.38925,"{'PagePolicy': 'OpenAdaptive', 'Scheduler': 'FrFcfsGrp', 'SchedulerBuffer': 'ReadWrite', 'RequestBufferSize': 1, 'RespQueue': 'Fifo', 'RefreshPolicy': 'NoRefresh', 'RefreshMaxPostponed': 8, 'RefreshMaxPulledin': 8, 'Arbiter': 'Fifo', 'MaxActiveTransactions': 128}",[[0.11804122 1.24659    0.09469125]]
76.38925,"{'PagePolicy': 'OpenAdaptive', 'Scheduler': 'FrFcfsGrp', 'SchedulerBuffer': 'ReadWrite', 'RequestBufferSize': 1, 'RespQueue': 'Fifo', 'RefreshPolicy': 'NoRefresh', 'RefreshMaxPostponed': 8, 'RefreshMaxPulledin': 8, 'Arbiter': 'Fifo', 'MaxActiveTransactions': 128}",[[0.11804122 1.24659    0.09469125]]
78.71727,"{'PagePolicy': 'OpenAdaptive', 'Scheduler': 'FrFcfs', 'SchedulerBuffer': 'Bankwise', 'RequestBufferSize': 1, 'RespQueue': 'Fifo', 'RefreshPolicy': 'AllBank', 'RefreshMaxPostponed': 8, 'RefreshMaxPulledin': 6, 'Arbiter': 'Simple', 'MaxActiveTransactions': 128}",[[0.11887282 1.25187    0.09495625]]
78.71727,"{'PagePolicy': 'OpenAdaptive', 'Scheduler': 'FrFcfs', 'SchedulerBuffer': 'Bankwise', 'RequestBufferSize': 1, 'RespQueue': 'Fifo', 'RefreshPolicy': 'AllBank', 'RefreshMaxPostponed': 8, 'RefreshMaxPulledin': 6, 'Arbiter': 'Simple', 'MaxActiveTransactions': 128}",[[0.11887282 1.25187    0.09495625]]
1.4305712,"{'PagePolicy': 'ClosedAdaptive', 'Scheduler': 'FrFcfsGrp', 'SchedulerBuffer': 'ReadWrite', 'RequestBufferSize': 8, 'RespQueue': 'Fifo', 'RefreshPolicy': 'AllBank', 'RefreshMaxPostponed': 7, 'RefreshMaxPulledin': 7, 'Arbiter': 'Simple', 'MaxActiveTransactions': 2}",[[0.08898892 2.18063    0.0407925 ]]
1.4305712,"{'PagePolicy': 'ClosedAdaptive', 'Scheduler': 'FrFcfsGrp', 'SchedulerBuffer': 'ReadWrite', 'RequestBufferSize': 8, 'RespQueue': 'Fifo', 'RefreshPolicy': 'AllBank', 'RefreshMaxPostponed': 7, 'RefreshMaxPulledin': 7, 'Arbiter': 'Simple', 'MaxActiveTransactions': 2}",[[0.08898892 2.18063    0.0407925 ]]
82.17606,"{'PagePolicy': 'OpenAdaptive', 'Scheduler': 'Fifo', 'SchedulerBuffer': 'ReadWrite', 'RequestBufferSize': 1, 'RespQueue': 'Fifo', 'RefreshPolicy': 'AllBank', 'RefreshMaxPostponed': 1, 'RefreshMaxPulledin': 8, 'Arbiter': 'Simple', 'MaxActiveTransactions': 128}",[[0.12032797 1.26191    0.09535375]]
82.17606,"{'PagePolicy': 'OpenAdaptive', 'Scheduler': 'Fifo', 'SchedulerBuffer': 'ReadWrite', 'RequestBufferSize': 1, 'RespQueue': 'Fifo', 'RefreshPolicy': 'AllBank', 'RefreshMaxPostponed': 1, 'RefreshMaxPulledin': 8, 'Arbiter': 'Simple', 'MaxActiveTransactions': 128}",[[0.12032797 1.26191    0.09535375]]
82.17606,"{'PagePolicy': 'OpenAdaptive', 'Scheduler': 'Fifo', 'SchedulerBuffer': 'Bankwise', 'RequestBufferSize': 1, 'RespQueue': 'Reorder', 'RefreshPolicy': 'AllBank', 'RefreshMaxPostponed': 1, 'RefreshMaxPulledin': 1, 'Arbiter': 'Simple', 'MaxActiveTransactions': 128}",[[0.12032797 1.26191    0.09535375]]
82.17606,"{'PagePolicy': 'OpenAdaptive', 'Scheduler': 'Fifo', 'SchedulerBuffer': 'Bankwise', 'RequestBufferSize': 1, 'RespQueue': 'Reorder', 'RefreshPolicy': 'AllBank', 'RefreshMaxPostponed': 1, 'RefreshMaxPulledin': 1, 'Arbiter': 'Simple', 'MaxActiveTransactions': 128}",[[0.12032797 1.26191    0.09535375]]
76.38925,"{'PagePolicy': 'OpenAdaptive', 'Scheduler': 'Fifo', 'SchedulerBuffer': 'Shared', 'RequestBufferSize': 1, 'RespQueue': 'Reorder', 'RefreshPolicy': 'NoRefresh', 'RefreshMaxPostponed': 8, 'RefreshMaxPulledin': 4, 'Arbiter': 'Reorder', 'MaxActiveTransactions': 40}",[[0.11804122 1.24659    0.09469125]]
76.38925,"{'PagePolicy': 'OpenAdaptive', 'Scheduler': 'Fifo', 'SchedulerBuffer': 'Shared', 'RequestBufferSize': 1, 'RespQueue': 'Reorder', 'RefreshPolicy': 'NoRefresh', 'RefreshMaxPostponed': 8, 'RefreshMaxPulledin': 4, 'Arbiter': 'Reorder', 'MaxActiveTransactions': 40}",[[0.11804122 1.24659    0.09469125]]
82.17606,"{'PagePolicy': 'OpenAdaptive', 'Scheduler': 'Fifo', 'SchedulerBuffer': 'ReadWrite', 'RequestBufferSize': 1, 'RespQueue': 'Reorder', 'RefreshPolicy': 'AllBank', 'RefreshMaxPostponed': 1, 'RefreshMaxPulledin': 1, 'Arbiter': 'Simple', 'MaxActiveTransactions': 128}",[[0.12032797 1.26191    0.09535375]]
82.17606,"{'PagePolicy': 'OpenAdaptive', 'Scheduler': 'Fifo', 'SchedulerBuffer': 'ReadWrite', 'RequestBufferSize': 1, 'RespQueue': 'Reorder', 'RefreshPolicy': 'AllBank', 'RefreshMaxPostponed': 1, 'RefreshMaxPulledin': 1, 'Arbiter': 'Simple', 'MaxActiveTransactions': 128}",[[0.12032797 1.26191    0.09535375]]
80.32791,"{'PagePolicy': 'OpenAdaptive', 'Scheduler': 'Fifo', 'SchedulerBuffer': 'Bankwise', 'RequestBufferSize': 1, 'RespQueue': 'Reorder', 'RefreshPolicy': 'AllBank', 'RefreshMaxPostponed': 5, 'RefreshMaxPulledin': 3, 'Arbiter': 'Fifo', 'MaxActiveTransactions': 4}",[[0.1194942 1.25602   0.0951375]]
80.32791,"{'PagePolicy': 'OpenAdaptive', 'Scheduler': 'Fifo', 'SchedulerBuffer': 'Bankwise', 'RequestBufferSize': 1, 'RespQueue': 'Reorder', 'RefreshPolicy': 'AllBank', 'RefreshMaxPostponed': 5, 'RefreshMaxPulledin': 3, 'Arbiter': 'Fifo', 'MaxActiveTransactions': 4}",[[0.1194942 1.25602   0.0951375]]
78.71727,"{'PagePolicy': 'OpenAdaptive', 'Scheduler': 'FrFcfs', 'SchedulerBuffer': 'ReadWrite', 'RequestBufferSize': 1, 'RespQueue': 'Reorder', 'RefreshPolicy': 'AllBank', 'RefreshMaxPostponed': 8, 'RefreshMaxPulledin': 4, 'Arbiter': 'Simple', 'MaxActiveTransactions': 128}",[[0.11887282 1.25187    0.09495625]]
78.71727,"{'PagePolicy': 'OpenAdaptive', 'Scheduler': 'FrFcfs', 'SchedulerBuffer': 'ReadWrite', 'RequestBufferSize': 1, 'RespQueue': 'Reorder', 'RefreshPolicy': 'AllBank', 'RefreshMaxPostponed': 8, 'RefreshMaxPulledin': 4, 'Arbiter': 'Simple', 'MaxActiveTransactions': 128}",[[0.11887282 1.25187    0.09495625]]
82.17606,"{'PagePolicy': 'OpenAdaptive', 'Scheduler': 'Fifo', 'SchedulerBuffer': 'ReadWrite', 'RequestBufferSize': 1, 'RespQueue': 'Fifo', 'RefreshPolicy': 'AllBank', 'RefreshMaxPostponed': 1, 'RefreshMaxPulledin': 1, 'Arbiter': 'Simple', 'MaxActiveTransactions': 128}",[[0.12032797 1.26191    0.09535375]]
82.17606,"{'PagePolicy': 'OpenAdaptive', 'Scheduler': 'Fifo', 'SchedulerBuffer': 'ReadWrite', 'RequestBufferSize': 1, 'RespQueue': 'Fifo', 'RefreshPolicy': 'AllBank', 'RefreshMaxPostponed': 1, 'RefreshMaxPulledin': 1, 'Arbiter': 'Simple', 'MaxActiveTransactions': 128}",[[0.12032797 1.26191    0.09535375]]
78.71727,"{'PagePolicy': 'OpenAdaptive', 'Scheduler': 'FrFcfsGrp', 'SchedulerBuffer': 'Bankwise', 'RequestBufferSize': 1, 'RespQueue': 'Fifo', 'RefreshPolicy': 'AllBank', 'RefreshMaxPostponed': 8, 'RefreshMaxPulledin': 5, 'Arbiter': 'Simple', 'MaxActiveTransactions': 128}",[[0.11887282 1.25187    0.09495625]]
78.71727,"{'PagePolicy': 'OpenAdaptive', 'Scheduler': 'FrFcfsGrp', 'SchedulerBuffer': 'Bankwise', 'RequestBufferSize': 1, 'RespQueue': 'Fifo', 'RefreshPolicy': 'AllBank', 'RefreshMaxPostponed': 8, 'RefreshMaxPulledin': 5, 'Arbiter': 'Simple', 'MaxActiveTransactions': 128}",[[0.11887282 1.25187    0.09495625]]
78.71727,"{'PagePolicy': 'OpenAdaptive', 'Scheduler': 'FrFcfsGrp', 'SchedulerBuffer': 'Bankwise', 'RequestBufferSize': 1, 'RespQueue': 'Fifo', 'RefreshPolicy': 'AllBank', 'RefreshMaxPostponed': 8, 'RefreshMaxPulledin': 1, 'Arbiter': 'Simple', 'MaxActiveTransactions': 128}",[[0.11887282 1.25187    0.09495625]]
78.71727,"{'PagePolicy': 'OpenAdaptive', 'Scheduler': 'FrFcfsGrp', 'SchedulerBuffer': 'Bankwise', 'RequestBufferSize': 1, 'RespQueue': 'Fifo', 'RefreshPolicy': 'AllBank', 'RefreshMaxPostponed': 8, 'RefreshMaxPulledin': 1, 'Arbiter': 'Simple', 'MaxActiveTransactions': 128}",[[0.11887282 1.25187    0.09495625]]
76.38925,"{'PagePolicy': 'OpenAdaptive', 'Scheduler': 'FrFcfs', 'SchedulerBuffer': 'Shared', 'RequestBufferSize': 1, 'RespQueue': 'Reorder', 'RefreshPolicy': 'NoRefresh', 'RefreshMaxPostponed': 6, 'RefreshMaxPulledin': 7, 'Arbiter': 'Simple', 'MaxActiveTransactions': 54}",[[0.11804122 1.24659    0.09469125]]
76.38925,"{'PagePolicy': 'OpenAdaptive', 'Scheduler': 'FrFcfs', 'SchedulerBuffer': 'Shared', 'RequestBufferSize': 1, 'RespQueue': 'Reorder', 'RefreshPolicy': 'NoRefresh', 'RefreshMaxPostponed': 6, 'RefreshMaxPulledin': 7, 'Arbiter': 'Simple', 'MaxActiveTransactions': 54}",[[0.11804122 1.24659    0.09469125]]
78.71727,"{'PagePolicy': 'OpenAdaptive', 'Scheduler': 'Fifo', 'SchedulerBuffer': 'Bankwise', 'RequestBufferSize': 1, 'RespQueue': 'Reorder', 'RefreshPolicy': 'AllBank', 'RefreshMaxPostponed': 8, 'RefreshMaxPulledin': 8, 'Arbiter': 'Reorder', 'MaxActiveTransactions': 128}",[[0.11887282 1.25187    0.09495625]]
78.71727,"{'PagePolicy': 'OpenAdaptive', 'Scheduler': 'Fifo', 'SchedulerBuffer': 'Bankwise', 'RequestBufferSize': 1, 'RespQueue': 'Reorder', 'RefreshPolicy': 'AllBank', 'RefreshMaxPostponed': 8, 'RefreshMaxPulledin': 8, 'Arbiter': 'Reorder', 'MaxActiveTransactions': 128}",[[0.11887282 1.25187    0.09495625]]
80.32791,"{'PagePolicy': 'OpenAdaptive', 'Scheduler': 'Fifo', 'SchedulerBuffer': 'Shared', 'RequestBufferSize': 1, 'RespQueue': 'Fifo', 'RefreshPolicy': 'AllBank', 'RefreshMaxPostponed': 5, 'RefreshMaxPulledin': 8, 'Arbiter': 'Fifo', 'MaxActiveTransactions': 4}",[[0.1194942 1.25602   0.0951375]]
80.32791,"{'PagePolicy': 'OpenAdaptive', 'Scheduler': 'Fifo', 'SchedulerBuffer': 'Shared', 'RequestBufferSize': 1, 'RespQueue': 'Fifo', 'RefreshPolicy': 'AllBank', 'RefreshMaxPostponed': 5, 'RefreshMaxPulledin': 8, 'Arbiter': 'Fifo', 'MaxActiveTransactions': 4}",[[0.1194942 1.25602   0.0951375]]
82.17606,"{'PagePolicy': 'OpenAdaptive', 'Scheduler': 'Fifo', 'SchedulerBuffer': 'Bankwise', 'RequestBufferSize': 1, 'RespQueue': 'Fifo', 'RefreshPolicy': 'AllBank', 'RefreshMaxPostponed': 1, 'RefreshMaxPulledin': 7, 'Arbiter': 'Reorder', 'MaxActiveTransactions': 128}",[[0.12032797 1.26191    0.09535375]]
82.17606,"{'PagePolicy': 'OpenAdaptive', 'Scheduler': 'Fifo', 'SchedulerBuffer': 'Bankwise', 'RequestBufferSize': 1, 'RespQueue': 'Fifo', 'RefreshPolicy': 'AllBank', 'RefreshMaxPostponed': 1, 'RefreshMaxPulledin': 7, 'Arbiter': 'Reorder', 'MaxActiveTransactions': 128}",[[0.12032797 1.26191    0.09535375]]
82.17606,"{'PagePolicy': 'OpenAdaptive', 'Scheduler': 'Fifo', 'SchedulerBuffer': 'Shared', 'RequestBufferSize': 1, 'RespQueue': 'Reorder', 'RefreshPolicy': 'AllBank', 'RefreshMaxPostponed': 1, 'RefreshMaxPulledin': 8, 'Arbiter': 'Reorder', 'MaxActiveTransactions': 128}",[[0.12032797 1.26191    0.09535375]]
82.17606,"{'PagePolicy': 'OpenAdaptive', 'Scheduler': 'Fifo', 'SchedulerBuffer': 'Shared', 'RequestBufferSize': 1, 'RespQueue': 'Reorder', 'RefreshPolicy': 'AllBank', 'RefreshMaxPostponed': 1, 'RefreshMaxPulledin': 8, 'Arbiter': 'Reorder', 'MaxActiveTransactions': 128}",[[0.12032797 1.26191    0.09535375]]
78.71727,"{'PagePolicy': 'OpenAdaptive', 'Scheduler': 'FrFcfsGrp', 'SchedulerBuffer': 'Shared', 'RequestBufferSize': 1, 'RespQueue': 'Fifo', 'RefreshPolicy': 'AllBank', 'RefreshMaxPostponed': 8, 'RefreshMaxPulledin': 7, 'Arbiter': 'Simple', 'MaxActiveTransactions': 128}",[[0.11887282 1.25187    0.09495625]]
78.71727,"{'PagePolicy': 'OpenAdaptive', 'Scheduler': 'FrFcfsGrp', 'SchedulerBuffer': 'Shared', 'RequestBufferSize': 1, 'RespQueue': 'Fifo', 'RefreshPolicy': 'AllBank', 'RefreshMaxPostponed': 8, 'RefreshMaxPulledin': 7, 'Arbiter': 'Simple', 'MaxActiveTransactions': 128}",[[0.11887282 1.25187    0.09495625]]
81.18185,"{'PagePolicy': 'OpenAdaptive', 'Scheduler': 'Fifo', 'SchedulerBuffer': 'Bankwise', 'RequestBufferSize': 1, 'RespQueue': 'Reorder', 'RefreshPolicy': 'AllBank', 'RefreshMaxPostponed': 3, 'RefreshMaxPulledin': 5, 'Arbiter': 'Fifo', 'MaxActiveTransactions': 4}",[[0.11989447 1.25885    0.09524125]]
81.18185,"{'PagePolicy': 'OpenAdaptive', 'Scheduler': 'Fifo', 'SchedulerBuffer': 'Bankwise', 'RequestBufferSize': 1, 'RespQueue': 'Reorder', 'RefreshPolicy': 'AllBank', 'RefreshMaxPostponed': 3, 'RefreshMaxPulledin': 5, 'Arbiter': 'Fifo', 'MaxActiveTransactions': 4}",[[0.11989447 1.25885    0.09524125]]
82.17606,"{'PagePolicy': 'OpenAdaptive', 'Scheduler': 'Fifo', 'SchedulerBuffer': 'Shared', 'RequestBufferSize': 1, 'RespQueue': 'Fifo', 'RefreshPolicy': 'AllBank', 'RefreshMaxPostponed': 1, 'RefreshMaxPulledin': 1, 'Arbiter': 'Reorder', 'MaxActiveTransactions': 128}",[[0.12032797 1.26191    0.09535375]]
82.17606,"{'PagePolicy': 'OpenAdaptive', 'Scheduler': 'Fifo', 'SchedulerBuffer': 'Shared', 'RequestBufferSize': 1, 'RespQueue': 'Fifo', 'RefreshPolicy': 'AllBank', 'RefreshMaxPostponed': 1, 'RefreshMaxPulledin': 1, 'Arbiter': 'Reorder', 'MaxActiveTransactions': 128}",[[0.12032797 1.26191    0.09535375]]
78.71727,"{'PagePolicy': 'OpenAdaptive', 'Scheduler': 'FrFcfs', 'SchedulerBuffer': 'ReadWrite', 'RequestBufferSize': 1, 'RespQueue': 'Fifo', 'RefreshPolicy': 'AllBank', 'RefreshMaxPostponed': 8, 'RefreshMaxPulledin': 2, 'Arbiter': 'Simple', 'MaxActiveTransactions': 127}",[[0.11887282 1.25187    0.09495625]]
78.71727,"{'PagePolicy': 'OpenAdaptive', 'Scheduler': 'FrFcfs', 'SchedulerBuffer': 'ReadWrite', 'RequestBufferSize': 1, 'RespQueue': 'Fifo', 'RefreshPolicy': 'AllBank', 'RefreshMaxPostponed': 8, 'RefreshMaxPulledin': 2, 'Arbiter': 'Simple', 'MaxActiveTransactions': 127}",[[0.11887282 1.25187    0.09495625]]
82.17606,"{'PagePolicy': 'OpenAdaptive', 'Scheduler': 'Fifo', 'SchedulerBuffer': 'Shared', 'RequestBufferSize': 1, 'RespQueue': 'Fifo', 'RefreshPolicy': 'AllBank', 'RefreshMaxPostponed': 1, 'RefreshMaxPulledin': 8, 'Arbiter': 'Simple', 'MaxActiveTransactions': 128}",[[0.12032797 1.26191    0.09535375]]
82.17606,"{'PagePolicy': 'OpenAdaptive', 'Scheduler': 'Fifo', 'SchedulerBuffer': 'Shared', 'RequestBufferSize': 1, 'RespQueue': 'Fifo', 'RefreshPolicy': 'AllBank', 'RefreshMaxPostponed': 1, 'RefreshMaxPulledin': 8, 'Arbiter': 'Simple', 'MaxActiveTransactions': 128}",[[0.12032797 1.26191    0.09535375]]
82.17606,"{'PagePolicy': 'OpenAdaptive', 'Scheduler': 'FrFcfs', 'SchedulerBuffer': 'ReadWrite', 'RequestBufferSize': 1, 'RespQueue': 'Reorder', 'RefreshPolicy': 'AllBank', 'RefreshMaxPostponed': 1, 'RefreshMaxPulledin': 4, 'Arbiter': 'Simple', 'MaxActiveTransactions': 127}",[[0.12032797 1.26191    0.09535375]]
82.17606,"{'PagePolicy': 'OpenAdaptive', 'Scheduler': 'FrFcfs', 'SchedulerBuffer': 'ReadWrite', 'RequestBufferSize': 1, 'RespQueue': 'Reorder', 'RefreshPolicy': 'AllBank', 'RefreshMaxPostponed': 1, 'RefreshMaxPulledin': 4, 'Arbiter': 'Simple', 'MaxActiveTransactions': 127}",[[0.12032797 1.26191    0.09535375]]
80.32791,"{'PagePolicy': 'OpenAdaptive', 'Scheduler': 'Fifo', 'SchedulerBuffer': 'Shared', 'RequestBufferSize': 1, 'RespQueue': 'Fifo', 'RefreshPolicy': 'AllBank', 'RefreshMaxPostponed': 5, 'RefreshMaxPulledin': 4, 'Arbiter': 'Fifo', 'MaxActiveTransactions': 4}",[[0.1194942 1.25602   0.0951375]]
80.32791,"{'PagePolicy': 'OpenAdaptive', 'Scheduler': 'Fifo', 'SchedulerBuffer': 'Shared', 'RequestBufferSize': 1, 'RespQueue': 'Fifo', 'RefreshPolicy': 'AllBank', 'RefreshMaxPostponed': 5, 'RefreshMaxPulledin': 4, 'Arbiter': 'Fifo', 'MaxActiveTransactions': 4}",[[0.1194942 1.25602   0.0951375]]
82.17606,"{'PagePolicy': 'OpenAdaptive', 'Scheduler': 'Fifo', 'SchedulerBuffer': 'Bankwise', 'RequestBufferSize': 1, 'RespQueue': 'Fifo', 'RefreshPolicy': 'AllBank', 'RefreshMaxPostponed': 1, 'RefreshMaxPulledin': 6, 'Arbiter': 'Simple', 'MaxActiveTransactions': 128}",[[0.12032797 1.26191    0.09535375]]
82.17606,"{'PagePolicy': 'OpenAdaptive', 'Scheduler': 'Fifo', 'SchedulerBuffer': 'Bankwise', 'RequestBufferSize': 1, 'RespQueue': 'Fifo', 'RefreshPolicy': 'AllBank', 'RefreshMaxPostponed': 1, 'RefreshMaxPulledin': 6, 'Arbiter': 'Simple', 'MaxActiveTransactions': 128}",[[0.12032797 1.26191    0.09535375]]
82.17606,"{'PagePolicy': 'OpenAdaptive', 'Scheduler': 'Fifo', 'SchedulerBuffer': 'Shared', 'RequestBufferSize': 1, 'RespQueue': 'Fifo', 'RefreshPolicy': 'AllBank', 'RefreshMaxPostponed': 1, 'RefreshMaxPulledin': 3, 'Arbiter': 'Simple', 'MaxActiveTransactions': 128}",[[0.12032797 1.26191    0.09535375]]
82.17606,"{'PagePolicy': 'OpenAdaptive', 'Scheduler': 'Fifo', 'SchedulerBuffer': 'Shared', 'RequestBufferSize': 1, 'RespQueue': 'Fifo', 'RefreshPolicy': 'AllBank', 'RefreshMaxPostponed': 1, 'RefreshMaxPulledin': 3, 'Arbiter': 'Simple', 'MaxActiveTransactions': 128}",[[0.12032797 1.26191    0.09535375]]
82.17606,"{'PagePolicy': 'OpenAdaptive', 'Scheduler': 'Fifo', 'SchedulerBuffer': 'Shared', 'RequestBufferSize': 1, 'RespQueue': 'Reorder', 'RefreshPolicy': 'AllBank', 'RefreshMaxPostponed': 1, 'RefreshMaxPulledin': 5, 'Arbiter': 'Reorder', 'MaxActiveTransactions': 128}",[[0.12032797 1.26191    0.09535375]]
82.17606,"{'PagePolicy': 'OpenAdaptive', 'Scheduler': 'Fifo', 'SchedulerBuffer': 'Shared', 'RequestBufferSize': 1, 'RespQueue': 'Reorder', 'RefreshPolicy': 'AllBank', 'RefreshMaxPostponed': 1, 'RefreshMaxPulledin': 5, 'Arbiter': 'Reorder', 'MaxActiveTransactions': 128}",[[0.12032797 1.26191    0.09535375]]
1.5494676,"{'PagePolicy': 'OpenAdaptive', 'Scheduler': 'Fifo', 'SchedulerBuffer': 'Bankwise', 'RequestBufferSize': 3, 'RespQueue': 'Reorder', 'RefreshPolicy': 'AllBank', 'RefreshMaxPostponed': 1, 'RefreshMaxPulledin': 5, 'Arbiter': 'Fifo', 'MaxActiveTransactions': 4}",[[1.0118265e-01 1.6457800e+00 6.1480001e-05]]
1.5494676,"{'PagePolicy': 'OpenAdaptive', 'Scheduler': 'Fifo', 'SchedulerBuffer': 'Bankwise', 'RequestBufferSize': 3, 'RespQueue': 'Reorder', 'RefreshPolicy': 'AllBank', 'RefreshMaxPostponed': 1, 'RefreshMaxPulledin': 5, 'Arbiter': 'Fifo', 'MaxActiveTransactions': 4}",[[1.0118265e-01 1.6457800e+00 6.1480001e-05]]
82.17606,"{'PagePolicy': 'OpenAdaptive', 'Scheduler': 'Fifo', 'SchedulerBuffer': 'Shared', 'RequestBufferSize': 1, 'RespQueue': 'Reorder', 'RefreshPolicy': 'AllBank', 'RefreshMaxPostponed': 1, 'RefreshMaxPulledin': 1, 'Arbiter': 'Reorder', 'MaxActiveTransactions': 128}",[[0.12032797 1.26191    0.09535375]]
82.17606,"{'PagePolicy': 'OpenAdaptive', 'Scheduler': 'Fifo', 'SchedulerBuffer': 'Shared', 'RequestBufferSize': 1, 'RespQueue': 'Reorder', 'RefreshPolicy': 'AllBank', 'RefreshMaxPostponed': 1, 'RefreshMaxPulledin': 1, 'Arbiter': 'Reorder', 'MaxActiveTransactions': 128}",[[0.12032797 1.26191    0.09535375]]
82.17606,"{'PagePolicy': 'OpenAdaptive', 'Scheduler': 'FrFcfs', 'SchedulerBuffer': 'Bankwise', 'RequestBufferSize': 1, 'RespQueue': 'Reorder', 'RefreshPolicy': 'AllBank', 'RefreshMaxPostponed': 1, 'RefreshMaxPulledin': 1, 'Arbiter': 'Reorder', 'MaxActiveTransactions': 128}",[[0.12032797 1.26191    0.09535375]]
82.17606,"{'PagePolicy': 'OpenAdaptive', 'Scheduler': 'FrFcfs', 'SchedulerBuffer': 'Bankwise', 'RequestBufferSize': 1, 'RespQueue': 'Reorder', 'RefreshPolicy': 'AllBank', 'RefreshMaxPostponed': 1, 'RefreshMaxPulledin': 1, 'Arbiter': 'Reorder', 'MaxActiveTransactions': 128}",[[0.12032797 1.26191    0.09535375]]
82.17606,"{'PagePolicy': 'OpenAdaptive', 'Scheduler': 'Fifo', 'SchedulerBuffer': 'ReadWrite', 'RequestBufferSize': 1, 'RespQueue': 'Fifo', 'RefreshPolicy': 'AllBank', 'RefreshMaxPostponed': 1, 'RefreshMaxPulledin': 1, 'Arbiter': 'Fifo', 'MaxActiveTransactions': 39}",[[0.12032797 1.26191    0.09535375]]
82.17606,"{'PagePolicy': 'OpenAdaptive', 'Scheduler': 'Fifo', 'SchedulerBuffer': 'ReadWrite', 'RequestBufferSize': 1, 'RespQueue': 'Fifo', 'RefreshPolicy': 'AllBank', 'RefreshMaxPostponed': 1, 'RefreshMaxPulledin': 1, 'Arbiter': 'Fifo', 'MaxActiveTransactions': 39}",[[0.12032797 1.26191    0.09535375]]
78.71727,"{'PagePolicy': 'OpenAdaptive', 'Scheduler': 'FrFcfsGrp', 'SchedulerBuffer': 'ReadWrite', 'RequestBufferSize': 1, 'RespQueue': 'Reorder', 'RefreshPolicy': 'AllBank', 'RefreshMaxPostponed': 8, 'RefreshMaxPulledin': 5, 'Arbiter': 'Simple', 'MaxActiveTransactions': 41}",[[0.11887282 1.25187    0.09495625]]
78.71727,"{'PagePolicy': 'OpenAdaptive', 'Scheduler': 'FrFcfsGrp', 'SchedulerBuffer': 'ReadWrite', 'RequestBufferSize': 1, 'RespQueue': 'Reorder', 'RefreshPolicy': 'AllBank', 'RefreshMaxPostponed': 8, 'RefreshMaxPulledin': 5, 'Arbiter': 'Simple', 'MaxActiveTransactions': 41}",[[0.11887282 1.25187    0.09495625]]
3.9066114,"{'PagePolicy': 'OpenAdaptive', 'Scheduler': 'FrFcfs', 'SchedulerBuffer': 'Bankwise', 'RequestBufferSize': 1, 'RespQueue': 'Fifo', 'RefreshPolicy': 'AllBank', 'RefreshMaxPostponed': 5, 'RefreshMaxPulledin': 7, 'Arbiter': 'Reorder', 'MaxActiveTransactions': 72}",[[1.1947935e-01 1.2562200e+00 9.5110001e-05]]
3.9066114,"{'PagePolicy': 'OpenAdaptive', 'Scheduler': 'FrFcfs', 'SchedulerBuffer': 'Bankwise', 'RequestBufferSize': 1, 'RespQueue': 'Fifo', 'RefreshPolicy': 'AllBank', 'RefreshMaxPostponed': 5, 'RefreshMaxPulledin': 7, 'Arbiter': 'Reorder', 'MaxActiveTransactions': 72}",[[1.1947935e-01 1.2562200e+00 9.5110001e-05]]
76.38925,"{'PagePolicy': 'OpenAdaptive', 'Scheduler': 'FrFcfs', 'SchedulerBuffer': 'Shared', 'RequestBufferSize': 1, 'RespQueue': 'Fifo', 'RefreshPolicy': 'NoRefresh', 'RefreshMaxPostponed': 1, 'RefreshMaxPulledin': 6, 'Arbiter': 'Fifo', 'MaxActiveTransactions': 39}",[[0.11804122 1.24659    0.09469125]]
76.38925,"{'PagePolicy': 'OpenAdaptive', 'Scheduler': 'FrFcfs', 'SchedulerBuffer': 'Shared', 'RequestBufferSize': 1, 'RespQueue': 'Fifo', 'RefreshPolicy': 'NoRefresh', 'RefreshMaxPostponed': 1, 'RefreshMaxPulledin': 6, 'Arbiter': 'Fifo', 'MaxActiveTransactions': 39}",[[0.11804122 1.24659    0.09469125]]
76.38925,"{'PagePolicy': 'OpenAdaptive', 'Scheduler': 'FrFcfsGrp', 'SchedulerBuffer': 'ReadWrite', 'RequestBufferSize': 1, 'RespQueue': 'Reorder', 'RefreshPolicy': 'NoRefresh', 'RefreshMaxPostponed': 5, 'RefreshMaxPulledin': 5, 'Arbiter': 'Reorder', 'MaxActiveTransactions': 73}",[[0.11804122 1.24659    0.09469125]]
76.38925,"{'PagePolicy': 'OpenAdaptive', 'Scheduler': 'FrFcfsGrp', 'SchedulerBuffer': 'ReadWrite', 'RequestBufferSize': 1, 'RespQueue': 'Reorder', 'RefreshPolicy': 'NoRefresh', 'RefreshMaxPostponed': 5, 'RefreshMaxPulledin': 5, 'Arbiter': 'Reorder', 'MaxActiveTransactions': 73}",[[0.11804122 1.24659    0.09469125]]
76.38925,"{'PagePolicy': 'OpenAdaptive', 'Scheduler': 'FrFcfsGrp', 'SchedulerBuffer': 'Bankwise', 'RequestBufferSize': 1, 'RespQueue': 'Fifo', 'RefreshPolicy': 'NoRefresh', 'RefreshMaxPostponed': 5, 'RefreshMaxPulledin': 7, 'Arbiter': 'Simple', 'MaxActiveTransactions': 73}",[[0.11804122 1.24659    0.09469125]]
76.38925,"{'PagePolicy': 'OpenAdaptive', 'Scheduler': 'FrFcfsGrp', 'SchedulerBuffer': 'Bankwise', 'RequestBufferSize': 1, 'RespQueue': 'Fifo', 'RefreshPolicy': 'NoRefresh', 'RefreshMaxPostponed': 5, 'RefreshMaxPulledin': 7, 'Arbiter': 'Simple', 'MaxActiveTransactions': 73}",[[0.11804122 1.24659    0.09469125]]
76.38925,"{'PagePolicy': 'OpenAdaptive', 'Scheduler': 'FrFcfsGrp', 'SchedulerBuffer': 'Shared', 'RequestBufferSize': 1, 'RespQueue': 'Reorder', 'RefreshPolicy': 'NoRefresh', 'RefreshMaxPostponed': 5, 'RefreshMaxPulledin': 2, 'Arbiter': 'Reorder', 'MaxActiveTransactions': 73}",[[0.11804122 1.24659    0.09469125]]
76.38925,"{'PagePolicy': 'OpenAdaptive', 'Scheduler': 'FrFcfsGrp', 'SchedulerBuffer': 'Shared', 'RequestBufferSize': 1, 'RespQueue': 'Reorder', 'RefreshPolicy': 'NoRefresh', 'RefreshMaxPostponed': 5, 'RefreshMaxPulledin': 2, 'Arbiter': 'Reorder', 'MaxActiveTransactions': 73}",[[0.11804122 1.24659    0.09469125]]
77.27445,"{'PagePolicy': 'OpenAdaptive', 'Scheduler': 'Fifo', 'SchedulerBuffer': 'Shared', 'RequestBufferSize': 1, 'RespQueue': 'Reorder', 'RefreshPolicy': 'NoRefresh', 'RefreshMaxPostponed': 3, 'RefreshMaxPulledin': 4, 'Arbiter': 'Fifo', 'MaxActiveTransactions': 4}",[[0.11806957 1.2462     0.09474375]]
77.27445,"{'PagePolicy': 'OpenAdaptive', 'Scheduler': 'Fifo', 'SchedulerBuffer': 'Shared', 'RequestBufferSize': 1, 'RespQueue': 'Reorder', 'RefreshPolicy': 'NoRefresh', 'RefreshMaxPostponed': 3, 'RefreshMaxPulledin': 4, 'Arbiter': 'Fifo', 'MaxActiveTransactions': 4}",[[0.11806957 1.2462     0.09474375]]
82.17606,"{'PagePolicy': 'OpenAdaptive', 'Scheduler': 'Fifo', 'SchedulerBuffer': 'Bankwise', 'RequestBufferSize': 1, 'RespQueue': 'Fifo', 'RefreshPolicy': 'AllBank', 'RefreshMaxPostponed': 1, 'RefreshMaxPulledin': 3, 'Arbiter': 'Simple', 'MaxActiveTransactions': 128}",[[0.12032797 1.26191    0.09535375]]
82.17606,"{'PagePolicy': 'OpenAdaptive', 'Scheduler': 'Fifo', 'SchedulerBuffer': 'Bankwise', 'RequestBufferSize': 1, 'RespQueue': 'Fifo', 'RefreshPolicy': 'AllBank', 'RefreshMaxPostponed': 1, 'RefreshMaxPulledin': 3, 'Arbiter': 'Simple', 'MaxActiveTransactions': 128}",[[0.12032797 1.26191    0.09535375]]
82.17606,"{'PagePolicy': 'OpenAdaptive', 'Scheduler': 'Fifo', 'SchedulerBuffer': 'Bankwise', 'RequestBufferSize': 1, 'RespQueue': 'Reorder', 'RefreshPolicy': 'AllBank', 'RefreshMaxPostponed': 1, 'RefreshMaxPulledin': 3, 'Arbiter': 'Reorder', 'MaxActiveTransactions': 127}",[[0.12032797 1.26191    0.09535375]]
82.17606,"{'PagePolicy': 'OpenAdaptive', 'Scheduler': 'Fifo', 'SchedulerBuffer': 'Bankwise', 'RequestBufferSize': 1, 'RespQueue': 'Reorder', 'RefreshPolicy': 'AllBank', 'RefreshMaxPostponed': 1, 'RefreshMaxPulledin': 3, 'Arbiter': 'Reorder', 'MaxActiveTransactions': 127}",[[0.12032797 1.26191    0.09535375]]
81.18185,"{'PagePolicy': 'OpenAdaptive', 'Scheduler': 'Fifo', 'SchedulerBuffer': 'Shared', 'RequestBufferSize': 1, 'RespQueue': 'Reorder', 'RefreshPolicy': 'AllBank', 'RefreshMaxPostponed': 3, 'RefreshMaxPulledin': 2, 'Arbiter': 'Fifo', 'MaxActiveTransactions': 4}",[[0.11989447 1.25885    0.09524125]]
81.18185,"{'PagePolicy': 'OpenAdaptive', 'Scheduler': 'Fifo', 'SchedulerBuffer': 'Shared', 'RequestBufferSize': 1, 'RespQueue': 'Reorder', 'RefreshPolicy': 'AllBank', 'RefreshMaxPostponed': 3, 'RefreshMaxPulledin': 2, 'Arbiter': 'Fifo', 'MaxActiveTransactions': 4}",[[0.11989447 1.25885    0.09524125]]
82.17606,"{'PagePolicy': 'OpenAdaptive', 'Scheduler': 'Fifo', 'SchedulerBuffer': 'ReadWrite', 'RequestBufferSize': 1, 'RespQueue': 'Reorder', 'RefreshPolicy': 'AllBank', 'RefreshMaxPostponed': 1, 'RefreshMaxPulledin': 1, 'Arbiter': 'Fifo', 'MaxActiveTransactions': 39}",[[0.12032797 1.26191    0.09535375]]
82.17606,"{'PagePolicy': 'OpenAdaptive', 'Scheduler': 'Fifo', 'SchedulerBuffer': 'ReadWrite', 'RequestBufferSize': 1, 'RespQueue': 'Reorder', 'RefreshPolicy': 'AllBank', 'RefreshMaxPostponed': 1, 'RefreshMaxPulledin': 1, 'Arbiter': 'Fifo', 'MaxActiveTransactions': 39}",[[0.12032797 1.26191    0.09535375]]
82.17606,"{'PagePolicy': 'OpenAdaptive', 'Scheduler': 'Fifo', 'SchedulerBuffer': 'Shared', 'RequestBufferSize': 1, 'RespQueue': 'Reorder', 'RefreshPolicy': 'AllBank', 'RefreshMaxPostponed': 1, 'RefreshMaxPulledin': 4, 'Arbiter': 'Reorder', 'MaxActiveTransactions': 128}",[[0.12032797 1.26191    0.09535375]]
82.17606,"{'PagePolicy': 'OpenAdaptive', 'Scheduler': 'Fifo', 'SchedulerBuffer': 'Shared', 'RequestBufferSize': 1, 'RespQueue': 'Reorder', 'RefreshPolicy': 'AllBank', 'RefreshMaxPostponed': 1, 'RefreshMaxPulledin': 4, 'Arbiter': 'Reorder', 'MaxActiveTransactions': 128}",[[0.12032797 1.26191    0.09535375]]
76.38925,"{'PagePolicy': 'OpenAdaptive', 'Scheduler': 'Fifo', 'SchedulerBuffer': 'ReadWrite', 'RequestBufferSize': 1, 'RespQueue': 'Reorder', 'RefreshPolicy': 'NoRefresh', 'RefreshMaxPostponed': 5, 'RefreshMaxPulledin': 1, 'Arbiter': 'Simple', 'MaxActiveTransactions': 73}",[[0.11804122 1.24659    0.09469125]]
76.38925,"{'PagePolicy': 'OpenAdaptive', 'Scheduler': 'Fifo', 'SchedulerBuffer': 'ReadWrite', 'RequestBufferSize': 1, 'RespQueue': 'Reorder', 'RefreshPolicy': 'NoRefresh', 'RefreshMaxPostponed': 5, 'RefreshMaxPulledin': 1, 'Arbiter': 'Simple', 'MaxActiveTransactions': 73}",[[0.11804122 1.24659    0.09469125]]
76.38925,"{'PagePolicy': 'OpenAdaptive', 'Scheduler': 'FrFcfs', 'SchedulerBuffer': 'Shared', 'RequestBufferSize': 1, 'RespQueue': 'Fifo', 'RefreshPolicy': 'NoRefresh', 'RefreshMaxPostponed': 4, 'RefreshMaxPulledin': 2, 'Arbiter': 'Simple', 'MaxActiveTransactions': 105}",[[0.11804122 1.24659    0.09469125]]
76.38925,"{'PagePolicy': 'OpenAdaptive', 'Scheduler': 'FrFcfs', 'SchedulerBuffer': 'Shared', 'RequestBufferSize': 1, 'RespQueue': 'Fifo', 'RefreshPolicy': 'NoRefresh', 'RefreshMaxPostponed': 4, 'RefreshMaxPulledin': 2, 'Arbiter': 'Simple', 'MaxActiveTransactions': 105}",[[0.11804122 1.24659    0.09469125]]
82.17606,"{'PagePolicy': 'OpenAdaptive', 'Scheduler': 'FrFcfs', 'SchedulerBuffer': 'Shared', 'RequestBufferSize': 1, 'RespQueue': 'Reorder', 'RefreshPolicy': 'AllBank', 'RefreshMaxPostponed': 1, 'RefreshMaxPulledin': 3, 'Arbiter': 'Simple', 'MaxActiveTransactions': 127}",[[0.12032797 1.26191    0.09535375]]
82.17606,"{'PagePolicy': 'OpenAdaptive', 'Scheduler': 'FrFcfs', 'SchedulerBuffer': 'Shared', 'RequestBufferSize': 1, 'RespQueue': 'Reorder', 'RefreshPolicy': 'AllBank', 'RefreshMaxPostponed': 1, 'RefreshMaxPulledin': 3, 'Arbiter': 'Simple', 'MaxActiveTransactions': 127}",[[0.12032797 1.26191    0.09535375]]
76.38925,"{'PagePolicy': 'OpenAdaptive', 'Scheduler': 'FrFcfsGrp', 'SchedulerBuffer': 'ReadWrite', 'RequestBufferSize': 1, 'RespQueue': 'Reorder', 'RefreshPolicy': 'NoRefresh', 'RefreshMaxPostponed': 5, 'RefreshMaxPulledin': 5, 'Arbiter': 'Reorder', 'MaxActiveTransactions': 74}",[[0.11804122 1.24659    0.09469125]]
76.38925,"{'PagePolicy': 'OpenAdaptive', 'Scheduler': 'FrFcfsGrp', 'SchedulerBuffer': 'ReadWrite', 'RequestBufferSize': 1, 'RespQueue': 'Reorder', 'RefreshPolicy': 'NoRefresh', 'RefreshMaxPostponed': 5, 'RefreshMaxPulledin': 5, 'Arbiter': 'Reorder', 'MaxActiveTransactions': 74}",[[0.11804122 1.24659    0.09469125]]
82.17606,"{'PagePolicy': 'OpenAdaptive', 'Scheduler': 'Fifo', 'SchedulerBuffer': 'ReadWrite', 'RequestBufferSize': 1, 'RespQueue': 'Reorder', 'RefreshPolicy': 'AllBank', 'RefreshMaxPostponed': 1, 'RefreshMaxPulledin': 4, 'Arbiter': 'Simple', 'MaxActiveTransactions': 128}",[[0.12032797 1.26191    0.09535375]]
82.17606,"{'PagePolicy': 'OpenAdaptive', 'Scheduler': 'Fifo', 'SchedulerBuffer': 'ReadWrite', 'RequestBufferSize': 1, 'RespQueue': 'Reorder', 'RefreshPolicy': 'AllBank', 'RefreshMaxPostponed': 1, 'RefreshMaxPulledin': 4, 'Arbiter': 'Simple', 'MaxActiveTransactions': 128}",[[0.12032797 1.26191    0.09535375]]
78.71727,"{'PagePolicy': 'OpenAdaptive', 'Scheduler': 'Fifo', 'SchedulerBuffer': 'Bankwise', 'RequestBufferSize': 1, 'RespQueue': 'Reorder', 'RefreshPolicy': 'AllBank', 'RefreshMaxPostponed': 8, 'RefreshMaxPulledin': 4, 'Arbiter': 'Simple', 'MaxActiveTransactions': 40}",[[0.11887282 1.25187    0.09495625]]
78.71727,"{'PagePolicy': 'OpenAdaptive', 'Scheduler': 'Fifo', 'SchedulerBuffer': 'Bankwise', 'RequestBufferSize': 1, 'RespQueue': 'Reorder', 'RefreshPolicy': 'AllBank', 'RefreshMaxPostponed': 8, 'RefreshMaxPulledin': 4, 'Arbiter': 'Simple', 'MaxActiveTransactions': 40}",[[0.11887282 1.25187    0.09495625]]
80.84556,"{'PagePolicy': 'OpenAdaptive', 'Scheduler': 'Fifo', 'SchedulerBuffer': 'Shared', 'RequestBufferSize': 1, 'RespQueue': 'Fifo', 'RefreshPolicy': 'AllBank', 'RefreshMaxPostponed': 3, 'RefreshMaxPulledin': 6, 'Arbiter': 'Fifo', 'MaxActiveTransactions': 5}",[[0.11990062 1.25911    0.09522625]]
80.84556,"{'PagePolicy': 'OpenAdaptive', 'Scheduler': 'Fifo', 'SchedulerBuffer': 'Shared', 'RequestBufferSize': 1, 'RespQueue': 'Fifo', 'RefreshPolicy': 'AllBank', 'RefreshMaxPostponed': 3, 'RefreshMaxPulledin': 6, 'Arbiter': 'Fifo', 'MaxActiveTransactions': 5}",[[0.11990062 1.25911    0.09522625]]
3.9066114,"{'PagePolicy': 'OpenAdaptive', 'Scheduler': 'FrFcfs', 'SchedulerBuffer': 'Bankwise', 'RequestBufferSize': 1, 'RespQueue': 'Reorder', 'RefreshPolicy': 'AllBank', 'RefreshMaxPostponed': 5, 'RefreshMaxPulledin': 3, 'Arbiter': 'Reorder', 'MaxActiveTransactions': 41}",[[1.1947935e-01 1.2562200e+00 9.5110001e-05]]
3.9066114,"{'PagePolicy': 'OpenAdaptive', 'Scheduler': 'FrFcfs', 'SchedulerBuffer': 'Bankwise', 'RequestBufferSize': 1, 'RespQueue': 'Reorder', 'RefreshPolicy': 'AllBank', 'RefreshMaxPostponed': 5, 'RefreshMaxPulledin': 3, 'Arbiter': 'Reorder', 'MaxActiveTransactions': 41}",[[1.1947935e-01 1.2562200e+00 9.5110001e-05]]
80.32791,"{'PagePolicy': 'OpenAdaptive', 'Scheduler': 'Fifo', 'SchedulerBuffer': 'Bankwise', 'RequestBufferSize': 1, 'RespQueue': 'Reorder', 'RefreshPolicy': 'AllBank', 'RefreshMaxPostponed': 5, 'RefreshMaxPulledin': 6, 'Arbiter': 'Fifo', 'MaxActiveTransactions': 4}",[[0.1194942 1.25602   0.0951375]]
80.32791,"{'PagePolicy': 'OpenAdaptive', 'Scheduler': 'Fifo', 'SchedulerBuffer': 'Bankwise', 'RequestBufferSize': 1, 'RespQueue': 'Reorder', 'RefreshPolicy': 'AllBank', 'RefreshMaxPostponed': 5, 'RefreshMaxPulledin': 6, 'Arbiter': 'Fifo', 'MaxActiveTransactions': 4}",[[0.1194942 1.25602   0.0951375]]
76.38925,"{'PagePolicy': 'OpenAdaptive', 'Scheduler': 'Fifo', 'SchedulerBuffer': 'Shared', 'RequestBufferSize': 1, 'RespQueue': 'Fifo', 'RefreshPolicy': 'NoRefresh', 'RefreshMaxPostponed': 6, 'RefreshMaxPulledin': 5, 'Arbiter': 'Simple', 'MaxActiveTransactions': 53}",[[0.11804122 1.24659    0.09469125]]
76.38925,"{'PagePolicy': 'OpenAdaptive', 'Scheduler': 'Fifo', 'SchedulerBuffer': 'Shared', 'RequestBufferSize': 1, 'RespQueue': 'Fifo', 'RefreshPolicy': 'NoRefresh', 'RefreshMaxPostponed': 6, 'RefreshMaxPulledin': 5, 'Arbiter': 'Simple', 'MaxActiveTransactions': 53}",[[0.11804122 1.24659    0.09469125]]
82.17606,"{'PagePolicy': 'OpenAdaptive', 'Scheduler': 'Fifo', 'SchedulerBuffer': 'Bankwise', 'RequestBufferSize': 1, 'RespQueue': 'Reorder', 'RefreshPolicy': 'AllBank', 'RefreshMaxPostponed': 1, 'RefreshMaxPulledin': 5, 'Arbiter': 'Reorder', 'MaxActiveTransactions': 127}",[[0.12032797 1.26191    0.09535375]]
82.17606,"{'PagePolicy': 'OpenAdaptive', 'Scheduler': 'Fifo', 'SchedulerBuffer': 'Bankwise', 'RequestBufferSize': 1, 'RespQueue': 'Reorder', 'RefreshPolicy': 'AllBank', 'RefreshMaxPostponed': 1, 'RefreshMaxPulledin': 5, 'Arbiter': 'Reorder', 'MaxActiveTransactions': 127}",[[0.12032797 1.26191    0.09535375]]
82.17606,"{'PagePolicy': 'OpenAdaptive', 'Scheduler': 'FrFcfsGrp', 'SchedulerBuffer': 'ReadWrite', 'RequestBufferSize': 1, 'RespQueue': 'Reorder', 'RefreshPolicy': 'AllBank', 'RefreshMaxPostponed': 1, 'RefreshMaxPulledin': 5, 'Arbiter': 'Fifo', 'MaxActiveTransactions': 39}",[[0.12032797 1.26191    0.09535375]]
82.17606,"{'PagePolicy': 'OpenAdaptive', 'Scheduler': 'FrFcfsGrp', 'SchedulerBuffer': 'ReadWrite', 'RequestBufferSize': 1, 'RespQueue': 'Reorder', 'RefreshPolicy': 'AllBank', 'RefreshMaxPostponed': 1, 'RefreshMaxPulledin': 5, 'Arbiter': 'Fifo', 'MaxActiveTransactions': 39}",[[0.12032797 1.26191    0.09535375]]
82.17606,"{'PagePolicy': 'OpenAdaptive', 'Scheduler': 'FrFcfsGrp', 'SchedulerBuffer': 'Shared', 'RequestBufferSize': 1, 'RespQueue': 'Reorder', 'RefreshPolicy': 'AllBank', 'RefreshMaxPostponed': 1, 'RefreshMaxPulledin': 6, 'Arbiter': 'Fifo', 'MaxActiveTransactions': 39}",[[0.12032797 1.26191    0.09535375]]
82.17606,"{'PagePolicy': 'OpenAdaptive', 'Scheduler': 'FrFcfsGrp', 'SchedulerBuffer': 'Shared', 'RequestBufferSize': 1, 'RespQueue': 'Reorder', 'RefreshPolicy': 'AllBank', 'RefreshMaxPostponed': 1, 'RefreshMaxPulledin': 6, 'Arbiter': 'Fifo', 'MaxActiveTransactions': 39}",[[0.12032797 1.26191    0.09535375]]
148.71864,"{'PagePolicy': 'OpenAdaptive', 'Scheduler': 'FrFcfs', 'SchedulerBuffer': 'Bankwise', 'RequestBufferSize': 1, 'RespQueue': 'Fifo', 'RefreshPolicy': 'AllBank', 'RefreshMaxPostponed': 3, 'RefreshMaxPulledin': 4, 'Arbiter': 'Fifo', 'MaxActiveTransactions': 3}",[[0.12099142 1.24418    0.09724625]]
148.71864,"{'PagePolicy': 'OpenAdaptive', 'Scheduler': 'FrFcfs', 'SchedulerBuffer': 'Bankwise', 'RequestBufferSize': 1, 'RespQueue': 'Fifo', 'RefreshPolicy': 'AllBank', 'RefreshMaxPostponed': 3, 'RefreshMaxPulledin': 4, 'Arbiter': 'Fifo', 'MaxActiveTransactions': 3}",[[0.12099142 1.24418    0.09724625]]
76.38925,"{'PagePolicy': 'OpenAdaptive', 'Scheduler': 'FrFcfs', 'SchedulerBuffer': 'ReadWrite', 'RequestBufferSize': 1, 'RespQueue': 'Reorder', 'RefreshPolicy': 'NoRefresh', 'RefreshMaxPostponed': 5, 'RefreshMaxPulledin': 2, 'Arbiter': 'Simple', 'MaxActiveTransactions': 37}",[[0.11804122 1.24659    0.09469125]]
76.38925,"{'PagePolicy': 'OpenAdaptive', 'Scheduler': 'FrFcfs', 'SchedulerBuffer': 'ReadWrite', 'RequestBufferSize': 1, 'RespQueue': 'Reorder', 'RefreshPolicy': 'NoRefresh', 'RefreshMaxPostponed': 5, 'RefreshMaxPulledin': 2, 'Arbiter': 'Simple', 'MaxActiveTransactions': 37}",[[0.11804122 1.24659    0.09469125]]
76.38925,"{'PagePolicy': 'OpenAdaptive', 'Scheduler': 'FrFcfs', 'SchedulerBuffer': 'ReadWrite', 'RequestBufferSize': 1, 'RespQueue': 'Reorder', 'RefreshPolicy': 'NoRefresh', 'RefreshMaxPostponed': 6, 'RefreshMaxPulledin': 5, 'Arbiter': 'Fifo', 'MaxActiveTransactions': 105}",[[0.11804122 1.24659    0.09469125]]
76.38925,"{'PagePolicy': 'OpenAdaptive', 'Scheduler': 'FrFcfs', 'SchedulerBuffer': 'ReadWrite', 'RequestBufferSize': 1, 'RespQueue': 'Reorder', 'RefreshPolicy': 'NoRefresh', 'RefreshMaxPostponed': 6, 'RefreshMaxPulledin': 5, 'Arbiter': 'Fifo', 'MaxActiveTransactions': 105}",[[0.11804122 1.24659    0.09469125]]
80.95369,"{'PagePolicy': 'OpenAdaptive', 'Scheduler': 'Fifo', 'SchedulerBuffer': 'Bankwise', 'RequestBufferSize': 1, 'RespQueue': 'Reorder', 'RefreshPolicy': 'AllBank', 'RefreshMaxPostponed': 4, 'RefreshMaxPulledin': 3, 'Arbiter': 'Reorder', 'MaxActiveTransactions': 102}",[[0.11972348 1.25755    0.09520375]]
80.95369,"{'PagePolicy': 'OpenAdaptive', 'Scheduler': 'Fifo', 'SchedulerBuffer': 'Bankwise', 'RequestBufferSize': 1, 'RespQueue': 'Reorder', 'RefreshPolicy': 'AllBank', 'RefreshMaxPostponed': 4, 'RefreshMaxPulledin': 3, 'Arbiter': 'Reorder', 'MaxActiveTransactions': 102}",[[0.11972348 1.25755    0.09520375]]
80.95369,"{'PagePolicy': 'OpenAdaptive', 'Scheduler': 'FrFcfsGrp', 'SchedulerBuffer': 'Shared', 'RequestBufferSize': 1, 'RespQueue': 'Reorder', 'RefreshPolicy': 'AllBank', 'RefreshMaxPostponed': 4, 'RefreshMaxPulledin': 8, 'Arbiter': 'Reorder', 'MaxActiveTransactions': 104}",[[0.11972348 1.25755    0.09520375]]
80.95369,"{'PagePolicy': 'OpenAdaptive', 'Scheduler': 'FrFcfsGrp', 'SchedulerBuffer': 'Shared', 'RequestBufferSize': 1, 'RespQueue': 'Reorder', 'RefreshPolicy': 'AllBank', 'RefreshMaxPostponed': 4, 'RefreshMaxPulledin': 8, 'Arbiter': 'Reorder', 'MaxActiveTransactions': 104}",[[0.11972348 1.25755    0.09520375]]
80.95369,"{'PagePolicy': 'OpenAdaptive', 'Scheduler': 'Fifo', 'SchedulerBuffer': 'ReadWrite', 'RequestBufferSize': 1, 'RespQueue': 'Reorder', 'RefreshPolicy': 'AllBank', 'RefreshMaxPostponed': 4, 'RefreshMaxPulledin': 7, 'Arbiter': 'Simple', 'MaxActiveTransactions': 106}",[[0.11972348 1.25755    0.09520375]]
80.95369,"{'PagePolicy': 'OpenAdaptive', 'Scheduler': 'Fifo', 'SchedulerBuffer': 'ReadWrite', 'RequestBufferSize': 1, 'RespQueue': 'Reorder', 'RefreshPolicy': 'AllBank', 'RefreshMaxPostponed': 4, 'RefreshMaxPulledin': 7, 'Arbiter': 'Simple', 'MaxActiveTransactions': 106}",[[0.11972348 1.25755    0.09520375]]
82.17606,"{'PagePolicy': 'OpenAdaptive', 'Scheduler': 'Fifo', 'SchedulerBuffer': 'Bankwise', 'RequestBufferSize': 1, 'RespQueue': 'Fifo', 'RefreshPolicy': 'AllBank', 'RefreshMaxPostponed': 1, 'RefreshMaxPulledin': 6, 'Arbiter': 'Fifo', 'MaxActiveTransactions': 41}",[[0.12032797 1.26191    0.09535375]]
82.17606,"{'PagePolicy': 'OpenAdaptive', 'Scheduler': 'Fifo', 'SchedulerBuffer': 'Bankwise', 'RequestBufferSize': 1, 'RespQueue': 'Fifo', 'RefreshPolicy': 'AllBank', 'RefreshMaxPostponed': 1, 'RefreshMaxPulledin': 6, 'Arbiter': 'Fifo', 'MaxActiveTransactions': 41}",[[0.12032797 1.26191    0.09535375]]
80.95369,"{'PagePolicy': 'OpenAdaptive', 'Scheduler': 'FrFcfs', 'SchedulerBuffer': 'Shared', 'RequestBufferSize': 1, 'RespQueue': 'Fifo', 'RefreshPolicy': 'AllBank', 'RefreshMaxPostponed': 4, 'RefreshMaxPulledin': 6, 'Arbiter': 'Simple', 'MaxActiveTransactions': 103}",[[0.11972348 1.25755    0.09520375]]
80.95369,"{'PagePolicy': 'OpenAdaptive', 'Scheduler': 'FrFcfs', 'SchedulerBuffer': 'Shared', 'RequestBufferSize': 1, 'RespQueue': 'Fifo', 'RefreshPolicy': 'AllBank', 'RefreshMaxPostponed': 4, 'RefreshMaxPulledin': 6, 'Arbiter': 'Simple', 'MaxActiveTransactions': 103}",[[0.11972348 1.25755    0.09520375]]
80.84556,"{'PagePolicy': 'OpenAdaptive', 'Scheduler': 'Fifo', 'SchedulerBuffer': 'Bankwise', 'RequestBufferSize': 1, 'RespQueue': 'Reorder', 'RefreshPolicy': 'AllBank', 'RefreshMaxPostponed': 3, 'RefreshMaxPulledin': 3, 'Arbiter': 'Fifo', 'MaxActiveTransactions': 7}",[[0.11990062 1.25911    0.09522625]]
80.84556,"{'PagePolicy': 'OpenAdaptive', 'Scheduler': 'Fifo', 'SchedulerBuffer': 'Bankwise', 'RequestBufferSize': 1, 'RespQueue': 'Reorder', 'RefreshPolicy': 'AllBank', 'RefreshMaxPostponed': 3, 'RefreshMaxPulledin': 3, 'Arbiter': 'Fifo', 'MaxActiveTransactions': 7}",[[0.11990062 1.25911    0.09522625]]
80.95369,"{'PagePolicy': 'OpenAdaptive', 'Scheduler': 'Fifo', 'SchedulerBuffer': 'Shared', 'RequestBufferSize': 1, 'RespQueue': 'Fifo', 'RefreshPolicy': 'AllBank', 'RefreshMaxPostponed': 4, 'RefreshMaxPulledin': 4, 'Arbiter': 'Reorder', 'MaxActiveTransactions': 99}",[[0.11972348 1.25755    0.09520375]]
80.95369,"{'PagePolicy': 'OpenAdaptive', 'Scheduler': 'Fifo', 'SchedulerBuffer': 'Shared', 'RequestBufferSize': 1, 'RespQueue': 'Fifo', 'RefreshPolicy': 'AllBank', 'RefreshMaxPostponed': 4, 'RefreshMaxPulledin': 4, 'Arbiter': 'Reorder', 'MaxActiveTransactions': 99}",[[0.11972348 1.25755    0.09520375]]
76.38925,"{'PagePolicy': 'OpenAdaptive', 'Scheduler': 'Fifo', 'SchedulerBuffer': 'Shared', 'RequestBufferSize': 1, 'RespQueue': 'Fifo', 'RefreshPolicy': 'NoRefresh', 'RefreshMaxPostponed': 1, 'RefreshMaxPulledin': 7, 'Arbiter': 'Reorder', 'MaxActiveTransactions': 125}",[[0.11804122 1.24659    0.09469125]]
76.38925,"{'PagePolicy': 'OpenAdaptive', 'Scheduler': 'Fifo', 'SchedulerBuffer': 'Shared', 'RequestBufferSize': 1, 'RespQueue': 'Fifo', 'RefreshPolicy': 'NoRefresh', 'RefreshMaxPostponed': 1, 'RefreshMaxPulledin': 7, 'Arbiter': 'Reorder', 'MaxActiveTransactions': 125}",[[0.11804122 1.24659    0.09469125]]
148.71864,"{'PagePolicy': 'OpenAdaptive', 'Scheduler': 'FrFcfsGrp', 'SchedulerBuffer': 'Shared', 'RequestBufferSize': 1, 'RespQueue': 'Fifo', 'RefreshPolicy': 'AllBank', 'RefreshMaxPostponed': 3, 'RefreshMaxPulledin': 4, 'Arbiter': 'Fifo', 'MaxActiveTransactions': 3}",[[0.12099142 1.24418    0.09724625]]
148.71864,"{'PagePolicy': 'OpenAdaptive', 'Scheduler': 'FrFcfsGrp', 'SchedulerBuffer': 'Shared', 'RequestBufferSize': 1, 'RespQueue': 'Fifo', 'RefreshPolicy': 'AllBank', 'RefreshMaxPostponed': 3, 'RefreshMaxPulledin': 4, 'Arbiter': 'Fifo', 'MaxActiveTransactions': 3}",[[0.12099142 1.24418    0.09724625]]
132.93488,"{'PagePolicy': 'OpenAdaptive', 'Scheduler': 'FrFcfsGrp', 'SchedulerBuffer': 'ReadWrite', 'RequestBufferSize': 1, 'RespQueue': 'Fifo', 'RefreshPolicy': 'NoRefresh', 'RefreshMaxPostponed': 3, 'RefreshMaxPulledin': 8, 'Arbiter': 'Fifo', 'MaxActiveTransactions': 3}",[[0.11915363 1.23155    0.09675125]]
132.93488,"{'PagePolicy': 'OpenAdaptive', 'Scheduler': 'FrFcfsGrp', 'SchedulerBuffer': 'ReadWrite', 'RequestBufferSize': 1, 'RespQueue': 'Fifo', 'RefreshPolicy': 'NoRefresh', 'RefreshMaxPostponed': 3, 'RefreshMaxPulledin': 8, 'Arbiter': 'Fifo', 'MaxActiveTransactions': 3}",[[0.11915363 1.23155    0.09675125]]
148.71864,"{'PagePolicy': 'OpenAdaptive', 'Scheduler': 'FrFcfsGrp', 'SchedulerBuffer': 'Bankwise', 'RequestBufferSize': 1, 'RespQueue': 'Reorder', 'RefreshPolicy': 'AllBank', 'RefreshMaxPostponed': 3, 'RefreshMaxPulledin': 2, 'Arbiter': 'Fifo', 'MaxActiveTransactions': 3}",[[0.12099142 1.24418    0.09724625]]
148.71864,"{'PagePolicy': 'OpenAdaptive', 'Scheduler': 'FrFcfsGrp', 'SchedulerBuffer': 'Bankwise', 'RequestBufferSize': 1, 'RespQueue': 'Reorder', 'RefreshPolicy': 'AllBank', 'RefreshMaxPostponed': 3, 'RefreshMaxPulledin': 2, 'Arbiter': 'Fifo', 'MaxActiveTransactions': 3}",[[0.12099142 1.24418    0.09724625]]
82.17606,"{'PagePolicy': 'OpenAdaptive', 'Scheduler': 'FrFcfsGrp', 'SchedulerBuffer': 'Shared', 'RequestBufferSize': 1, 'RespQueue': 'Reorder', 'RefreshPolicy': 'AllBank', 'RefreshMaxPostponed': 1, 'RefreshMaxPulledin': 2, 'Arbiter': 'Fifo', 'MaxActiveTransactions': 41}",[[0.12032797 1.26191    0.09535375]]
82.17606,"{'PagePolicy': 'OpenAdaptive', 'Scheduler': 'FrFcfsGrp', 'SchedulerBuffer': 'Shared', 'RequestBufferSize': 1, 'RespQueue': 'Reorder', 'RefreshPolicy': 'AllBank', 'RefreshMaxPostponed': 1, 'RefreshMaxPulledin': 2, 'Arbiter': 'Fifo', 'MaxActiveTransactions': 41}",[[0.12032797 1.26191    0.09535375]]
148.71864,"{'PagePolicy': 'OpenAdaptive', 'Scheduler': 'Fifo', 'SchedulerBuffer': 'Bankwise', 'RequestBufferSize': 1, 'RespQueue': 'Reorder', 'RefreshPolicy': 'AllBank', 'RefreshMaxPostponed': 3, 'RefreshMaxPulledin': 5, 'Arbiter': 'Fifo', 'MaxActiveTransactions': 3}",[[0.12099142 1.24418    0.09724625]]
148.71864,"{'PagePolicy': 'OpenAdaptive', 'Scheduler': 'Fifo', 'SchedulerBuffer': 'Bankwise', 'RequestBufferSize': 1, 'RespQueue': 'Reorder', 'RefreshPolicy': 'AllBank', 'RefreshMaxPostponed': 3, 'RefreshMaxPulledin': 5, 'Arbiter': 'Fifo', 'MaxActiveTransactions': 3}",[[0.12099142 1.24418    0.09724625]]
148.71864,"{'PagePolicy': 'OpenAdaptive', 'Scheduler': 'Fifo', 'SchedulerBuffer': 'ReadWrite', 'RequestBufferSize': 1, 'RespQueue': 'Fifo', 'RefreshPolicy': 'AllBank', 'RefreshMaxPostponed': 3, 'RefreshMaxPulledin': 6, 'Arbiter': 'Fifo', 'MaxActiveTransactions': 3}",[[0.12099142 1.24418    0.09724625]]
148.71864,"{'PagePolicy': 'OpenAdaptive', 'Scheduler': 'Fifo', 'SchedulerBuffer': 'ReadWrite', 'RequestBufferSize': 1, 'RespQueue': 'Fifo', 'RefreshPolicy': 'AllBank', 'RefreshMaxPostponed': 3, 'RefreshMaxPulledin': 6, 'Arbiter': 'Fifo', 'MaxActiveTransactions': 3}",[[0.12099142 1.24418    0.09724625]]
5.346318,"{'PagePolicy': 'OpenAdaptive', 'Scheduler': 'Fifo', 'SchedulerBuffer': 'Shared', 'RequestBufferSize': 3, 'RespQueue': 'Fifo', 'RefreshPolicy': 'AllBank', 'RefreshMaxPostponed': 3, 'RefreshMaxPulledin': 8, 'Arbiter': 'Fifo', 'MaxActiveTransactions': 3}",[[0.10369988 1.55878    0.06652625]]
5.346318,"{'PagePolicy': 'OpenAdaptive', 'Scheduler': 'Fifo', 'SchedulerBuffer': 'Shared', 'RequestBufferSize': 3, 'RespQueue': 'Fifo', 'RefreshPolicy': 'AllBank', 'RefreshMaxPostponed': 3, 'RefreshMaxPulledin': 8, 'Arbiter': 'Fifo', 'MaxActiveTransactions': 3}",[[0.10369988 1.55878    0.06652625]]
148.71864,"{'PagePolicy': 'OpenAdaptive', 'Scheduler': 'FrFcfs', 'SchedulerBuffer': 'ReadWrite', 'RequestBufferSize': 1, 'RespQueue': 'Fifo', 'RefreshPolicy': 'AllBank', 'RefreshMaxPostponed': 3, 'RefreshMaxPulledin': 4, 'Arbiter': 'Fifo', 'MaxActiveTransactions': 3}",[[0.12099142 1.24418    0.09724625]]
148.71864,"{'PagePolicy': 'OpenAdaptive', 'Scheduler': 'FrFcfs', 'SchedulerBuffer': 'ReadWrite', 'RequestBufferSize': 1, 'RespQueue': 'Fifo', 'RefreshPolicy': 'AllBank', 'RefreshMaxPostponed': 3, 'RefreshMaxPulledin': 4, 'Arbiter': 'Fifo', 'MaxActiveTransactions': 3}",[[0.12099142 1.24418    0.09724625]]
4.7430935,"{'PagePolicy': 'OpenAdaptive', 'Scheduler': 'FrFcfsGrp', 'SchedulerBuffer': 'Shared', 'RequestBufferSize': 2, 'RespQueue': 'Fifo', 'RefreshPolicy': 'AllBank', 'RefreshMaxPostponed': 4, 'RefreshMaxPulledin': 8, 'Arbiter': 'Simple', 'MaxActiveTransactions': 103}",[[0.10232992 1.59092    0.06432125]]
4.7430935,"{'PagePolicy': 'OpenAdaptive', 'Scheduler': 'FrFcfsGrp', 'SchedulerBuffer': 'Shared', 'RequestBufferSize': 2, 'RespQueue': 'Fifo', 'RefreshPolicy': 'AllBank', 'RefreshMaxPostponed': 4, 'RefreshMaxPulledin': 8, 'Arbiter': 'Simple', 'MaxActiveTransactions': 103}",[[0.10232992 1.59092    0.06432125]]
82.17606,"{'PagePolicy': 'OpenAdaptive', 'Scheduler': 'FrFcfs', 'SchedulerBuffer': 'Bankwise', 'RequestBufferSize': 1, 'RespQueue': 'Fifo', 'RefreshPolicy': 'AllBank', 'RefreshMaxPostponed': 1, 'RefreshMaxPulledin': 4, 'Arbiter': 'Fifo', 'MaxActiveTransactions': 43}",[[0.12032797 1.26191    0.09535375]]
82.17606,"{'PagePolicy': 'OpenAdaptive', 'Scheduler': 'FrFcfs', 'SchedulerBuffer': 'Bankwise', 'RequestBufferSize': 1, 'RespQueue': 'Fifo', 'RefreshPolicy': 'AllBank', 'RefreshMaxPostponed': 1, 'RefreshMaxPulledin': 4, 'Arbiter': 'Fifo', 'MaxActiveTransactions': 43}",[[0.12032797 1.26191    0.09535375]]
148.71864,"{'PagePolicy': 'OpenAdaptive', 'Scheduler': 'FrFcfs', 'SchedulerBuffer': 'Shared', 'RequestBufferSize': 1, 'RespQueue': 'Fifo', 'RefreshPolicy': 'AllBank', 'RefreshMaxPostponed': 3, 'RefreshMaxPulledin': 5, 'Arbiter': 'Fifo', 'MaxActiveTransactions': 3}",[[0.12099142 1.24418    0.09724625]]
148.71864,"{'PagePolicy': 'OpenAdaptive', 'Scheduler': 'FrFcfs', 'SchedulerBuffer': 'Shared', 'RequestBufferSize': 1, 'RespQueue': 'Fifo', 'RefreshPolicy': 'AllBank', 'RefreshMaxPostponed': 3, 'RefreshMaxPulledin': 5, 'Arbiter': 'Fifo', 'MaxActiveTransactions': 3}",[[0.12099142 1.24418    0.09724625]]
82.17606,"{'PagePolicy': 'OpenAdaptive', 'Scheduler': 'FrFcfsGrp', 'SchedulerBuffer': 'ReadWrite', 'RequestBufferSize': 1, 'RespQueue': 'Reorder', 'RefreshPolicy': 'AllBank', 'RefreshMaxPostponed': 1, 'RefreshMaxPulledin': 1, 'Arbiter': 'Fifo', 'MaxActiveTransactions': 42}",[[0.12032797 1.26191    0.09535375]]
82.17606,"{'PagePolicy': 'OpenAdaptive', 'Scheduler': 'FrFcfsGrp', 'SchedulerBuffer': 'ReadWrite', 'RequestBufferSize': 1, 'RespQueue': 'Reorder', 'RefreshPolicy': 'AllBank', 'RefreshMaxPostponed': 1, 'RefreshMaxPulledin': 1, 'Arbiter': 'Fifo', 'MaxActiveTransactions': 42}",[[0.12032797 1.26191    0.09535375]]
82.17606,"{'PagePolicy': 'OpenAdaptive', 'Scheduler': 'FrFcfs', 'SchedulerBuffer': 'Bankwise', 'RequestBufferSize': 1, 'RespQueue': 'Fifo', 'RefreshPolicy': 'AllBank', 'RefreshMaxPostponed': 1, 'RefreshMaxPulledin': 4, 'Arbiter': 'Fifo', 'MaxActiveTransactions': 36}",[[0.12032797 1.26191    0.09535375]]
82.17606,"{'PagePolicy': 'OpenAdaptive', 'Scheduler': 'FrFcfs', 'SchedulerBuffer': 'Bankwise', 'RequestBufferSize': 1, 'RespQueue': 'Fifo', 'RefreshPolicy': 'AllBank', 'RefreshMaxPostponed': 1, 'RefreshMaxPulledin': 4, 'Arbiter': 'Fifo', 'MaxActiveTransactions': 36}",[[0.12032797 1.26191    0.09535375]]
76.38925,"{'PagePolicy': 'OpenAdaptive', 'Scheduler': 'FrFcfsGrp', 'SchedulerBuffer': 'ReadWrite', 'RequestBufferSize': 1, 'RespQueue': 'Fifo', 'RefreshPolicy': 'NoRefresh', 'RefreshMaxPostponed': 1, 'RefreshMaxPulledin': 6, 'Arbiter': 'Fifo', 'MaxActiveTransactions': 34}",[[0.11804122 1.24659    0.09469125]]
76.38925,"{'PagePolicy': 'OpenAdaptive', 'Scheduler': 'FrFcfsGrp', 'SchedulerBuffer': 'ReadWrite', 'RequestBufferSize': 1, 'RespQueue': 'Fifo', 'RefreshPolicy': 'NoRefresh', 'RefreshMaxPostponed': 1, 'RefreshMaxPulledin': 6, 'Arbiter': 'Fifo', 'MaxActiveTransactions': 34}",[[0.11804122 1.24659    0.09469125]]
82.17606,"{'PagePolicy': 'OpenAdaptive', 'Scheduler': 'Fifo', 'SchedulerBuffer': 'Shared', 'RequestBufferSize': 1, 'RespQueue': 'Reorder', 'RefreshPolicy': 'AllBank', 'RefreshMaxPostponed': 1, 'RefreshMaxPulledin': 5, 'Arbiter': 'Fifo', 'MaxActiveTransactions': 125}",[[0.12032797 1.26191    0.09535375]]
82.17606,"{'PagePolicy': 'OpenAdaptive', 'Scheduler': 'Fifo', 'SchedulerBuffer': 'Shared', 'RequestBufferSize': 1, 'RespQueue': 'Reorder', 'RefreshPolicy': 'AllBank', 'RefreshMaxPostponed': 1, 'RefreshMaxPulledin': 5, 'Arbiter': 'Fifo', 'MaxActiveTransactions': 125}",[[0.12032797 1.26191    0.09535375]]
82.17606,"{'PagePolicy': 'OpenAdaptive', 'Scheduler': 'FrFcfsGrp', 'SchedulerBuffer': 'ReadWrite', 'RequestBufferSize': 1, 'RespQueue': 'Fifo', 'RefreshPolicy': 'AllBank', 'RefreshMaxPostponed': 1, 'RefreshMaxPulledin': 2, 'Arbiter': 'Fifo', 'MaxActiveTransactions': 123}",[[0.12032797 1.26191    0.09535375]]
82.17606,"{'PagePolicy': 'OpenAdaptive', 'Scheduler': 'FrFcfsGrp', 'SchedulerBuffer': 'ReadWrite', 'RequestBufferSize': 1, 'RespQueue': 'Fifo', 'RefreshPolicy': 'AllBank', 'RefreshMaxPostponed': 1, 'RefreshMaxPulledin': 2, 'Arbiter': 'Fifo', 'MaxActiveTransactions': 123}",[[0.12032797 1.26191    0.09535375]]
76.38925,"{'PagePolicy': 'OpenAdaptive', 'Scheduler': 'FrFcfsGrp', 'SchedulerBuffer': 'Shared', 'RequestBufferSize': 1, 'RespQueue': 'Fifo', 'RefreshPolicy': 'NoRefresh', 'RefreshMaxPostponed': 4, 'RefreshMaxPulledin': 1, 'Arbiter': 'Reorder', 'MaxActiveTransactions': 96}",[[0.11804122 1.24659    0.09469125]]
76.38925,"{'PagePolicy': 'OpenAdaptive', 'Scheduler': 'FrFcfsGrp', 'SchedulerBuffer': 'Shared', 'RequestBufferSize': 1, 'RespQueue': 'Fifo', 'RefreshPolicy': 'NoRefresh', 'RefreshMaxPostponed': 4, 'RefreshMaxPulledin': 1, 'Arbiter': 'Reorder', 'MaxActiveTransactions': 96}",[[0.11804122 1.24659    0.09469125]]
82.17606,"{'PagePolicy': 'OpenAdaptive', 'Scheduler': 'Fifo', 'SchedulerBuffer': 'ReadWrite', 'RequestBufferSize': 1, 'RespQueue': 'Reorder', 'RefreshPolicy': 'AllBank', 'RefreshMaxPostponed': 1, 'RefreshMaxPulledin': 4, 'Arbiter': 'Fifo', 'MaxActiveTransactions': 46}",[[0.12032797 1.26191    0.09535375]]
82.17606,"{'PagePolicy': 'OpenAdaptive', 'Scheduler': 'Fifo', 'SchedulerBuffer': 'ReadWrite', 'RequestBufferSize': 1, 'RespQueue': 'Reorder', 'RefreshPolicy': 'AllBank', 'RefreshMaxPostponed': 1, 'RefreshMaxPulledin': 4, 'Arbiter': 'Fifo', 'MaxActiveTransactions': 46}",[[0.12032797 1.26191    0.09535375]]
80.84556,"{'PagePolicy': 'OpenAdaptive', 'Scheduler': 'Fifo', 'SchedulerBuffer': 'Bankwise', 'RequestBufferSize': 1, 'RespQueue': 'Reorder', 'RefreshPolicy': 'AllBank', 'RefreshMaxPostponed': 3, 'RefreshMaxPulledin': 8, 'Arbiter': 'Fifo', 'MaxActiveTransactions': 45}",[[0.11990062 1.25911    0.09522625]]
80.84556,"{'PagePolicy': 'OpenAdaptive', 'Scheduler': 'Fifo', 'SchedulerBuffer': 'Bankwise', 'RequestBufferSize': 1, 'RespQueue': 'Reorder', 'RefreshPolicy': 'AllBank', 'RefreshMaxPostponed': 3, 'RefreshMaxPulledin': 8, 'Arbiter': 'Fifo', 'MaxActiveTransactions': 45}",[[0.11990062 1.25911    0.09522625]]
148.71864,"{'PagePolicy': 'OpenAdaptive', 'Scheduler': 'FrFcfsGrp', 'SchedulerBuffer': 'ReadWrite', 'RequestBufferSize': 1, 'RespQueue': 'Reorder', 'RefreshPolicy': 'AllBank', 'RefreshMaxPostponed': 3, 'RefreshMaxPulledin': 2, 'Arbiter': 'Fifo', 'MaxActiveTransactions': 3}",[[0.12099142 1.24418    0.09724625]]
148.71864,"{'PagePolicy': 'OpenAdaptive', 'Scheduler': 'FrFcfsGrp', 'SchedulerBuffer': 'ReadWrite', 'RequestBufferSize': 1, 'RespQueue': 'Reorder', 'RefreshPolicy': 'AllBank', 'RefreshMaxPostponed': 3, 'RefreshMaxPulledin': 2, 'Arbiter': 'Fifo', 'MaxActiveTransactions': 3}",[[0.12099142 1.24418    0.09724625]]
76.38925,"{'PagePolicy': 'OpenAdaptive', 'Scheduler': 'FrFcfsGrp', 'SchedulerBuffer': 'ReadWrite', 'RequestBufferSize': 1, 'RespQueue': 'Fifo', 'RefreshPolicy': 'NoRefresh', 'RefreshMaxPostponed': 1, 'RefreshMaxPulledin': 6, 'Arbiter': 'Fifo', 'MaxActiveTransactions': 45}",[[0.11804122 1.24659    0.09469125]]
76.38925,"{'PagePolicy': 'OpenAdaptive', 'Scheduler': 'FrFcfsGrp', 'SchedulerBuffer': 'ReadWrite', 'RequestBufferSize': 1, 'RespQueue': 'Fifo', 'RefreshPolicy': 'NoRefresh', 'RefreshMaxPostponed': 1, 'RefreshMaxPulledin': 6, 'Arbiter': 'Fifo', 'MaxActiveTransactions': 45}",[[0.11804122 1.24659    0.09469125]]
76.38925,"{'PagePolicy': 'OpenAdaptive', 'Scheduler': 'Fifo', 'SchedulerBuffer': 'ReadWrite', 'RequestBufferSize': 1, 'RespQueue': 'Reorder', 'RefreshPolicy': 'NoRefresh', 'RefreshMaxPostponed': 1, 'RefreshMaxPulledin': 7, 'Arbiter': 'Fifo', 'MaxActiveTransactions': 124}",[[0.11804122 1.24659    0.09469125]]
76.38925,"{'PagePolicy': 'OpenAdaptive', 'Scheduler': 'Fifo', 'SchedulerBuffer': 'ReadWrite', 'RequestBufferSize': 1, 'RespQueue': 'Reorder', 'RefreshPolicy': 'NoRefresh', 'RefreshMaxPostponed': 1, 'RefreshMaxPulledin': 7, 'Arbiter': 'Fifo', 'MaxActiveTransactions': 124}",[[0.11804122 1.24659    0.09469125]]
148.71864,"{'PagePolicy': 'OpenAdaptive', 'Scheduler': 'Fifo', 'SchedulerBuffer': 'Bankwise', 'RequestBufferSize': 1, 'RespQueue': 'Reorder', 'RefreshPolicy': 'AllBank', 'RefreshMaxPostponed': 3, 'RefreshMaxPulledin': 6, 'Arbiter': 'Fifo', 'MaxActiveTransactions': 3}",[[0.12099142 1.24418    0.09724625]]
148.71864,"{'PagePolicy': 'OpenAdaptive', 'Scheduler': 'Fifo', 'SchedulerBuffer': 'Bankwise', 'RequestBufferSize': 1, 'RespQueue': 'Reorder', 'RefreshPolicy': 'AllBank', 'RefreshMaxPostponed': 3, 'RefreshMaxPulledin': 6, 'Arbiter': 'Fifo', 'MaxActiveTransactions': 3}",[[0.12099142 1.24418    0.09724625]]
76.38925,"{'PagePolicy': 'OpenAdaptive', 'Scheduler': 'FrFcfs', 'SchedulerBuffer': 'Shared', 'RequestBufferSize': 1, 'RespQueue': 'Reorder', 'RefreshPolicy': 'NoRefresh', 'RefreshMaxPostponed': 3, 'RefreshMaxPulledin': 4, 'Arbiter': 'Fifo', 'MaxActiveTransactions': 42}",[[0.11804122 1.24659    0.09469125]]
76.38925,"{'PagePolicy': 'OpenAdaptive', 'Scheduler': 'FrFcfs', 'SchedulerBuffer': 'Shared', 'RequestBufferSize': 1, 'RespQueue': 'Reorder', 'RefreshPolicy': 'NoRefresh', 'RefreshMaxPostponed': 3, 'RefreshMaxPulledin': 4, 'Arbiter': 'Fifo', 'MaxActiveTransactions': 42}",[[0.11804122 1.24659    0.09469125]]
5.398758,"{'PagePolicy': 'OpenAdaptive', 'Scheduler': 'FrFcfsGrp', 'SchedulerBuffer': 'Shared', 'RequestBufferSize': 1, 'RespQueue': 'Reorder', 'RefreshPolicy': 'NoRefresh', 'RefreshMaxPostponed': 3, 'RefreshMaxPulledin': 6, 'Arbiter': 'Fifo', 'MaxActiveTransactions': 2}",[[1.2288705e-01 1.1854200e+00 1.0366500e-04]]
5.398758,"{'PagePolicy': 'OpenAdaptive', 'Scheduler': 'FrFcfsGrp', 'SchedulerBuffer': 'Shared', 'RequestBufferSize': 1, 'RespQueue': 'Reorder', 'RefreshPolicy': 'NoRefresh', 'RefreshMaxPostponed': 3, 'RefreshMaxPulledin': 6, 'Arbiter': 'Fifo', 'MaxActiveTransactions': 2}",[[1.2288705e-01 1.1854200e+00 1.0366500e-04]]
80.84556,"{'PagePolicy': 'OpenAdaptive', 'Scheduler': 'FrFcfsGrp', 'SchedulerBuffer': 'ReadWrite', 'RequestBufferSize': 1, 'RespQueue': 'Fifo', 'RefreshPolicy': 'AllBank', 'RefreshMaxPostponed': 3, 'RefreshMaxPulledin': 6, 'Arbiter': 'Fifo', 'MaxActiveTransactions': 124}",[[0.11990062 1.25911    0.09522625]]
80.84556,"{'PagePolicy': 'OpenAdaptive', 'Scheduler': 'FrFcfsGrp', 'SchedulerBuffer': 'ReadWrite', 'RequestBufferSize': 1, 'RespQueue': 'Fifo', 'RefreshPolicy': 'AllBank', 'RefreshMaxPostponed': 3, 'RefreshMaxPulledin': 6, 'Arbiter': 'Fifo', 'MaxActiveTransactions': 124}",[[0.11990062 1.25911    0.09522625]]
82.17606,"{'PagePolicy': 'OpenAdaptive', 'Scheduler': 'FrFcfsGrp', 'SchedulerBuffer': 'Shared', 'RequestBufferSize': 1, 'RespQueue': 'Reorder', 'RefreshPolicy': 'AllBank', 'RefreshMaxPostponed': 1, 'RefreshMaxPulledin': 7, 'Arbiter': 'Fifo', 'MaxActiveTransactions': 34}",[[0.12032797 1.26191    0.09535375]]
82.17606,"{'PagePolicy': 'OpenAdaptive', 'Scheduler': 'FrFcfsGrp', 'SchedulerBuffer': 'Shared', 'RequestBufferSize': 1, 'RespQueue': 'Reorder', 'RefreshPolicy': 'AllBank', 'RefreshMaxPostponed': 1, 'RefreshMaxPulledin': 7, 'Arbiter': 'Fifo', 'MaxActiveTransactions': 34}",[[0.12032797 1.26191    0.09535375]]
132.93488,"{'PagePolicy': 'OpenAdaptive', 'Scheduler': 'FrFcfs', 'SchedulerBuffer': 'Shared', 'RequestBufferSize': 1, 'RespQueue': 'Reorder', 'RefreshPolicy': 'NoRefresh', 'RefreshMaxPostponed': 2, 'RefreshMaxPulledin': 7, 'Arbiter': 'Fifo', 'MaxActiveTransactions': 3}",[[0.11915363 1.23155    0.09675125]]
132.93488,"{'PagePolicy': 'OpenAdaptive', 'Scheduler': 'FrFcfs', 'SchedulerBuffer': 'Shared', 'RequestBufferSize': 1, 'RespQueue': 'Reorder', 'RefreshPolicy': 'NoRefresh', 'RefreshMaxPostponed': 2, 'RefreshMaxPulledin': 7, 'Arbiter': 'Fifo', 'MaxActiveTransactions': 3}",[[0.11915363 1.23155    0.09675125]]
78.986855,"{'PagePolicy': 'OpenAdaptive', 'Scheduler': 'FrFcfs', 'SchedulerBuffer': 'ReadWrite', 'RequestBufferSize': 1, 'RespQueue': 'Fifo', 'RefreshPolicy': 'AllBank', 'RefreshMaxPostponed': 7, 'RefreshMaxPulledin': 7, 'Arbiter': 'Fifo', 'MaxActiveTransactions': 8}",[[0.11906213 1.25327    0.09500125]]
78.986855,"{'PagePolicy': 'OpenAdaptive', 'Scheduler': 'FrFcfs', 'SchedulerBuffer': 'ReadWrite', 'RequestBufferSize': 1, 'RespQueue': 'Fifo', 'RefreshPolicy': 'AllBank', 'RefreshMaxPostponed': 7, 'RefreshMaxPulledin': 7, 'Arbiter': 'Fifo', 'MaxActiveTransactions': 8}",[[0.11906213 1.25327    0.09500125]]
155.5057,"{'PagePolicy': 'OpenAdaptive', 'Scheduler': 'FrFcfs', 'SchedulerBuffer': 'Shared', 'RequestBufferSize': 1, 'RespQueue': 'Reorder', 'RefreshPolicy': 'AllBank', 'RefreshMaxPostponed': 2, 'RefreshMaxPulledin': 4, 'Arbiter': 'Fifo', 'MaxActiveTransactions': 3}",[[0.1212558 1.24521   0.0973775]]
155.5057,"{'PagePolicy': 'OpenAdaptive', 'Scheduler': 'FrFcfs', 'SchedulerBuffer': 'Shared', 'RequestBufferSize': 1, 'RespQueue': 'Reorder', 'RefreshPolicy': 'AllBank', 'RefreshMaxPostponed': 2, 'RefreshMaxPulledin': 4, 'Arbiter': 'Fifo', 'MaxActiveTransactions': 3}",[[0.1212558 1.24521   0.0973775]]
3.9066114,"{'PagePolicy': 'OpenAdaptive', 'Scheduler': 'FrFcfsGrp', 'SchedulerBuffer': 'Bankwise', 'RequestBufferSize': 1, 'RespQueue': 'Reorder', 'RefreshPolicy': 'AllBank', 'RefreshMaxPostponed': 5, 'RefreshMaxPulledin': 3, 'Arbiter': 'Fifo', 'MaxActiveTransactions': 121}",[[1.1947935e-01 1.2562200e+00 9.5110001e-05]]
3.9066114,"{'PagePolicy': 'OpenAdaptive', 'Scheduler': 'FrFcfsGrp', 'SchedulerBuffer': 'Bankwise', 'RequestBufferSize': 1, 'RespQueue': 'Reorder', 'RefreshPolicy': 'AllBank', 'RefreshMaxPostponed': 5, 'RefreshMaxPulledin': 3, 'Arbiter': 'Fifo', 'MaxActiveTransactions': 121}",[[1.1947935e-01 1.2562200e+00 9.5110001e-05]]
7.107399,"{'PagePolicy': 'Closed', 'Scheduler': 'FrFcfs', 'SchedulerBuffer': 'Shared', 'RequestBufferSize': 1, 'RespQueue': 'Fifo', 'RefreshPolicy': 'AllBank', 'RefreshMaxPostponed': 2, 'RefreshMaxPulledin': 4, 'Arbiter': 'Fifo', 'MaxActiveTransactions': 3}",[[1.9556408e-01 1.1409400e+00 1.7139000e-04]]
7.107399,"{'PagePolicy': 'Closed', 'Scheduler': 'FrFcfs', 'SchedulerBuffer': 'Shared', 'RequestBufferSize': 1, 'RespQueue': 'Fifo', 'RefreshPolicy': 'AllBank', 'RefreshMaxPostponed': 2, 'RefreshMaxPulledin': 4, 'Arbiter': 'Fifo', 'MaxActiveTransactions': 3}",[[1.9556408e-01 1.1409400e+00 1.7139000e-04]]
155.5057,"{'PagePolicy': 'OpenAdaptive', 'Scheduler': 'FrFcfsGrp', 'SchedulerBuffer': 'ReadWrite', 'RequestBufferSize': 1, 'RespQueue': 'Fifo', 'RefreshPolicy': 'AllBank', 'RefreshMaxPostponed': 2, 'RefreshMaxPulledin': 7, 'Arbiter': 'Fifo', 'MaxActiveTransactions': 3}",[[0.1212558 1.24521   0.0973775]]
155.5057,"{'PagePolicy': 'OpenAdaptive', 'Scheduler': 'FrFcfsGrp', 'SchedulerBuffer': 'ReadWrite', 'RequestBufferSize': 1, 'RespQueue': 'Fifo', 'RefreshPolicy': 'AllBank', 'RefreshMaxPostponed': 2, 'RefreshMaxPulledin': 7, 'Arbiter': 'Fifo', 'MaxActiveTransactions': 3}",[[0.1212558 1.24521   0.0973775]]
76.38925,"{'PagePolicy': 'OpenAdaptive', 'Scheduler': 'FrFcfs', 'SchedulerBuffer': 'Bankwise', 'RequestBufferSize': 1, 'RespQueue': 'Reorder', 'RefreshPolicy': 'NoRefresh', 'RefreshMaxPostponed': 1, 'RefreshMaxPulledin': 6, 'Arbiter': 'Fifo', 'MaxActiveTransactions': 8}",[[0.11804122 1.24659    0.09469125]]
76.38925,"{'PagePolicy': 'OpenAdaptive', 'Scheduler': 'FrFcfs', 'SchedulerBuffer': 'Bankwise', 'RequestBufferSize': 1, 'RespQueue': 'Reorder', 'RefreshPolicy': 'NoRefresh', 'RefreshMaxPostponed': 1, 'RefreshMaxPulledin': 6, 'Arbiter': 'Fifo', 'MaxActiveTransactions': 8}",[[0.11804122 1.24659    0.09469125]]
155.5057,"{'PagePolicy': 'OpenAdaptive', 'Scheduler': 'FrFcfs', 'SchedulerBuffer': 'Shared', 'RequestBufferSize': 1, 'RespQueue': 'Fifo', 'RefreshPolicy': 'AllBank', 'RefreshMaxPostponed': 2, 'RefreshMaxPulledin': 3, 'Arbiter': 'Fifo', 'MaxActiveTransactions': 3}",[[0.1212558 1.24521   0.0973775]]
155.5057,"{'PagePolicy': 'OpenAdaptive', 'Scheduler': 'FrFcfs', 'SchedulerBuffer': 'Shared', 'RequestBufferSize': 1, 'RespQueue': 'Fifo', 'RefreshPolicy': 'AllBank', 'RefreshMaxPostponed': 2, 'RefreshMaxPulledin': 3, 'Arbiter': 'Fifo', 'MaxActiveTransactions': 3}",[[0.1212558 1.24521   0.0973775]]
4.748752,"{'PagePolicy': 'OpenAdaptive', 'Scheduler': 'FrFcfsGrp', 'SchedulerBuffer': 'Shared', 'RequestBufferSize': 2, 'RespQueue': 'Fifo', 'RefreshPolicy': 'AllBank', 'RefreshMaxPostponed': 3, 'RefreshMaxPulledin': 2, 'Arbiter': 'Fifo', 'MaxActiveTransactions': 37}",[[0.10253063 1.59175    0.06441375]]
4.748752,"{'PagePolicy': 'OpenAdaptive', 'Scheduler': 'FrFcfsGrp', 'SchedulerBuffer': 'Shared', 'RequestBufferSize': 2, 'RespQueue': 'Fifo', 'RefreshPolicy': 'AllBank', 'RefreshMaxPostponed': 3, 'RefreshMaxPulledin': 2, 'Arbiter': 'Fifo', 'MaxActiveTransactions': 37}",[[0.10253063 1.59175    0.06441375]]
4.7430935,"{'PagePolicy': 'OpenAdaptive', 'Scheduler': 'FrFcfsGrp', 'SchedulerBuffer': 'ReadWrite', 'RequestBufferSize': 2, 'RespQueue': 'Fifo', 'RefreshPolicy': 'AllBank', 'RefreshMaxPostponed': 4, 'RefreshMaxPulledin': 5, 'Arbiter': 'Fifo', 'MaxActiveTransactions': 126}",[[0.10232992 1.59092    0.06432125]]
4.7430935,"{'PagePolicy': 'OpenAdaptive', 'Scheduler': 'FrFcfsGrp', 'SchedulerBuffer': 'ReadWrite', 'RequestBufferSize': 2, 'RespQueue': 'Fifo', 'RefreshPolicy': 'AllBank', 'RefreshMaxPostponed': 4, 'RefreshMaxPulledin': 5, 'Arbiter': 'Fifo', 'MaxActiveTransactions': 126}",[[0.10232992 1.59092    0.06432125]]
78.986855,"{'PagePolicy': 'OpenAdaptive', 'Scheduler': 'FrFcfs', 'SchedulerBuffer': 'ReadWrite', 'RequestBufferSize': 1, 'RespQueue': 'Fifo', 'RefreshPolicy': 'AllBank', 'RefreshMaxPostponed': 7, 'RefreshMaxPulledin': 2, 'Arbiter': 'Fifo', 'MaxActiveTransactions': 10}",[[0.11906213 1.25327    0.09500125]]
78.986855,"{'PagePolicy': 'OpenAdaptive', 'Scheduler': 'FrFcfs', 'SchedulerBuffer': 'ReadWrite', 'RequestBufferSize': 1, 'RespQueue': 'Fifo', 'RefreshPolicy': 'AllBank', 'RefreshMaxPostponed': 7, 'RefreshMaxPulledin': 2, 'Arbiter': 'Fifo', 'MaxActiveTransactions': 10}",[[0.11906213 1.25327    0.09500125]]
4.7430935,"{'PagePolicy': 'OpenAdaptive', 'Scheduler': 'FrFcfs', 'SchedulerBuffer': 'ReadWrite', 'RequestBufferSize': 2, 'RespQueue': 'Fifo', 'RefreshPolicy': 'AllBank', 'RefreshMaxPostponed': 4, 'RefreshMaxPulledin': 5, 'Arbiter': 'Reorder', 'MaxActiveTransactions': 127}",[[0.10232992 1.59092    0.06432125]]
4.7430935,"{'PagePolicy': 'OpenAdaptive', 'Scheduler': 'FrFcfs', 'SchedulerBuffer': 'ReadWrite', 'RequestBufferSize': 2, 'RespQueue': 'Fifo', 'RefreshPolicy': 'AllBank', 'RefreshMaxPostponed': 4, 'RefreshMaxPulledin': 5, 'Arbiter': 'Reorder', 'MaxActiveTransactions': 127}",[[0.10232992 1.59092    0.06432125]]
80.00544,"{'PagePolicy': 'OpenAdaptive', 'Scheduler': 'Fifo', 'SchedulerBuffer': 'ReadWrite', 'RequestBufferSize': 1, 'RespQueue': 'Fifo', 'RefreshPolicy': 'AllBank', 'RefreshMaxPostponed': 6, 'RefreshMaxPulledin': 5, 'Arbiter': 'Fifo', 'MaxActiveTransactions': 47}",[[0.11930422 1.25463    0.09509125]]
80.00544,"{'PagePolicy': 'OpenAdaptive', 'Scheduler': 'Fifo', 'SchedulerBuffer': 'ReadWrite', 'RequestBufferSize': 1, 'RespQueue': 'Fifo', 'RefreshPolicy': 'AllBank', 'RefreshMaxPostponed': 6, 'RefreshMaxPulledin': 5, 'Arbiter': 'Fifo', 'MaxActiveTransactions': 47}",[[0.11930422 1.25463    0.09509125]]
80.00544,"{'PagePolicy': 'OpenAdaptive', 'Scheduler': 'FrFcfsGrp', 'SchedulerBuffer': 'Bankwise', 'RequestBufferSize': 1, 'RespQueue': 'Reorder', 'RefreshPolicy': 'AllBank', 'RefreshMaxPostponed': 6, 'RefreshMaxPulledin': 3, 'Arbiter': 'Fifo', 'MaxActiveTransactions': 37}",[[0.11930422 1.25463    0.09509125]]
80.00544,"{'PagePolicy': 'OpenAdaptive', 'Scheduler': 'FrFcfsGrp', 'SchedulerBuffer': 'Bankwise', 'RequestBufferSize': 1, 'RespQueue': 'Reorder', 'RefreshPolicy': 'AllBank', 'RefreshMaxPostponed': 6, 'RefreshMaxPulledin': 3, 'Arbiter': 'Fifo', 'MaxActiveTransactions': 37}",[[0.11930422 1.25463    0.09509125]]
76.38925,"{'PagePolicy': 'OpenAdaptive', 'Scheduler': 'FrFcfs', 'SchedulerBuffer': 'ReadWrite', 'RequestBufferSize': 1, 'RespQueue': 'Reorder', 'RefreshPolicy': 'NoRefresh', 'RefreshMaxPostponed': 1, 'RefreshMaxPulledin': 8, 'Arbiter': 'Fifo', 'MaxActiveTransactions': 120}",[[0.11804122 1.24659    0.09469125]]
76.38925,"{'PagePolicy': 'OpenAdaptive', 'Scheduler': 'FrFcfs', 'SchedulerBuffer': 'ReadWrite', 'RequestBufferSize': 1, 'RespQueue': 'Reorder', 'RefreshPolicy': 'NoRefresh', 'RefreshMaxPostponed': 1, 'RefreshMaxPulledin': 8, 'Arbiter': 'Fifo', 'MaxActiveTransactions': 120}",[[0.11804122 1.24659    0.09469125]]
155.5057,"{'PagePolicy': 'OpenAdaptive', 'Scheduler': 'Fifo', 'SchedulerBuffer': 'Bankwise', 'RequestBufferSize': 1, 'RespQueue': 'Fifo', 'RefreshPolicy': 'AllBank', 'RefreshMaxPostponed': 2, 'RefreshMaxPulledin': 6, 'Arbiter': 'Fifo', 'MaxActiveTransactions': 3}",[[0.1212558 1.24521   0.0973775]]
155.5057,"{'PagePolicy': 'OpenAdaptive', 'Scheduler': 'Fifo', 'SchedulerBuffer': 'Bankwise', 'RequestBufferSize': 1, 'RespQueue': 'Fifo', 'RefreshPolicy': 'AllBank', 'RefreshMaxPostponed': 2, 'RefreshMaxPulledin': 6, 'Arbiter': 'Fifo', 'MaxActiveTransactions': 3}",[[0.1212558 1.24521   0.0973775]]
76.38925,"{'PagePolicy': 'OpenAdaptive', 'Scheduler': 'Fifo', 'SchedulerBuffer': 'Bankwise', 'RequestBufferSize': 1, 'RespQueue': 'Reorder', 'RefreshPolicy': 'NoRefresh', 'RefreshMaxPostponed': 1, 'RefreshMaxPulledin': 3, 'Arbiter': 'Fifo', 'MaxActiveTransactions': 117}",[[0.11804122 1.24659    0.09469125]]
76.38925,"{'PagePolicy': 'OpenAdaptive', 'Scheduler': 'Fifo', 'SchedulerBuffer': 'Bankwise', 'RequestBufferSize': 1, 'RespQueue': 'Reorder', 'RefreshPolicy': 'NoRefresh', 'RefreshMaxPostponed': 1, 'RefreshMaxPulledin': 3, 'Arbiter': 'Fifo', 'MaxActiveTransactions': 117}",[[0.11804122 1.24659    0.09469125]]
82.17606,"{'PagePolicy': 'OpenAdaptive', 'Scheduler': 'FrFcfs', 'SchedulerBuffer': 'ReadWrite', 'RequestBufferSize': 1, 'RespQueue': 'Fifo', 'RefreshPolicy': 'AllBank', 'RefreshMaxPostponed': 1, 'RefreshMaxPulledin': 4, 'Arbiter': 'Fifo', 'MaxActiveTransactions': 49}",[[0.12032797 1.26191    0.09535375]]
82.17606,"{'PagePolicy': 'OpenAdaptive', 'Scheduler': 'FrFcfs', 'SchedulerBuffer': 'ReadWrite', 'RequestBufferSize': 1, 'RespQueue': 'Fifo', 'RefreshPolicy': 'AllBank', 'RefreshMaxPostponed': 1, 'RefreshMaxPulledin': 4, 'Arbiter': 'Fifo', 'MaxActiveTransactions': 49}",[[0.12032797 1.26191    0.09535375]]
80.00544,"{'PagePolicy': 'OpenAdaptive', 'Scheduler': 'Fifo', 'SchedulerBuffer': 'Shared', 'RequestBufferSize': 1, 'RespQueue': 'Reorder', 'RefreshPolicy': 'AllBank', 'RefreshMaxPostponed': 6, 'RefreshMaxPulledin': 3, 'Arbiter': 'Fifo', 'MaxActiveTransactions': 50}",[[0.11930422 1.25463    0.09509125]]
80.00544,"{'PagePolicy': 'OpenAdaptive', 'Scheduler': 'Fifo', 'SchedulerBuffer': 'Shared', 'RequestBufferSize': 1, 'RespQueue': 'Reorder', 'RefreshPolicy': 'AllBank', 'RefreshMaxPostponed': 6, 'RefreshMaxPulledin': 3, 'Arbiter': 'Fifo', 'MaxActiveTransactions': 50}",[[0.11930422 1.25463    0.09509125]]
78.986855,"{'PagePolicy': 'OpenAdaptive', 'Scheduler': 'FrFcfs', 'SchedulerBuffer': 'ReadWrite', 'RequestBufferSize': 1, 'RespQueue': 'Reorder', 'RefreshPolicy': 'AllBank', 'RefreshMaxPostponed': 7, 'RefreshMaxPulledin': 2, 'Arbiter': 'Fifo', 'MaxActiveTransactions': 34}",[[0.11906213 1.25327    0.09500125]]
78.986855,"{'PagePolicy': 'OpenAdaptive', 'Scheduler': 'FrFcfs', 'SchedulerBuffer': 'ReadWrite', 'RequestBufferSize': 1, 'RespQueue': 'Reorder', 'RefreshPolicy': 'AllBank', 'RefreshMaxPostponed': 7, 'RefreshMaxPulledin': 2, 'Arbiter': 'Fifo', 'MaxActiveTransactions': 34}",[[0.11906213 1.25327    0.09500125]]
82.17606,"{'PagePolicy': 'OpenAdaptive', 'Scheduler': 'Fifo', 'SchedulerBuffer': 'ReadWrite', 'RequestBufferSize': 1, 'RespQueue': 'Reorder', 'RefreshPolicy': 'AllBank', 'RefreshMaxPostponed': 1, 'RefreshMaxPulledin': 5, 'Arbiter': 'Fifo', 'MaxActiveTransactions': 52}",[[0.12032797 1.26191    0.09535375]]
82.17606,"{'PagePolicy': 'OpenAdaptive', 'Scheduler': 'Fifo', 'SchedulerBuffer': 'ReadWrite', 'RequestBufferSize': 1, 'RespQueue': 'Reorder', 'RefreshPolicy': 'AllBank', 'RefreshMaxPostponed': 1, 'RefreshMaxPulledin': 5, 'Arbiter': 'Fifo', 'MaxActiveTransactions': 52}",[[0.12032797 1.26191    0.09535375]]
80.95369,"{'PagePolicy': 'OpenAdaptive', 'Scheduler': 'Fifo', 'SchedulerBuffer': 'Bankwise', 'RequestBufferSize': 1, 'RespQueue': 'Fifo', 'RefreshPolicy': 'AllBank', 'RefreshMaxPostponed': 4, 'RefreshMaxPulledin': 5, 'Arbiter': 'Fifo', 'MaxActiveTransactions': 54}",[[0.11972348 1.25755    0.09520375]]
80.95369,"{'PagePolicy': 'OpenAdaptive', 'Scheduler': 'Fifo', 'SchedulerBuffer': 'Bankwise', 'RequestBufferSize': 1, 'RespQueue': 'Fifo', 'RefreshPolicy': 'AllBank', 'RefreshMaxPostponed': 4, 'RefreshMaxPulledin': 5, 'Arbiter': 'Fifo', 'MaxActiveTransactions': 54}",[[0.11972348 1.25755    0.09520375]]
76.38925,"{'PagePolicy': 'OpenAdaptive', 'Scheduler': 'FrFcfs', 'SchedulerBuffer': 'Shared', 'RequestBufferSize': 1, 'RespQueue': 'Fifo', 'RefreshPolicy': 'NoRefresh', 'RefreshMaxPostponed': 4, 'RefreshMaxPulledin': 4, 'Arbiter': 'Simple', 'MaxActiveTransactions': 93}",[[0.11804122 1.24659    0.09469125]]
76.38925,"{'PagePolicy': 'OpenAdaptive', 'Scheduler': 'FrFcfs', 'SchedulerBuffer': 'Shared', 'RequestBufferSize': 1, 'RespQueue': 'Fifo', 'RefreshPolicy': 'NoRefresh', 'RefreshMaxPostponed': 4, 'RefreshMaxPulledin': 4, 'Arbiter': 'Simple', 'MaxActiveTransactions': 93}",[[0.11804122 1.24659    0.09469125]]
76.38925,"{'PagePolicy': 'OpenAdaptive', 'Scheduler': 'Fifo', 'SchedulerBuffer': 'Shared', 'RequestBufferSize': 1, 'RespQueue': 'Reorder', 'RefreshPolicy': 'NoRefresh', 'RefreshMaxPostponed': 4, 'RefreshMaxPulledin': 7, 'Arbiter': 'Fifo', 'MaxActiveTransactions': 57}",[[0.11804122 1.24659    0.09469125]]
76.38925,"{'PagePolicy': 'OpenAdaptive', 'Scheduler': 'Fifo', 'SchedulerBuffer': 'Shared', 'RequestBufferSize': 1, 'RespQueue': 'Reorder', 'RefreshPolicy': 'NoRefresh', 'RefreshMaxPostponed': 4, 'RefreshMaxPulledin': 7, 'Arbiter': 'Fifo', 'MaxActiveTransactions': 57}",[[0.11804122 1.24659    0.09469125]]
155.5057,"{'PagePolicy': 'OpenAdaptive', 'Scheduler': 'FrFcfsGrp', 'SchedulerBuffer': 'ReadWrite', 'RequestBufferSize': 1, 'RespQueue': 'Reorder', 'RefreshPolicy': 'AllBank', 'RefreshMaxPostponed': 2, 'RefreshMaxPulledin': 3, 'Arbiter': 'Fifo', 'MaxActiveTransactions': 3}",[[0.1212558 1.24521   0.0973775]]
155.5057,"{'PagePolicy': 'OpenAdaptive', 'Scheduler': 'FrFcfsGrp', 'SchedulerBuffer': 'ReadWrite', 'RequestBufferSize': 1, 'RespQueue': 'Reorder', 'RefreshPolicy': 'AllBank', 'RefreshMaxPostponed': 2, 'RefreshMaxPulledin': 3, 'Arbiter': 'Fifo', 'MaxActiveTransactions': 3}",[[0.1212558 1.24521   0.0973775]]
80.95369,"{'PagePolicy': 'OpenAdaptive', 'Scheduler': 'FrFcfs', 'SchedulerBuffer': 'ReadWrite', 'RequestBufferSize': 1, 'RespQueue': 'Fifo', 'RefreshPolicy': 'AllBank', 'RefreshMaxPostponed': 4, 'RefreshMaxPulledin': 5, 'Arbiter': 'Fifo', 'MaxActiveTransactions': 31}",[[0.11972348 1.25755    0.09520375]]
80.95369,"{'PagePolicy': 'OpenAdaptive', 'Scheduler': 'FrFcfs', 'SchedulerBuffer': 'ReadWrite', 'RequestBufferSize': 1, 'RespQueue': 'Fifo', 'RefreshPolicy': 'AllBank', 'RefreshMaxPostponed': 4, 'RefreshMaxPulledin': 5, 'Arbiter': 'Fifo', 'MaxActiveTransactions': 31}",[[0.11972348 1.25755    0.09520375]]
