0.8480152,"{'PagePolicy': 'ClosedAdaptive', 'Scheduler': 'FrFcfsGrp', 'SchedulerBuffer': 'ReadWrite', 'RequestBufferSize': 4, 'RespQueue': 'Fifo', 'RefreshPolicy': 'AllBank', 'RefreshMaxPostponed': 5, 'RefreshMaxPulledin': 7, 'Arbiter': 'Reorder', 'MaxActiveTransactions': 44}",[[8.241345e-02 2.179670e+00 3.779500e-05]]
0.8480152,"{'PagePolicy': 'ClosedAdaptive', 'Scheduler': 'FrFcfsGrp', 'SchedulerBuffer': 'ReadWrite', 'RequestBufferSize': 4, 'RespQueue': 'Fifo', 'RefreshPolicy': 'AllBank', 'RefreshMaxPostponed': 5, 'RefreshMaxPulledin': 7, 'Arbiter': 'Reorder', 'MaxActiveTransactions': 44}",[[8.241345e-02 2.179670e+00 3.779500e-05]]
1.0274286,"{'PagePolicy': 'Open', 'Scheduler': 'FrFcfs', 'SchedulerBuffer': 'Bankwise', 'RequestBufferSize': 7, 'RespQueue': 'Reorder', 'RefreshPolicy': 'AllBank', 'RefreshMaxPostponed': 4, 'RefreshMaxPulledin': 4, 'Arbiter': 'Reorder', 'MaxActiveTransactions': 107}",[[0.07949557 2.44292    0.03254625]]
1.0274286,"{'PagePolicy': 'Open', 'Scheduler': 'FrFcfs', 'SchedulerBuffer': 'Bankwise', 'RequestBufferSize': 7, 'RespQueue': 'Reorder', 'RefreshPolicy': 'AllBank', 'RefreshMaxPostponed': 4, 'RefreshMaxPulledin': 4, 'Arbiter': 'Reorder', 'MaxActiveTransactions': 107}",[[0.07949557 2.44292    0.03254625]]
1.196359,"{'PagePolicy': 'Open', 'Scheduler': 'FrFcfs', 'SchedulerBuffer': 'ReadWrite', 'RequestBufferSize': 7, 'RespQueue': 'Reorder', 'RefreshPolicy': 'NoRefresh', 'RefreshMaxPostponed': 4, 'RefreshMaxPulledin': 4, 'Arbiter': 'Simple', 'MaxActiveTransactions': 26}",[[0.08100285 2.29259    0.03533375]]
1.196359,"{'PagePolicy': 'Open', 'Scheduler': 'FrFcfs', 'SchedulerBuffer': 'ReadWrite', 'RequestBufferSize': 7, 'RespQueue': 'Reorder', 'RefreshPolicy': 'NoRefresh', 'RefreshMaxPostponed': 4, 'RefreshMaxPulledin': 4, 'Arbiter': 'Simple', 'MaxActiveTransactions': 26}",[[0.08100285 2.29259    0.03533375]]
2.0288572,"{'PagePolicy': 'OpenAdaptive', 'Scheduler': 'FrFcfsGrp', 'SchedulerBuffer': 'ReadWrite', 'RequestBufferSize': 3, 'RespQueue': 'Fifo', 'RefreshPolicy': 'AllBank', 'RefreshMaxPostponed': 6, 'RefreshMaxPulledin': 6, 'Arbiter': 'Fifo', 'MaxActiveTransactions': 10}",[[0.08645348 1.90316    0.04542625]]
2.0288572,"{'PagePolicy': 'OpenAdaptive', 'Scheduler': 'FrFcfsGrp', 'SchedulerBuffer': 'ReadWrite', 'RequestBufferSize': 3, 'RespQueue': 'Fifo', 'RefreshPolicy': 'AllBank', 'RefreshMaxPostponed': 6, 'RefreshMaxPulledin': 6, 'Arbiter': 'Fifo', 'MaxActiveTransactions': 10}",[[0.08645348 1.90316    0.04542625]]
16.48716,"{'PagePolicy': 'OpenAdaptive', 'Scheduler': 'FrFcfs', 'SchedulerBuffer': 'Shared', 'RequestBufferSize': 1, 'RespQueue': 'Fifo', 'RefreshPolicy': 'NoRefresh', 'RefreshMaxPostponed': 6, 'RefreshMaxPulledin': 3, 'Arbiter': 'Simple', 'MaxActiveTransactions': 53}",[[0.10535482 1.30991    0.08042875]]
16.48716,"{'PagePolicy': 'OpenAdaptive', 'Scheduler': 'FrFcfs', 'SchedulerBuffer': 'Shared', 'RequestBufferSize': 1, 'RespQueue': 'Fifo', 'RefreshPolicy': 'NoRefresh', 'RefreshMaxPostponed': 6, 'RefreshMaxPulledin': 3, 'Arbiter': 'Simple', 'MaxActiveTransactions': 53}",[[0.10535482 1.30991    0.08042875]]
1.3482519,"{'PagePolicy': 'OpenAdaptive', 'Scheduler': 'FrFcfs', 'SchedulerBuffer': 'Bankwise', 'RequestBufferSize': 5, 'RespQueue': 'Reorder', 'RefreshPolicy': 'NoRefresh', 'RefreshMaxPostponed': 8, 'RefreshMaxPulledin': 5, 'Arbiter': 'Fifo', 'MaxActiveTransactions': 12}",[[0.08221245 2.1881     0.0375725 ]]
1.3482519,"{'PagePolicy': 'OpenAdaptive', 'Scheduler': 'FrFcfs', 'SchedulerBuffer': 'Bankwise', 'RequestBufferSize': 5, 'RespQueue': 'Reorder', 'RefreshPolicy': 'NoRefresh', 'RefreshMaxPostponed': 8, 'RefreshMaxPulledin': 5, 'Arbiter': 'Fifo', 'MaxActiveTransactions': 12}",[[0.08221245 2.1881     0.0375725 ]]
0.8633664,"{'PagePolicy': 'OpenAdaptive', 'Scheduler': 'Fifo', 'SchedulerBuffer': 'Shared', 'RequestBufferSize': 5, 'RespQueue': 'Fifo', 'RefreshPolicy': 'NoRefresh', 'RefreshMaxPostponed': 6, 'RefreshMaxPulledin': 7, 'Arbiter': 'Simple', 'MaxActiveTransactions': 90}",[[8.2581e-02 2.1587e+00 3.8255e-05]]
0.8633664,"{'PagePolicy': 'OpenAdaptive', 'Scheduler': 'Fifo', 'SchedulerBuffer': 'Shared', 'RequestBufferSize': 5, 'RespQueue': 'Fifo', 'RefreshPolicy': 'NoRefresh', 'RefreshMaxPostponed': 6, 'RefreshMaxPulledin': 7, 'Arbiter': 'Simple', 'MaxActiveTransactions': 90}",[[8.2581e-02 2.1587e+00 3.8255e-05]]
9.879103,"{'PagePolicy': 'Closed', 'Scheduler': 'FrFcfsGrp', 'SchedulerBuffer': 'Shared', 'RequestBufferSize': 6, 'RespQueue': 'Fifo', 'RefreshPolicy': 'NoRefresh', 'RefreshMaxPostponed': 2, 'RefreshMaxPulledin': 4, 'Arbiter': 'Reorder', 'MaxActiveTransactions': 112}",[[0.17568915 1.24899    0.14065374]]
9.879103,"{'PagePolicy': 'Closed', 'Scheduler': 'FrFcfsGrp', 'SchedulerBuffer': 'Shared', 'RequestBufferSize': 6, 'RespQueue': 'Fifo', 'RefreshPolicy': 'NoRefresh', 'RefreshMaxPostponed': 2, 'RefreshMaxPulledin': 4, 'Arbiter': 'Reorder', 'MaxActiveTransactions': 112}",[[0.17568915 1.24899    0.14065374]]
1.3851738,"{'PagePolicy': 'OpenAdaptive', 'Scheduler': 'FrFcfsGrp', 'SchedulerBuffer': 'Bankwise', 'RequestBufferSize': 3, 'RespQueue': 'Fifo', 'RefreshPolicy': 'AllBank', 'RefreshMaxPostponed': 4, 'RefreshMaxPulledin': 5, 'Arbiter': 'Simple', 'MaxActiveTransactions': 91}",[[0.08248852 2.16598    0.03808375]]
1.3851738,"{'PagePolicy': 'OpenAdaptive', 'Scheduler': 'FrFcfsGrp', 'SchedulerBuffer': 'Bankwise', 'RequestBufferSize': 3, 'RespQueue': 'Fifo', 'RefreshPolicy': 'AllBank', 'RefreshMaxPostponed': 4, 'RefreshMaxPulledin': 5, 'Arbiter': 'Simple', 'MaxActiveTransactions': 91}",[[0.08248852 2.16598    0.03808375]]
1.1369863,"{'PagePolicy': 'OpenAdaptive', 'Scheduler': 'FrFcfsGrp', 'SchedulerBuffer': 'ReadWrite', 'RequestBufferSize': 8, 'RespQueue': 'Fifo', 'RefreshPolicy': 'AllBank', 'RefreshMaxPostponed': 7, 'RefreshMaxPulledin': 2, 'Arbiter': 'Fifo', 'MaxActiveTransactions': 77}",[[0.08049458 2.34055    0.03439125]]
1.1369863,"{'PagePolicy': 'OpenAdaptive', 'Scheduler': 'FrFcfsGrp', 'SchedulerBuffer': 'ReadWrite', 'RequestBufferSize': 8, 'RespQueue': 'Fifo', 'RefreshPolicy': 'AllBank', 'RefreshMaxPostponed': 7, 'RefreshMaxPulledin': 2, 'Arbiter': 'Fifo', 'MaxActiveTransactions': 77}",[[0.08049458 2.34055    0.03439125]]
16.48716,"{'PagePolicy': 'OpenAdaptive', 'Scheduler': 'FrFcfs', 'SchedulerBuffer': 'Shared', 'RequestBufferSize': 1, 'RespQueue': 'Fifo', 'RefreshPolicy': 'NoRefresh', 'RefreshMaxPostponed': 8, 'RefreshMaxPulledin': 3, 'Arbiter': 'Simple', 'MaxActiveTransactions': 26}",[[0.10535482 1.30991    0.08042875]]
16.48716,"{'PagePolicy': 'OpenAdaptive', 'Scheduler': 'FrFcfs', 'SchedulerBuffer': 'Shared', 'RequestBufferSize': 1, 'RespQueue': 'Fifo', 'RefreshPolicy': 'NoRefresh', 'RefreshMaxPostponed': 8, 'RefreshMaxPulledin': 3, 'Arbiter': 'Simple', 'MaxActiveTransactions': 26}",[[0.10535482 1.30991    0.08042875]]
16.48716,"{'PagePolicy': 'OpenAdaptive', 'Scheduler': 'FrFcfs', 'SchedulerBuffer': 'Shared', 'RequestBufferSize': 1, 'RespQueue': 'Fifo', 'RefreshPolicy': 'NoRefresh', 'RefreshMaxPostponed': 7, 'RefreshMaxPulledin': 3, 'Arbiter': 'Simple', 'MaxActiveTransactions': 32}",[[0.10535482 1.30991    0.08042875]]
16.48716,"{'PagePolicy': 'OpenAdaptive', 'Scheduler': 'FrFcfs', 'SchedulerBuffer': 'Shared', 'RequestBufferSize': 1, 'RespQueue': 'Fifo', 'RefreshPolicy': 'NoRefresh', 'RefreshMaxPostponed': 7, 'RefreshMaxPulledin': 3, 'Arbiter': 'Simple', 'MaxActiveTransactions': 32}",[[0.10535482 1.30991    0.08042875]]
3.1246355,"{'PagePolicy': 'Open', 'Scheduler': 'FrFcfs', 'SchedulerBuffer': 'Shared', 'RequestBufferSize': 2, 'RespQueue': 'Fifo', 'RefreshPolicy': 'NoRefresh', 'RefreshMaxPostponed': 8, 'RefreshMaxPulledin': 6, 'Arbiter': 'Reorder', 'MaxActiveTransactions': 65}",[[0.09094965 1.69201    0.0537525 ]]
3.1246355,"{'PagePolicy': 'Open', 'Scheduler': 'FrFcfs', 'SchedulerBuffer': 'Shared', 'RequestBufferSize': 2, 'RespQueue': 'Fifo', 'RefreshPolicy': 'NoRefresh', 'RefreshMaxPostponed': 8, 'RefreshMaxPulledin': 6, 'Arbiter': 'Reorder', 'MaxActiveTransactions': 65}",[[0.09094965 1.69201    0.0537525 ]]
3.1246355,"{'PagePolicy': 'OpenAdaptive', 'Scheduler': 'FrFcfs', 'SchedulerBuffer': 'Shared', 'RequestBufferSize': 2, 'RespQueue': 'Fifo', 'RefreshPolicy': 'AllBank', 'RefreshMaxPostponed': 8, 'RefreshMaxPulledin': 3, 'Arbiter': 'Reorder', 'MaxActiveTransactions': 65}",[[0.09094965 1.69201    0.0537525 ]]
3.1246355,"{'PagePolicy': 'OpenAdaptive', 'Scheduler': 'FrFcfs', 'SchedulerBuffer': 'Shared', 'RequestBufferSize': 2, 'RespQueue': 'Fifo', 'RefreshPolicy': 'AllBank', 'RefreshMaxPostponed': 8, 'RefreshMaxPulledin': 3, 'Arbiter': 'Reorder', 'MaxActiveTransactions': 65}",[[0.09094965 1.69201    0.0537525 ]]
19.559977,"{'PagePolicy': 'ClosedAdaptive', 'Scheduler': 'FrFcfsGrp', 'SchedulerBuffer': 'Shared', 'RequestBufferSize': 8, 'RespQueue': 'Fifo', 'RefreshPolicy': 'AllBank', 'RefreshMaxPostponed': 1, 'RefreshMaxPulledin': 8, 'Arbiter': 'Fifo', 'MaxActiveTransactions': 1}",[[0.21422483 1.04907    0.2041875 ]]
19.559977,"{'PagePolicy': 'ClosedAdaptive', 'Scheduler': 'FrFcfsGrp', 'SchedulerBuffer': 'Shared', 'RequestBufferSize': 8, 'RespQueue': 'Fifo', 'RefreshPolicy': 'AllBank', 'RefreshMaxPostponed': 1, 'RefreshMaxPulledin': 8, 'Arbiter': 'Fifo', 'MaxActiveTransactions': 1}",[[0.21422483 1.04907    0.2041875 ]]
11.728183,"{'PagePolicy': 'ClosedAdaptive', 'Scheduler': 'FrFcfsGrp', 'SchedulerBuffer': 'Shared', 'RequestBufferSize': 1, 'RespQueue': 'Reorder', 'RefreshPolicy': 'NoRefresh', 'RefreshMaxPostponed': 8, 'RefreshMaxPulledin': 1, 'Arbiter': 'Simple', 'MaxActiveTransactions': 128}",[[0.19304137 1.11715    0.1727825 ]]
11.728183,"{'PagePolicy': 'ClosedAdaptive', 'Scheduler': 'FrFcfsGrp', 'SchedulerBuffer': 'Shared', 'RequestBufferSize': 1, 'RespQueue': 'Reorder', 'RefreshPolicy': 'NoRefresh', 'RefreshMaxPostponed': 8, 'RefreshMaxPulledin': 1, 'Arbiter': 'Simple', 'MaxActiveTransactions': 128}",[[0.19304137 1.11715    0.1727825 ]]
16.48716,"{'PagePolicy': 'OpenAdaptive', 'Scheduler': 'FrFcfsGrp', 'SchedulerBuffer': 'Shared', 'RequestBufferSize': 1, 'RespQueue': 'Reorder', 'RefreshPolicy': 'NoRefresh', 'RefreshMaxPostponed': 8, 'RefreshMaxPulledin': 1, 'Arbiter': 'Reorder', 'MaxActiveTransactions': 128}",[[0.10535482 1.30991    0.08042875]]
16.48716,"{'PagePolicy': 'OpenAdaptive', 'Scheduler': 'FrFcfsGrp', 'SchedulerBuffer': 'Shared', 'RequestBufferSize': 1, 'RespQueue': 'Reorder', 'RefreshPolicy': 'NoRefresh', 'RefreshMaxPostponed': 8, 'RefreshMaxPulledin': 1, 'Arbiter': 'Reorder', 'MaxActiveTransactions': 128}",[[0.10535482 1.30991    0.08042875]]
0.72218585,"{'PagePolicy': 'ClosedAdaptive', 'Scheduler': 'FrFcfsGrp', 'SchedulerBuffer': 'Shared', 'RequestBufferSize': 8, 'RespQueue': 'Fifo', 'RefreshPolicy': 'NoRefresh', 'RefreshMaxPostponed': 8, 'RefreshMaxPulledin': 8, 'Arbiter': 'Fifo', 'MaxActiveTransactions': 69}",[[8.008447e-02 2.385150e+00 3.356000e-05]]
0.72218585,"{'PagePolicy': 'ClosedAdaptive', 'Scheduler': 'FrFcfsGrp', 'SchedulerBuffer': 'Shared', 'RequestBufferSize': 8, 'RespQueue': 'Fifo', 'RefreshPolicy': 'NoRefresh', 'RefreshMaxPostponed': 8, 'RefreshMaxPulledin': 8, 'Arbiter': 'Fifo', 'MaxActiveTransactions': 69}",[[8.008447e-02 2.385150e+00 3.356000e-05]]
10.7396,"{'PagePolicy': 'ClosedAdaptive', 'Scheduler': 'FrFcfsGrp', 'SchedulerBuffer': 'Shared', 'RequestBufferSize': 1, 'RespQueue': 'Reorder', 'RefreshPolicy': 'AllBank', 'RefreshMaxPostponed': 8, 'RefreshMaxPulledin': 8, 'Arbiter': 'Simple', 'MaxActiveTransactions': 128}",[[0.1963101  1.12502    0.17447875]]
10.7396,"{'PagePolicy': 'ClosedAdaptive', 'Scheduler': 'FrFcfsGrp', 'SchedulerBuffer': 'Shared', 'RequestBufferSize': 1, 'RespQueue': 'Reorder', 'RefreshPolicy': 'AllBank', 'RefreshMaxPostponed': 8, 'RefreshMaxPulledin': 8, 'Arbiter': 'Simple', 'MaxActiveTransactions': 128}",[[0.1963101  1.12502    0.17447875]]
1.1514055,"{'PagePolicy': 'OpenAdaptive', 'Scheduler': 'FrFcfs', 'SchedulerBuffer': 'Shared', 'RequestBufferSize': 8, 'RespQueue': 'Reorder', 'RefreshPolicy': 'AllBank', 'RefreshMaxPostponed': 1, 'RefreshMaxPulledin': 8, 'Arbiter': 'Simple', 'MaxActiveTransactions': 1}",[[0.08130787 2.33316    0.03485375]]
1.1514055,"{'PagePolicy': 'OpenAdaptive', 'Scheduler': 'FrFcfs', 'SchedulerBuffer': 'Shared', 'RequestBufferSize': 8, 'RespQueue': 'Reorder', 'RefreshPolicy': 'AllBank', 'RefreshMaxPostponed': 1, 'RefreshMaxPulledin': 8, 'Arbiter': 'Simple', 'MaxActiveTransactions': 1}",[[0.08130787 2.33316    0.03485375]]
1.1235739,"{'PagePolicy': 'ClosedAdaptive', 'Scheduler': 'FrFcfsGrp', 'SchedulerBuffer': 'Shared', 'RequestBufferSize': 7, 'RespQueue': 'Reorder', 'RefreshPolicy': 'AllBank', 'RefreshMaxPostponed': 6, 'RefreshMaxPulledin': 8, 'Arbiter': 'Fifo', 'MaxActiveTransactions': 79}",[[0.08043218 2.35225    0.0341825 ]]
1.1235739,"{'PagePolicy': 'ClosedAdaptive', 'Scheduler': 'FrFcfsGrp', 'SchedulerBuffer': 'Shared', 'RequestBufferSize': 7, 'RespQueue': 'Reorder', 'RefreshPolicy': 'AllBank', 'RefreshMaxPostponed': 6, 'RefreshMaxPulledin': 8, 'Arbiter': 'Fifo', 'MaxActiveTransactions': 79}",[[0.08043218 2.35225    0.0341825 ]]
0.72218585,"{'PagePolicy': 'ClosedAdaptive', 'Scheduler': 'FrFcfs', 'SchedulerBuffer': 'Shared', 'RequestBufferSize': 8, 'RespQueue': 'Reorder', 'RefreshPolicy': 'AllBank', 'RefreshMaxPostponed': 8, 'RefreshMaxPulledin': 1, 'Arbiter': 'Fifo', 'MaxActiveTransactions': 128}",[[8.008447e-02 2.385150e+00 3.356500e-05]]
0.72218585,"{'PagePolicy': 'ClosedAdaptive', 'Scheduler': 'FrFcfs', 'SchedulerBuffer': 'Shared', 'RequestBufferSize': 8, 'RespQueue': 'Reorder', 'RefreshPolicy': 'AllBank', 'RefreshMaxPostponed': 8, 'RefreshMaxPulledin': 1, 'Arbiter': 'Fifo', 'MaxActiveTransactions': 128}",[[8.008447e-02 2.385150e+00 3.356500e-05]]
1.099588,"{'PagePolicy': 'ClosedAdaptive', 'Scheduler': 'FrFcfs', 'SchedulerBuffer': 'Shared', 'RequestBufferSize': 8, 'RespQueue': 'Reorder', 'RefreshPolicy': 'AllBank', 'RefreshMaxPostponed': 1, 'RefreshMaxPulledin': 8, 'Arbiter': 'Simple', 'MaxActiveTransactions': 64}",[[0.08085307 2.37777    0.0339925 ]]
1.099588,"{'PagePolicy': 'ClosedAdaptive', 'Scheduler': 'FrFcfs', 'SchedulerBuffer': 'Shared', 'RequestBufferSize': 8, 'RespQueue': 'Reorder', 'RefreshPolicy': 'AllBank', 'RefreshMaxPostponed': 1, 'RefreshMaxPulledin': 8, 'Arbiter': 'Simple', 'MaxActiveTransactions': 64}",[[0.08085307 2.37777    0.0339925 ]]
1.1369863,"{'PagePolicy': 'OpenAdaptive', 'Scheduler': 'FrFcfs', 'SchedulerBuffer': 'Shared', 'RequestBufferSize': 8, 'RespQueue': 'Fifo', 'RefreshPolicy': 'AllBank', 'RefreshMaxPostponed': 8, 'RefreshMaxPulledin': 1, 'Arbiter': 'Fifo', 'MaxActiveTransactions': 128}",[[0.08049458 2.34055    0.03439125]]
1.1369863,"{'PagePolicy': 'OpenAdaptive', 'Scheduler': 'FrFcfs', 'SchedulerBuffer': 'Shared', 'RequestBufferSize': 8, 'RespQueue': 'Fifo', 'RefreshPolicy': 'AllBank', 'RefreshMaxPostponed': 8, 'RefreshMaxPulledin': 1, 'Arbiter': 'Fifo', 'MaxActiveTransactions': 128}",[[0.08049458 2.34055    0.03439125]]
1.1513171,"{'PagePolicy': 'OpenAdaptive', 'Scheduler': 'FrFcfs', 'SchedulerBuffer': 'Shared', 'RequestBufferSize': 8, 'RespQueue': 'Fifo', 'RefreshPolicy': 'AllBank', 'RefreshMaxPostponed': 1, 'RefreshMaxPulledin': 8, 'Arbiter': 'Fifo', 'MaxActiveTransactions': 39}",[[0.08130787 2.33316    0.03484875]]
1.1513171,"{'PagePolicy': 'OpenAdaptive', 'Scheduler': 'FrFcfs', 'SchedulerBuffer': 'Shared', 'RequestBufferSize': 8, 'RespQueue': 'Fifo', 'RefreshPolicy': 'AllBank', 'RefreshMaxPostponed': 1, 'RefreshMaxPulledin': 8, 'Arbiter': 'Fifo', 'MaxActiveTransactions': 39}",[[0.08130787 2.33316    0.03484875]]
1.0906032,"{'PagePolicy': 'ClosedAdaptive', 'Scheduler': 'FrFcfsGrp', 'SchedulerBuffer': 'Shared', 'RequestBufferSize': 8, 'RespQueue': 'Fifo', 'RefreshPolicy': 'AllBank', 'RefreshMaxPostponed': 3, 'RefreshMaxPulledin': 3, 'Arbiter': 'Simple', 'MaxActiveTransactions': 83}",[[0.08033797 2.38294    0.0336975 ]]
1.0906032,"{'PagePolicy': 'ClosedAdaptive', 'Scheduler': 'FrFcfsGrp', 'SchedulerBuffer': 'Shared', 'RequestBufferSize': 8, 'RespQueue': 'Fifo', 'RefreshPolicy': 'AllBank', 'RefreshMaxPostponed': 3, 'RefreshMaxPulledin': 3, 'Arbiter': 'Simple', 'MaxActiveTransactions': 83}",[[0.08033797 2.38294    0.0336975 ]]
0.72218585,"{'PagePolicy': 'ClosedAdaptive', 'Scheduler': 'FrFcfsGrp', 'SchedulerBuffer': 'Shared', 'RequestBufferSize': 8, 'RespQueue': 'Fifo', 'RefreshPolicy': 'AllBank', 'RefreshMaxPostponed': 7, 'RefreshMaxPulledin': 6, 'Arbiter': 'Fifo', 'MaxActiveTransactions': 80}",[[8.008447e-02 2.385150e+00 3.356000e-05]]
0.72218585,"{'PagePolicy': 'ClosedAdaptive', 'Scheduler': 'FrFcfsGrp', 'SchedulerBuffer': 'Shared', 'RequestBufferSize': 8, 'RespQueue': 'Fifo', 'RefreshPolicy': 'AllBank', 'RefreshMaxPostponed': 7, 'RefreshMaxPulledin': 6, 'Arbiter': 'Fifo', 'MaxActiveTransactions': 80}",[[8.008447e-02 2.385150e+00 3.356000e-05]]
27.429413,"{'PagePolicy': 'ClosedAdaptive', 'Scheduler': 'FrFcfs', 'SchedulerBuffer': 'Bankwise', 'RequestBufferSize': 8, 'RespQueue': 'Reorder', 'RefreshPolicy': 'NoRefresh', 'RefreshMaxPostponed': 1, 'RefreshMaxPulledin': 8, 'Arbiter': 'Fifo', 'MaxActiveTransactions': 1}",[[0.20828828 1.03609    0.2010175 ]]
27.429413,"{'PagePolicy': 'ClosedAdaptive', 'Scheduler': 'FrFcfs', 'SchedulerBuffer': 'Bankwise', 'RequestBufferSize': 8, 'RespQueue': 'Reorder', 'RefreshPolicy': 'NoRefresh', 'RefreshMaxPostponed': 1, 'RefreshMaxPulledin': 8, 'Arbiter': 'Fifo', 'MaxActiveTransactions': 1}",[[0.20828828 1.03609    0.2010175 ]]
0.9945407,"{'PagePolicy': 'ClosedAdaptive', 'Scheduler': 'FrFcfs', 'SchedulerBuffer': 'Bankwise', 'RequestBufferSize': 8, 'RespQueue': 'Fifo', 'RefreshPolicy': 'NoRefresh', 'RefreshMaxPostponed': 1, 'RefreshMaxPulledin': 8, 'Arbiter': 'Fifo', 'MaxActiveTransactions': 128}",[[0.07921845 2.47771    0.03195625]]
0.9945407,"{'PagePolicy': 'ClosedAdaptive', 'Scheduler': 'FrFcfs', 'SchedulerBuffer': 'Bankwise', 'RequestBufferSize': 8, 'RespQueue': 'Fifo', 'RefreshPolicy': 'NoRefresh', 'RefreshMaxPostponed': 1, 'RefreshMaxPulledin': 8, 'Arbiter': 'Fifo', 'MaxActiveTransactions': 128}",[[0.07921845 2.47771    0.03195625]]
27.429413,"{'PagePolicy': 'ClosedAdaptive', 'Scheduler': 'FrFcfs', 'SchedulerBuffer': 'Bankwise', 'RequestBufferSize': 8, 'RespQueue': 'Reorder', 'RefreshPolicy': 'NoRefresh', 'RefreshMaxPostponed': 1, 'RefreshMaxPulledin': 6, 'Arbiter': 'Fifo', 'MaxActiveTransactions': 1}",[[0.20828828 1.03609    0.2010175 ]]
27.429413,"{'PagePolicy': 'ClosedAdaptive', 'Scheduler': 'FrFcfs', 'SchedulerBuffer': 'Bankwise', 'RequestBufferSize': 8, 'RespQueue': 'Reorder', 'RefreshPolicy': 'NoRefresh', 'RefreshMaxPostponed': 1, 'RefreshMaxPulledin': 6, 'Arbiter': 'Fifo', 'MaxActiveTransactions': 1}",[[0.20828828 1.03609    0.2010175 ]]
0.99461377,"{'PagePolicy': 'ClosedAdaptive', 'Scheduler': 'FrFcfs', 'SchedulerBuffer': 'Bankwise', 'RequestBufferSize': 8, 'RespQueue': 'Reorder', 'RefreshPolicy': 'NoRefresh', 'RefreshMaxPostponed': 1, 'RefreshMaxPulledin': 4, 'Arbiter': 'Simple', 'MaxActiveTransactions': 1}",[[0.07921845 2.47771    0.03196125]]
0.99461377,"{'PagePolicy': 'ClosedAdaptive', 'Scheduler': 'FrFcfs', 'SchedulerBuffer': 'Bankwise', 'RequestBufferSize': 8, 'RespQueue': 'Reorder', 'RefreshPolicy': 'NoRefresh', 'RefreshMaxPostponed': 1, 'RefreshMaxPulledin': 4, 'Arbiter': 'Simple', 'MaxActiveTransactions': 1}",[[0.07921845 2.47771    0.03196125]]
27.429413,"{'PagePolicy': 'ClosedAdaptive', 'Scheduler': 'Fifo', 'SchedulerBuffer': 'Bankwise', 'RequestBufferSize': 8, 'RespQueue': 'Reorder', 'RefreshPolicy': 'NoRefresh', 'RefreshMaxPostponed': 8, 'RefreshMaxPulledin': 1, 'Arbiter': 'Fifo', 'MaxActiveTransactions': 1}",[[0.20828828 1.03609    0.2010175 ]]
27.429413,"{'PagePolicy': 'ClosedAdaptive', 'Scheduler': 'Fifo', 'SchedulerBuffer': 'Bankwise', 'RequestBufferSize': 8, 'RespQueue': 'Reorder', 'RefreshPolicy': 'NoRefresh', 'RefreshMaxPostponed': 8, 'RefreshMaxPulledin': 1, 'Arbiter': 'Fifo', 'MaxActiveTransactions': 1}",[[0.20828828 1.03609    0.2010175 ]]
52.872013,"{'PagePolicy': 'Open', 'Scheduler': 'FrFcfs', 'SchedulerBuffer': 'Bankwise', 'RequestBufferSize': 8, 'RespQueue': 'Reorder', 'RefreshPolicy': 'NoRefresh', 'RefreshMaxPostponed': 8, 'RefreshMaxPulledin': 2, 'Arbiter': 'Fifo', 'MaxActiveTransactions': 1}",[[0.14152065 0.9601     0.1474025 ]]
52.872013,"{'PagePolicy': 'Open', 'Scheduler': 'FrFcfs', 'SchedulerBuffer': 'Bankwise', 'RequestBufferSize': 8, 'RespQueue': 'Reorder', 'RefreshPolicy': 'NoRefresh', 'RefreshMaxPostponed': 8, 'RefreshMaxPulledin': 2, 'Arbiter': 'Fifo', 'MaxActiveTransactions': 1}",[[0.14152065 0.9601     0.1474025 ]]
52.872013,"{'PagePolicy': 'Open', 'Scheduler': 'FrFcfs', 'SchedulerBuffer': 'Bankwise', 'RequestBufferSize': 8, 'RespQueue': 'Reorder', 'RefreshPolicy': 'NoRefresh', 'RefreshMaxPostponed': 5, 'RefreshMaxPulledin': 1, 'Arbiter': 'Fifo', 'MaxActiveTransactions': 1}",[[0.14152065 0.9601     0.1474025 ]]
52.872013,"{'PagePolicy': 'Open', 'Scheduler': 'FrFcfs', 'SchedulerBuffer': 'Bankwise', 'RequestBufferSize': 8, 'RespQueue': 'Reorder', 'RefreshPolicy': 'NoRefresh', 'RefreshMaxPostponed': 5, 'RefreshMaxPulledin': 1, 'Arbiter': 'Fifo', 'MaxActiveTransactions': 1}",[[0.14152065 0.9601     0.1474025 ]]
52.872013,"{'PagePolicy': 'Open', 'Scheduler': 'Fifo', 'SchedulerBuffer': 'Bankwise', 'RequestBufferSize': 8, 'RespQueue': 'Reorder', 'RefreshPolicy': 'NoRefresh', 'RefreshMaxPostponed': 4, 'RefreshMaxPulledin': 7, 'Arbiter': 'Fifo', 'MaxActiveTransactions': 1}",[[0.14152065 0.9601     0.1474025 ]]
52.872013,"{'PagePolicy': 'Open', 'Scheduler': 'Fifo', 'SchedulerBuffer': 'Bankwise', 'RequestBufferSize': 8, 'RespQueue': 'Reorder', 'RefreshPolicy': 'NoRefresh', 'RefreshMaxPostponed': 4, 'RefreshMaxPulledin': 7, 'Arbiter': 'Fifo', 'MaxActiveTransactions': 1}",[[0.14152065 0.9601     0.1474025 ]]
52.872013,"{'PagePolicy': 'Open', 'Scheduler': 'Fifo', 'SchedulerBuffer': 'Bankwise', 'RequestBufferSize': 8, 'RespQueue': 'Reorder', 'RefreshPolicy': 'NoRefresh', 'RefreshMaxPostponed': 6, 'RefreshMaxPulledin': 1, 'Arbiter': 'Fifo', 'MaxActiveTransactions': 1}",[[0.14152065 0.9601     0.1474025 ]]
52.872013,"{'PagePolicy': 'Open', 'Scheduler': 'Fifo', 'SchedulerBuffer': 'Bankwise', 'RequestBufferSize': 8, 'RespQueue': 'Reorder', 'RefreshPolicy': 'NoRefresh', 'RefreshMaxPostponed': 6, 'RefreshMaxPulledin': 1, 'Arbiter': 'Fifo', 'MaxActiveTransactions': 1}",[[0.14152065 0.9601     0.1474025 ]]
52.872013,"{'PagePolicy': 'Open', 'Scheduler': 'Fifo', 'SchedulerBuffer': 'Bankwise', 'RequestBufferSize': 8, 'RespQueue': 'Reorder', 'RefreshPolicy': 'NoRefresh', 'RefreshMaxPostponed': 5, 'RefreshMaxPulledin': 3, 'Arbiter': 'Fifo', 'MaxActiveTransactions': 1}",[[0.14152065 0.9601     0.1474025 ]]
52.872013,"{'PagePolicy': 'Open', 'Scheduler': 'Fifo', 'SchedulerBuffer': 'Bankwise', 'RequestBufferSize': 8, 'RespQueue': 'Reorder', 'RefreshPolicy': 'NoRefresh', 'RefreshMaxPostponed': 5, 'RefreshMaxPulledin': 3, 'Arbiter': 'Fifo', 'MaxActiveTransactions': 1}",[[0.14152065 0.9601     0.1474025 ]]
52.872013,"{'PagePolicy': 'Open', 'Scheduler': 'FrFcfs', 'SchedulerBuffer': 'Bankwise', 'RequestBufferSize': 8, 'RespQueue': 'Reorder', 'RefreshPolicy': 'NoRefresh', 'RefreshMaxPostponed': 5, 'RefreshMaxPulledin': 3, 'Arbiter': 'Fifo', 'MaxActiveTransactions': 1}",[[0.14152065 0.9601     0.1474025 ]]
52.872013,"{'PagePolicy': 'Open', 'Scheduler': 'FrFcfs', 'SchedulerBuffer': 'Bankwise', 'RequestBufferSize': 8, 'RespQueue': 'Reorder', 'RefreshPolicy': 'NoRefresh', 'RefreshMaxPostponed': 5, 'RefreshMaxPulledin': 3, 'Arbiter': 'Fifo', 'MaxActiveTransactions': 1}",[[0.14152065 0.9601     0.1474025 ]]
90.66327,"{'PagePolicy': 'Open', 'Scheduler': 'Fifo', 'SchedulerBuffer': 'Bankwise', 'RequestBufferSize': 8, 'RespQueue': 'Reorder', 'RefreshPolicy': 'AllBank', 'RefreshMaxPostponed': 3, 'RefreshMaxPulledin': 2, 'Arbiter': 'Fifo', 'MaxActiveTransactions': 1}",[[0.14431365 0.97689    0.1477275 ]]
90.66327,"{'PagePolicy': 'Open', 'Scheduler': 'Fifo', 'SchedulerBuffer': 'Bankwise', 'RequestBufferSize': 8, 'RespQueue': 'Reorder', 'RefreshPolicy': 'AllBank', 'RefreshMaxPostponed': 3, 'RefreshMaxPulledin': 2, 'Arbiter': 'Fifo', 'MaxActiveTransactions': 1}",[[0.14431365 0.97689    0.1477275 ]]
1.2008499,"{'PagePolicy': 'Open', 'Scheduler': 'Fifo', 'SchedulerBuffer': 'Shared', 'RequestBufferSize': 7, 'RespQueue': 'Reorder', 'RefreshPolicy': 'AllBank', 'RefreshMaxPostponed': 3, 'RefreshMaxPulledin': 2, 'Arbiter': 'Fifo', 'MaxActiveTransactions': 40}",[[0.08125905 2.2906     0.03547625]]
1.2008499,"{'PagePolicy': 'Open', 'Scheduler': 'Fifo', 'SchedulerBuffer': 'Shared', 'RequestBufferSize': 7, 'RespQueue': 'Reorder', 'RefreshPolicy': 'AllBank', 'RefreshMaxPostponed': 3, 'RefreshMaxPulledin': 2, 'Arbiter': 'Fifo', 'MaxActiveTransactions': 40}",[[0.08125905 2.2906     0.03547625]]
86.579185,"{'PagePolicy': 'Open', 'Scheduler': 'FrFcfsGrp', 'SchedulerBuffer': 'Bankwise', 'RequestBufferSize': 8, 'RespQueue': 'Fifo', 'RefreshPolicy': 'AllBank', 'RefreshMaxPostponed': 4, 'RefreshMaxPulledin': 1, 'Arbiter': 'Fifo', 'MaxActiveTransactions': 1}",[[0.1441737 0.97581   0.1477475]]
86.579185,"{'PagePolicy': 'Open', 'Scheduler': 'FrFcfsGrp', 'SchedulerBuffer': 'Bankwise', 'RequestBufferSize': 8, 'RespQueue': 'Fifo', 'RefreshPolicy': 'AllBank', 'RefreshMaxPostponed': 4, 'RefreshMaxPulledin': 1, 'Arbiter': 'Fifo', 'MaxActiveTransactions': 1}",[[0.1441737 0.97581   0.1477475]]
96.3363,"{'PagePolicy': 'Open', 'Scheduler': 'Fifo', 'SchedulerBuffer': 'Bankwise', 'RequestBufferSize': 8, 'RespQueue': 'Reorder', 'RefreshPolicy': 'AllBank', 'RefreshMaxPostponed': 1, 'RefreshMaxPulledin': 4, 'Arbiter': 'Fifo', 'MaxActiveTransactions': 1}",[[0.1448118 0.97838   0.1480125]]
96.3363,"{'PagePolicy': 'Open', 'Scheduler': 'Fifo', 'SchedulerBuffer': 'Bankwise', 'RequestBufferSize': 8, 'RespQueue': 'Reorder', 'RefreshPolicy': 'AllBank', 'RefreshMaxPostponed': 1, 'RefreshMaxPulledin': 4, 'Arbiter': 'Fifo', 'MaxActiveTransactions': 1}",[[0.1448118 0.97838   0.1480125]]
96.3363,"{'PagePolicy': 'Open', 'Scheduler': 'Fifo', 'SchedulerBuffer': 'Bankwise', 'RequestBufferSize': 8, 'RespQueue': 'Reorder', 'RefreshPolicy': 'AllBank', 'RefreshMaxPostponed': 1, 'RefreshMaxPulledin': 8, 'Arbiter': 'Fifo', 'MaxActiveTransactions': 1}",[[0.1448118 0.97838   0.1480125]]
96.3363,"{'PagePolicy': 'Open', 'Scheduler': 'Fifo', 'SchedulerBuffer': 'Bankwise', 'RequestBufferSize': 8, 'RespQueue': 'Reorder', 'RefreshPolicy': 'AllBank', 'RefreshMaxPostponed': 1, 'RefreshMaxPulledin': 8, 'Arbiter': 'Fifo', 'MaxActiveTransactions': 1}",[[0.1448118 0.97838   0.1480125]]
1.0903885,"{'PagePolicy': 'Open', 'Scheduler': 'Fifo', 'SchedulerBuffer': 'Bankwise', 'RequestBufferSize': 8, 'RespQueue': 'Reorder', 'RefreshPolicy': 'AllBank', 'RefreshMaxPostponed': 1, 'RefreshMaxPulledin': 8, 'Arbiter': 'Fifo', 'MaxActiveTransactions': 27}",[[0.08074822 2.38627    0.03384375]]
1.0903885,"{'PagePolicy': 'Open', 'Scheduler': 'Fifo', 'SchedulerBuffer': 'Bankwise', 'RequestBufferSize': 8, 'RespQueue': 'Reorder', 'RefreshPolicy': 'AllBank', 'RefreshMaxPostponed': 1, 'RefreshMaxPulledin': 8, 'Arbiter': 'Fifo', 'MaxActiveTransactions': 27}",[[0.08074822 2.38627    0.03384375]]
96.3363,"{'PagePolicy': 'Open', 'Scheduler': 'Fifo', 'SchedulerBuffer': 'ReadWrite', 'RequestBufferSize': 1, 'RespQueue': 'Reorder', 'RefreshPolicy': 'AllBank', 'RefreshMaxPostponed': 1, 'RefreshMaxPulledin': 8, 'Arbiter': 'Fifo', 'MaxActiveTransactions': 1}",[[0.1448118 0.97838   0.1480125]]
96.3363,"{'PagePolicy': 'Open', 'Scheduler': 'Fifo', 'SchedulerBuffer': 'ReadWrite', 'RequestBufferSize': 1, 'RespQueue': 'Reorder', 'RefreshPolicy': 'AllBank', 'RefreshMaxPostponed': 1, 'RefreshMaxPulledin': 8, 'Arbiter': 'Fifo', 'MaxActiveTransactions': 1}",[[0.1448118 0.97838   0.1480125]]
96.3363,"{'PagePolicy': 'Open', 'Scheduler': 'Fifo', 'SchedulerBuffer': 'Bankwise', 'RequestBufferSize': 5, 'RespQueue': 'Reorder', 'RefreshPolicy': 'AllBank', 'RefreshMaxPostponed': 1, 'RefreshMaxPulledin': 8, 'Arbiter': 'Fifo', 'MaxActiveTransactions': 1}",[[0.1448118 0.97838   0.1480125]]
96.3363,"{'PagePolicy': 'Open', 'Scheduler': 'Fifo', 'SchedulerBuffer': 'Bankwise', 'RequestBufferSize': 5, 'RespQueue': 'Reorder', 'RefreshPolicy': 'AllBank', 'RefreshMaxPostponed': 1, 'RefreshMaxPulledin': 8, 'Arbiter': 'Fifo', 'MaxActiveTransactions': 1}",[[0.1448118 0.97838   0.1480125]]
96.3363,"{'PagePolicy': 'Open', 'Scheduler': 'Fifo', 'SchedulerBuffer': 'ReadWrite', 'RequestBufferSize': 5, 'RespQueue': 'Reorder', 'RefreshPolicy': 'AllBank', 'RefreshMaxPostponed': 1, 'RefreshMaxPulledin': 8, 'Arbiter': 'Fifo', 'MaxActiveTransactions': 1}",[[0.1448118 0.97838   0.1480125]]
96.3363,"{'PagePolicy': 'Open', 'Scheduler': 'Fifo', 'SchedulerBuffer': 'ReadWrite', 'RequestBufferSize': 5, 'RespQueue': 'Reorder', 'RefreshPolicy': 'AllBank', 'RefreshMaxPostponed': 1, 'RefreshMaxPulledin': 8, 'Arbiter': 'Fifo', 'MaxActiveTransactions': 1}",[[0.1448118 0.97838   0.1480125]]
96.3363,"{'PagePolicy': 'Open', 'Scheduler': 'Fifo', 'SchedulerBuffer': 'Bankwise', 'RequestBufferSize': 4, 'RespQueue': 'Reorder', 'RefreshPolicy': 'AllBank', 'RefreshMaxPostponed': 1, 'RefreshMaxPulledin': 8, 'Arbiter': 'Fifo', 'MaxActiveTransactions': 1}",[[0.1448118 0.97838   0.1480125]]
96.3363,"{'PagePolicy': 'Open', 'Scheduler': 'Fifo', 'SchedulerBuffer': 'Bankwise', 'RequestBufferSize': 4, 'RespQueue': 'Reorder', 'RefreshPolicy': 'AllBank', 'RefreshMaxPostponed': 1, 'RefreshMaxPulledin': 8, 'Arbiter': 'Fifo', 'MaxActiveTransactions': 1}",[[0.1448118 0.97838   0.1480125]]
96.3363,"{'PagePolicy': 'Open', 'Scheduler': 'Fifo', 'SchedulerBuffer': 'ReadWrite', 'RequestBufferSize': 4, 'RespQueue': 'Reorder', 'RefreshPolicy': 'AllBank', 'RefreshMaxPostponed': 1, 'RefreshMaxPulledin': 8, 'Arbiter': 'Fifo', 'MaxActiveTransactions': 1}",[[0.1448118 0.97838   0.1480125]]
96.3363,"{'PagePolicy': 'Open', 'Scheduler': 'Fifo', 'SchedulerBuffer': 'ReadWrite', 'RequestBufferSize': 4, 'RespQueue': 'Reorder', 'RefreshPolicy': 'AllBank', 'RefreshMaxPostponed': 1, 'RefreshMaxPulledin': 8, 'Arbiter': 'Fifo', 'MaxActiveTransactions': 1}",[[0.1448118 0.97838   0.1480125]]
96.3363,"{'PagePolicy': 'Open', 'Scheduler': 'Fifo', 'SchedulerBuffer': 'Shared', 'RequestBufferSize': 4, 'RespQueue': 'Reorder', 'RefreshPolicy': 'AllBank', 'RefreshMaxPostponed': 1, 'RefreshMaxPulledin': 8, 'Arbiter': 'Fifo', 'MaxActiveTransactions': 1}",[[0.1448118 0.97838   0.1480125]]
96.3363,"{'PagePolicy': 'Open', 'Scheduler': 'Fifo', 'SchedulerBuffer': 'Shared', 'RequestBufferSize': 4, 'RespQueue': 'Reorder', 'RefreshPolicy': 'AllBank', 'RefreshMaxPostponed': 1, 'RefreshMaxPulledin': 8, 'Arbiter': 'Fifo', 'MaxActiveTransactions': 1}",[[0.1448118 0.97838   0.1480125]]
96.3363,"{'PagePolicy': 'Open', 'Scheduler': 'FrFcfs', 'SchedulerBuffer': 'Bankwise', 'RequestBufferSize': 8, 'RespQueue': 'Reorder', 'RefreshPolicy': 'AllBank', 'RefreshMaxPostponed': 1, 'RefreshMaxPulledin': 8, 'Arbiter': 'Fifo', 'MaxActiveTransactions': 1}",[[0.1448118 0.97838   0.1480125]]
96.3363,"{'PagePolicy': 'Open', 'Scheduler': 'FrFcfs', 'SchedulerBuffer': 'Bankwise', 'RequestBufferSize': 8, 'RespQueue': 'Reorder', 'RefreshPolicy': 'AllBank', 'RefreshMaxPostponed': 1, 'RefreshMaxPulledin': 8, 'Arbiter': 'Fifo', 'MaxActiveTransactions': 1}",[[0.1448118 0.97838   0.1480125]]
96.3363,"{'PagePolicy': 'Open', 'Scheduler': 'Fifo', 'SchedulerBuffer': 'Bankwise', 'RequestBufferSize': 6, 'RespQueue': 'Reorder', 'RefreshPolicy': 'AllBank', 'RefreshMaxPostponed': 1, 'RefreshMaxPulledin': 8, 'Arbiter': 'Fifo', 'MaxActiveTransactions': 1}",[[0.1448118 0.97838   0.1480125]]
96.3363,"{'PagePolicy': 'Open', 'Scheduler': 'Fifo', 'SchedulerBuffer': 'Bankwise', 'RequestBufferSize': 6, 'RespQueue': 'Reorder', 'RefreshPolicy': 'AllBank', 'RefreshMaxPostponed': 1, 'RefreshMaxPulledin': 8, 'Arbiter': 'Fifo', 'MaxActiveTransactions': 1}",[[0.1448118 0.97838   0.1480125]]
96.3363,"{'PagePolicy': 'Open', 'Scheduler': 'Fifo', 'SchedulerBuffer': 'ReadWrite', 'RequestBufferSize': 3, 'RespQueue': 'Reorder', 'RefreshPolicy': 'AllBank', 'RefreshMaxPostponed': 1, 'RefreshMaxPulledin': 8, 'Arbiter': 'Reorder', 'MaxActiveTransactions': 1}",[[0.1448118 0.97838   0.1480125]]
96.3363,"{'PagePolicy': 'Open', 'Scheduler': 'Fifo', 'SchedulerBuffer': 'ReadWrite', 'RequestBufferSize': 3, 'RespQueue': 'Reorder', 'RefreshPolicy': 'AllBank', 'RefreshMaxPostponed': 1, 'RefreshMaxPulledin': 8, 'Arbiter': 'Reorder', 'MaxActiveTransactions': 1}",[[0.1448118 0.97838   0.1480125]]
96.3363,"{'PagePolicy': 'Open', 'Scheduler': 'Fifo', 'SchedulerBuffer': 'ReadWrite', 'RequestBufferSize': 6, 'RespQueue': 'Reorder', 'RefreshPolicy': 'AllBank', 'RefreshMaxPostponed': 1, 'RefreshMaxPulledin': 8, 'Arbiter': 'Fifo', 'MaxActiveTransactions': 1}",[[0.1448118 0.97838   0.1480125]]
96.3363,"{'PagePolicy': 'Open', 'Scheduler': 'Fifo', 'SchedulerBuffer': 'ReadWrite', 'RequestBufferSize': 6, 'RespQueue': 'Reorder', 'RefreshPolicy': 'AllBank', 'RefreshMaxPostponed': 1, 'RefreshMaxPulledin': 8, 'Arbiter': 'Fifo', 'MaxActiveTransactions': 1}",[[0.1448118 0.97838   0.1480125]]
0.6922542,"{'PagePolicy': 'Open', 'Scheduler': 'Fifo', 'SchedulerBuffer': 'Bankwise', 'RequestBufferSize': 8, 'RespQueue': 'Reorder', 'RefreshPolicy': 'AllBank', 'RefreshMaxPostponed': 1, 'RefreshMaxPulledin': 8, 'Arbiter': 'Simple', 'MaxActiveTransactions': 1}",[[8.01846e-02 2.44503e+00 3.28000e-05]]
0.6922542,"{'PagePolicy': 'Open', 'Scheduler': 'Fifo', 'SchedulerBuffer': 'Bankwise', 'RequestBufferSize': 8, 'RespQueue': 'Reorder', 'RefreshPolicy': 'AllBank', 'RefreshMaxPostponed': 1, 'RefreshMaxPulledin': 8, 'Arbiter': 'Simple', 'MaxActiveTransactions': 1}",[[8.01846e-02 2.44503e+00 3.28000e-05]]
96.3363,"{'PagePolicy': 'Open', 'Scheduler': 'Fifo', 'SchedulerBuffer': 'Bankwise', 'RequestBufferSize': 1, 'RespQueue': 'Reorder', 'RefreshPolicy': 'AllBank', 'RefreshMaxPostponed': 1, 'RefreshMaxPulledin': 1, 'Arbiter': 'Reorder', 'MaxActiveTransactions': 1}",[[0.1448118 0.97838   0.1480125]]
96.3363,"{'PagePolicy': 'Open', 'Scheduler': 'Fifo', 'SchedulerBuffer': 'Bankwise', 'RequestBufferSize': 1, 'RespQueue': 'Reorder', 'RefreshPolicy': 'AllBank', 'RefreshMaxPostponed': 1, 'RefreshMaxPulledin': 1, 'Arbiter': 'Reorder', 'MaxActiveTransactions': 1}",[[0.1448118 0.97838   0.1480125]]
1.9713655,"{'PagePolicy': 'Open', 'Scheduler': 'FrFcfsGrp', 'SchedulerBuffer': 'Bankwise', 'RequestBufferSize': 2, 'RespQueue': 'Fifo', 'RefreshPolicy': 'AllBank', 'RefreshMaxPostponed': 6, 'RefreshMaxPulledin': 4, 'Arbiter': 'Simple', 'MaxActiveTransactions': 128}",[[0.08615243 1.9201     0.04486875]]
1.9713655,"{'PagePolicy': 'Open', 'Scheduler': 'FrFcfsGrp', 'SchedulerBuffer': 'Bankwise', 'RequestBufferSize': 2, 'RespQueue': 'Fifo', 'RefreshPolicy': 'AllBank', 'RefreshMaxPostponed': 6, 'RefreshMaxPulledin': 4, 'Arbiter': 'Simple', 'MaxActiveTransactions': 128}",[[0.08615243 1.9201     0.04486875]]
96.3363,"{'PagePolicy': 'Open', 'Scheduler': 'Fifo', 'SchedulerBuffer': 'Bankwise', 'RequestBufferSize': 4, 'RespQueue': 'Reorder', 'RefreshPolicy': 'AllBank', 'RefreshMaxPostponed': 1, 'RefreshMaxPulledin': 7, 'Arbiter': 'Fifo', 'MaxActiveTransactions': 1}",[[0.1448118 0.97838   0.1480125]]
96.3363,"{'PagePolicy': 'Open', 'Scheduler': 'Fifo', 'SchedulerBuffer': 'Bankwise', 'RequestBufferSize': 4, 'RespQueue': 'Reorder', 'RefreshPolicy': 'AllBank', 'RefreshMaxPostponed': 1, 'RefreshMaxPulledin': 7, 'Arbiter': 'Fifo', 'MaxActiveTransactions': 1}",[[0.1448118 0.97838   0.1480125]]
96.3363,"{'PagePolicy': 'Open', 'Scheduler': 'Fifo', 'SchedulerBuffer': 'Bankwise', 'RequestBufferSize': 4, 'RespQueue': 'Reorder', 'RefreshPolicy': 'AllBank', 'RefreshMaxPostponed': 1, 'RefreshMaxPulledin': 6, 'Arbiter': 'Fifo', 'MaxActiveTransactions': 1}",[[0.1448118 0.97838   0.1480125]]
96.3363,"{'PagePolicy': 'Open', 'Scheduler': 'Fifo', 'SchedulerBuffer': 'Bankwise', 'RequestBufferSize': 4, 'RespQueue': 'Reorder', 'RefreshPolicy': 'AllBank', 'RefreshMaxPostponed': 1, 'RefreshMaxPulledin': 6, 'Arbiter': 'Fifo', 'MaxActiveTransactions': 1}",[[0.1448118 0.97838   0.1480125]]
96.3363,"{'PagePolicy': 'Open', 'Scheduler': 'Fifo', 'SchedulerBuffer': 'Bankwise', 'RequestBufferSize': 8, 'RespQueue': 'Fifo', 'RefreshPolicy': 'AllBank', 'RefreshMaxPostponed': 1, 'RefreshMaxPulledin': 1, 'Arbiter': 'Fifo', 'MaxActiveTransactions': 1}",[[0.1448118 0.97838   0.1480125]]
96.3363,"{'PagePolicy': 'Open', 'Scheduler': 'Fifo', 'SchedulerBuffer': 'Bankwise', 'RequestBufferSize': 8, 'RespQueue': 'Fifo', 'RefreshPolicy': 'AllBank', 'RefreshMaxPostponed': 1, 'RefreshMaxPulledin': 1, 'Arbiter': 'Fifo', 'MaxActiveTransactions': 1}",[[0.1448118 0.97838   0.1480125]]
2.0291076,"{'PagePolicy': 'Open', 'Scheduler': 'Fifo', 'SchedulerBuffer': 'Shared', 'RequestBufferSize': 3, 'RespQueue': 'Reorder', 'RefreshPolicy': 'NoRefresh', 'RefreshMaxPostponed': 8, 'RefreshMaxPulledin': 1, 'Arbiter': 'Simple', 'MaxActiveTransactions': 71}",[[0.08645482 1.90309    0.04542875]]
2.0291076,"{'PagePolicy': 'Open', 'Scheduler': 'Fifo', 'SchedulerBuffer': 'Shared', 'RequestBufferSize': 3, 'RespQueue': 'Reorder', 'RefreshPolicy': 'NoRefresh', 'RefreshMaxPostponed': 8, 'RefreshMaxPulledin': 1, 'Arbiter': 'Simple', 'MaxActiveTransactions': 71}",[[0.08645482 1.90309    0.04542875]]
96.3363,"{'PagePolicy': 'Open', 'Scheduler': 'Fifo', 'SchedulerBuffer': 'Bankwise', 'RequestBufferSize': 5, 'RespQueue': 'Reorder', 'RefreshPolicy': 'AllBank', 'RefreshMaxPostponed': 1, 'RefreshMaxPulledin': 4, 'Arbiter': 'Fifo', 'MaxActiveTransactions': 1}",[[0.1448118 0.97838   0.1480125]]
96.3363,"{'PagePolicy': 'Open', 'Scheduler': 'Fifo', 'SchedulerBuffer': 'Bankwise', 'RequestBufferSize': 5, 'RespQueue': 'Reorder', 'RefreshPolicy': 'AllBank', 'RefreshMaxPostponed': 1, 'RefreshMaxPulledin': 4, 'Arbiter': 'Fifo', 'MaxActiveTransactions': 1}",[[0.1448118 0.97838   0.1480125]]
96.3363,"{'PagePolicy': 'Open', 'Scheduler': 'Fifo', 'SchedulerBuffer': 'Bankwise', 'RequestBufferSize': 7, 'RespQueue': 'Reorder', 'RefreshPolicy': 'AllBank', 'RefreshMaxPostponed': 1, 'RefreshMaxPulledin': 4, 'Arbiter': 'Fifo', 'MaxActiveTransactions': 1}",[[0.1448118 0.97838   0.1480125]]
96.3363,"{'PagePolicy': 'Open', 'Scheduler': 'Fifo', 'SchedulerBuffer': 'Bankwise', 'RequestBufferSize': 7, 'RespQueue': 'Reorder', 'RefreshPolicy': 'AllBank', 'RefreshMaxPostponed': 1, 'RefreshMaxPulledin': 4, 'Arbiter': 'Fifo', 'MaxActiveTransactions': 1}",[[0.1448118 0.97838   0.1480125]]
96.3363,"{'PagePolicy': 'Open', 'Scheduler': 'Fifo', 'SchedulerBuffer': 'Bankwise', 'RequestBufferSize': 8, 'RespQueue': 'Reorder', 'RefreshPolicy': 'AllBank', 'RefreshMaxPostponed': 1, 'RefreshMaxPulledin': 1, 'Arbiter': 'Fifo', 'MaxActiveTransactions': 1}",[[0.1448118 0.97838   0.1480125]]
96.3363,"{'PagePolicy': 'Open', 'Scheduler': 'Fifo', 'SchedulerBuffer': 'Bankwise', 'RequestBufferSize': 8, 'RespQueue': 'Reorder', 'RefreshPolicy': 'AllBank', 'RefreshMaxPostponed': 1, 'RefreshMaxPulledin': 1, 'Arbiter': 'Fifo', 'MaxActiveTransactions': 1}",[[0.1448118 0.97838   0.1480125]]
96.3363,"{'PagePolicy': 'Open', 'Scheduler': 'Fifo', 'SchedulerBuffer': 'Bankwise', 'RequestBufferSize': 6, 'RespQueue': 'Reorder', 'RefreshPolicy': 'AllBank', 'RefreshMaxPostponed': 1, 'RefreshMaxPulledin': 4, 'Arbiter': 'Fifo', 'MaxActiveTransactions': 1}",[[0.1448118 0.97838   0.1480125]]
96.3363,"{'PagePolicy': 'Open', 'Scheduler': 'Fifo', 'SchedulerBuffer': 'Bankwise', 'RequestBufferSize': 6, 'RespQueue': 'Reorder', 'RefreshPolicy': 'AllBank', 'RefreshMaxPostponed': 1, 'RefreshMaxPulledin': 4, 'Arbiter': 'Fifo', 'MaxActiveTransactions': 1}",[[0.1448118 0.97838   0.1480125]]
96.3363,"{'PagePolicy': 'Open', 'Scheduler': 'Fifo', 'SchedulerBuffer': 'Shared', 'RequestBufferSize': 5, 'RespQueue': 'Reorder', 'RefreshPolicy': 'AllBank', 'RefreshMaxPostponed': 1, 'RefreshMaxPulledin': 2, 'Arbiter': 'Reorder', 'MaxActiveTransactions': 1}",[[0.1448118 0.97838   0.1480125]]
96.3363,"{'PagePolicy': 'Open', 'Scheduler': 'Fifo', 'SchedulerBuffer': 'Shared', 'RequestBufferSize': 5, 'RespQueue': 'Reorder', 'RefreshPolicy': 'AllBank', 'RefreshMaxPostponed': 1, 'RefreshMaxPulledin': 2, 'Arbiter': 'Reorder', 'MaxActiveTransactions': 1}",[[0.1448118 0.97838   0.1480125]]
96.3363,"{'PagePolicy': 'Open', 'Scheduler': 'Fifo', 'SchedulerBuffer': 'Bankwise', 'RequestBufferSize': 5, 'RespQueue': 'Reorder', 'RefreshPolicy': 'AllBank', 'RefreshMaxPostponed': 1, 'RefreshMaxPulledin': 2, 'Arbiter': 'Fifo', 'MaxActiveTransactions': 1}",[[0.1448118 0.97838   0.1480125]]
96.3363,"{'PagePolicy': 'Open', 'Scheduler': 'Fifo', 'SchedulerBuffer': 'Bankwise', 'RequestBufferSize': 5, 'RespQueue': 'Reorder', 'RefreshPolicy': 'AllBank', 'RefreshMaxPostponed': 1, 'RefreshMaxPulledin': 2, 'Arbiter': 'Fifo', 'MaxActiveTransactions': 1}",[[0.1448118 0.97838   0.1480125]]
96.3363,"{'PagePolicy': 'Open', 'Scheduler': 'Fifo', 'SchedulerBuffer': 'ReadWrite', 'RequestBufferSize': 5, 'RespQueue': 'Reorder', 'RefreshPolicy': 'AllBank', 'RefreshMaxPostponed': 1, 'RefreshMaxPulledin': 4, 'Arbiter': 'Fifo', 'MaxActiveTransactions': 1}",[[0.1448118 0.97838   0.1480125]]
96.3363,"{'PagePolicy': 'Open', 'Scheduler': 'Fifo', 'SchedulerBuffer': 'ReadWrite', 'RequestBufferSize': 5, 'RespQueue': 'Reorder', 'RefreshPolicy': 'AllBank', 'RefreshMaxPostponed': 1, 'RefreshMaxPulledin': 4, 'Arbiter': 'Fifo', 'MaxActiveTransactions': 1}",[[0.1448118 0.97838   0.1480125]]
96.3363,"{'PagePolicy': 'Open', 'Scheduler': 'Fifo', 'SchedulerBuffer': 'Bankwise', 'RequestBufferSize': 6, 'RespQueue': 'Reorder', 'RefreshPolicy': 'AllBank', 'RefreshMaxPostponed': 1, 'RefreshMaxPulledin': 3, 'Arbiter': 'Fifo', 'MaxActiveTransactions': 1}",[[0.1448118 0.97838   0.1480125]]
96.3363,"{'PagePolicy': 'Open', 'Scheduler': 'Fifo', 'SchedulerBuffer': 'Bankwise', 'RequestBufferSize': 6, 'RespQueue': 'Reorder', 'RefreshPolicy': 'AllBank', 'RefreshMaxPostponed': 1, 'RefreshMaxPulledin': 3, 'Arbiter': 'Fifo', 'MaxActiveTransactions': 1}",[[0.1448118 0.97838   0.1480125]]
96.3363,"{'PagePolicy': 'Open', 'Scheduler': 'Fifo', 'SchedulerBuffer': 'ReadWrite', 'RequestBufferSize': 6, 'RespQueue': 'Reorder', 'RefreshPolicy': 'AllBank', 'RefreshMaxPostponed': 1, 'RefreshMaxPulledin': 3, 'Arbiter': 'Fifo', 'MaxActiveTransactions': 1}",[[0.1448118 0.97838   0.1480125]]
96.3363,"{'PagePolicy': 'Open', 'Scheduler': 'Fifo', 'SchedulerBuffer': 'ReadWrite', 'RequestBufferSize': 6, 'RespQueue': 'Reorder', 'RefreshPolicy': 'AllBank', 'RefreshMaxPostponed': 1, 'RefreshMaxPulledin': 3, 'Arbiter': 'Fifo', 'MaxActiveTransactions': 1}",[[0.1448118 0.97838   0.1480125]]
96.3363,"{'PagePolicy': 'Open', 'Scheduler': 'Fifo', 'SchedulerBuffer': 'Bankwise', 'RequestBufferSize': 5, 'RespQueue': 'Reorder', 'RefreshPolicy': 'AllBank', 'RefreshMaxPostponed': 1, 'RefreshMaxPulledin': 3, 'Arbiter': 'Reorder', 'MaxActiveTransactions': 1}",[[0.1448118 0.97838   0.1480125]]
96.3363,"{'PagePolicy': 'Open', 'Scheduler': 'Fifo', 'SchedulerBuffer': 'Bankwise', 'RequestBufferSize': 5, 'RespQueue': 'Reorder', 'RefreshPolicy': 'AllBank', 'RefreshMaxPostponed': 1, 'RefreshMaxPulledin': 3, 'Arbiter': 'Reorder', 'MaxActiveTransactions': 1}",[[0.1448118 0.97838   0.1480125]]
96.3363,"{'PagePolicy': 'Open', 'Scheduler': 'Fifo', 'SchedulerBuffer': 'Bankwise', 'RequestBufferSize': 6, 'RespQueue': 'Reorder', 'RefreshPolicy': 'AllBank', 'RefreshMaxPostponed': 1, 'RefreshMaxPulledin': 5, 'Arbiter': 'Fifo', 'MaxActiveTransactions': 1}",[[0.1448118 0.97838   0.1480125]]
96.3363,"{'PagePolicy': 'Open', 'Scheduler': 'Fifo', 'SchedulerBuffer': 'Bankwise', 'RequestBufferSize': 6, 'RespQueue': 'Reorder', 'RefreshPolicy': 'AllBank', 'RefreshMaxPostponed': 1, 'RefreshMaxPulledin': 5, 'Arbiter': 'Fifo', 'MaxActiveTransactions': 1}",[[0.1448118 0.97838   0.1480125]]
96.3363,"{'PagePolicy': 'Open', 'Scheduler': 'Fifo', 'SchedulerBuffer': 'ReadWrite', 'RequestBufferSize': 6, 'RespQueue': 'Reorder', 'RefreshPolicy': 'AllBank', 'RefreshMaxPostponed': 1, 'RefreshMaxPulledin': 5, 'Arbiter': 'Fifo', 'MaxActiveTransactions': 1}",[[0.1448118 0.97838   0.1480125]]
96.3363,"{'PagePolicy': 'Open', 'Scheduler': 'Fifo', 'SchedulerBuffer': 'ReadWrite', 'RequestBufferSize': 6, 'RespQueue': 'Reorder', 'RefreshPolicy': 'AllBank', 'RefreshMaxPostponed': 1, 'RefreshMaxPulledin': 5, 'Arbiter': 'Fifo', 'MaxActiveTransactions': 1}",[[0.1448118 0.97838   0.1480125]]
1.1915118,"{'PagePolicy': 'Open', 'Scheduler': 'Fifo', 'SchedulerBuffer': 'Bankwise', 'RequestBufferSize': 4, 'RespQueue': 'Reorder', 'RefreshPolicy': 'NoRefresh', 'RefreshMaxPostponed': 8, 'RefreshMaxPulledin': 7, 'Arbiter': 'Reorder', 'MaxActiveTransactions': 128}",[[0.08096235 2.29632    0.0352575 ]]
1.1915118,"{'PagePolicy': 'Open', 'Scheduler': 'Fifo', 'SchedulerBuffer': 'Bankwise', 'RequestBufferSize': 4, 'RespQueue': 'Reorder', 'RefreshPolicy': 'NoRefresh', 'RefreshMaxPostponed': 8, 'RefreshMaxPulledin': 7, 'Arbiter': 'Reorder', 'MaxActiveTransactions': 128}",[[0.08096235 2.29632    0.0352575 ]]
96.3363,"{'PagePolicy': 'Open', 'Scheduler': 'Fifo', 'SchedulerBuffer': 'Bankwise', 'RequestBufferSize': 1, 'RespQueue': 'Reorder', 'RefreshPolicy': 'AllBank', 'RefreshMaxPostponed': 1, 'RefreshMaxPulledin': 1, 'Arbiter': 'Fifo', 'MaxActiveTransactions': 1}",[[0.1448118 0.97838   0.1480125]]
96.3363,"{'PagePolicy': 'Open', 'Scheduler': 'Fifo', 'SchedulerBuffer': 'Bankwise', 'RequestBufferSize': 1, 'RespQueue': 'Reorder', 'RefreshPolicy': 'AllBank', 'RefreshMaxPostponed': 1, 'RefreshMaxPulledin': 1, 'Arbiter': 'Fifo', 'MaxActiveTransactions': 1}",[[0.1448118 0.97838   0.1480125]]
96.3363,"{'PagePolicy': 'Open', 'Scheduler': 'Fifo', 'SchedulerBuffer': 'ReadWrite', 'RequestBufferSize': 5, 'RespQueue': 'Reorder', 'RefreshPolicy': 'AllBank', 'RefreshMaxPostponed': 1, 'RefreshMaxPulledin': 4, 'Arbiter': 'Reorder', 'MaxActiveTransactions': 1}",[[0.1448118 0.97838   0.1480125]]
96.3363,"{'PagePolicy': 'Open', 'Scheduler': 'Fifo', 'SchedulerBuffer': 'ReadWrite', 'RequestBufferSize': 5, 'RespQueue': 'Reorder', 'RefreshPolicy': 'AllBank', 'RefreshMaxPostponed': 1, 'RefreshMaxPulledin': 4, 'Arbiter': 'Reorder', 'MaxActiveTransactions': 1}",[[0.1448118 0.97838   0.1480125]]
96.3363,"{'PagePolicy': 'Open', 'Scheduler': 'Fifo', 'SchedulerBuffer': 'Bankwise', 'RequestBufferSize': 5, 'RespQueue': 'Reorder', 'RefreshPolicy': 'AllBank', 'RefreshMaxPostponed': 1, 'RefreshMaxPulledin': 4, 'Arbiter': 'Reorder', 'MaxActiveTransactions': 1}",[[0.1448118 0.97838   0.1480125]]
96.3363,"{'PagePolicy': 'Open', 'Scheduler': 'Fifo', 'SchedulerBuffer': 'Bankwise', 'RequestBufferSize': 5, 'RespQueue': 'Reorder', 'RefreshPolicy': 'AllBank', 'RefreshMaxPostponed': 1, 'RefreshMaxPulledin': 4, 'Arbiter': 'Reorder', 'MaxActiveTransactions': 1}",[[0.1448118 0.97838   0.1480125]]
3.1246355,"{'PagePolicy': 'Open', 'Scheduler': 'FrFcfsGrp', 'SchedulerBuffer': 'ReadWrite', 'RequestBufferSize': 2, 'RespQueue': 'Reorder', 'RefreshPolicy': 'NoRefresh', 'RefreshMaxPostponed': 1, 'RefreshMaxPulledin': 8, 'Arbiter': 'Simple', 'MaxActiveTransactions': 100}",[[0.09094965 1.69201    0.0537525 ]]
3.1246355,"{'PagePolicy': 'Open', 'Scheduler': 'FrFcfsGrp', 'SchedulerBuffer': 'ReadWrite', 'RequestBufferSize': 2, 'RespQueue': 'Reorder', 'RefreshPolicy': 'NoRefresh', 'RefreshMaxPostponed': 1, 'RefreshMaxPulledin': 8, 'Arbiter': 'Simple', 'MaxActiveTransactions': 100}",[[0.09094965 1.69201    0.0537525 ]]
96.3363,"{'PagePolicy': 'Open', 'Scheduler': 'Fifo', 'SchedulerBuffer': 'Shared', 'RequestBufferSize': 2, 'RespQueue': 'Reorder', 'RefreshPolicy': 'AllBank', 'RefreshMaxPostponed': 1, 'RefreshMaxPulledin': 1, 'Arbiter': 'Fifo', 'MaxActiveTransactions': 1}",[[0.1448118 0.97838   0.1480125]]
96.3363,"{'PagePolicy': 'Open', 'Scheduler': 'Fifo', 'SchedulerBuffer': 'Shared', 'RequestBufferSize': 2, 'RespQueue': 'Reorder', 'RefreshPolicy': 'AllBank', 'RefreshMaxPostponed': 1, 'RefreshMaxPulledin': 1, 'Arbiter': 'Fifo', 'MaxActiveTransactions': 1}",[[0.1448118 0.97838   0.1480125]]
96.3363,"{'PagePolicy': 'Open', 'Scheduler': 'Fifo', 'SchedulerBuffer': 'ReadWrite', 'RequestBufferSize': 4, 'RespQueue': 'Reorder', 'RefreshPolicy': 'AllBank', 'RefreshMaxPostponed': 1, 'RefreshMaxPulledin': 2, 'Arbiter': 'Fifo', 'MaxActiveTransactions': 1}",[[0.1448118 0.97838   0.1480125]]
96.3363,"{'PagePolicy': 'Open', 'Scheduler': 'Fifo', 'SchedulerBuffer': 'ReadWrite', 'RequestBufferSize': 4, 'RespQueue': 'Reorder', 'RefreshPolicy': 'AllBank', 'RefreshMaxPostponed': 1, 'RefreshMaxPulledin': 2, 'Arbiter': 'Fifo', 'MaxActiveTransactions': 1}",[[0.1448118 0.97838   0.1480125]]
96.3363,"{'PagePolicy': 'Open', 'Scheduler': 'Fifo', 'SchedulerBuffer': 'Bankwise', 'RequestBufferSize': 4, 'RespQueue': 'Reorder', 'RefreshPolicy': 'AllBank', 'RefreshMaxPostponed': 1, 'RefreshMaxPulledin': 3, 'Arbiter': 'Fifo', 'MaxActiveTransactions': 1}",[[0.1448118 0.97838   0.1480125]]
96.3363,"{'PagePolicy': 'Open', 'Scheduler': 'Fifo', 'SchedulerBuffer': 'Bankwise', 'RequestBufferSize': 4, 'RespQueue': 'Reorder', 'RefreshPolicy': 'AllBank', 'RefreshMaxPostponed': 1, 'RefreshMaxPulledin': 3, 'Arbiter': 'Fifo', 'MaxActiveTransactions': 1}",[[0.1448118 0.97838   0.1480125]]
96.3363,"{'PagePolicy': 'Open', 'Scheduler': 'Fifo', 'SchedulerBuffer': 'ReadWrite', 'RequestBufferSize': 3, 'RespQueue': 'Reorder', 'RefreshPolicy': 'AllBank', 'RefreshMaxPostponed': 1, 'RefreshMaxPulledin': 3, 'Arbiter': 'Fifo', 'MaxActiveTransactions': 1}",[[0.1448118 0.97838   0.1480125]]
96.3363,"{'PagePolicy': 'Open', 'Scheduler': 'Fifo', 'SchedulerBuffer': 'ReadWrite', 'RequestBufferSize': 3, 'RespQueue': 'Reorder', 'RefreshPolicy': 'AllBank', 'RefreshMaxPostponed': 1, 'RefreshMaxPulledin': 3, 'Arbiter': 'Fifo', 'MaxActiveTransactions': 1}",[[0.1448118 0.97838   0.1480125]]
96.3363,"{'PagePolicy': 'Open', 'Scheduler': 'Fifo', 'SchedulerBuffer': 'Shared', 'RequestBufferSize': 5, 'RespQueue': 'Reorder', 'RefreshPolicy': 'AllBank', 'RefreshMaxPostponed': 1, 'RefreshMaxPulledin': 4, 'Arbiter': 'Fifo', 'MaxActiveTransactions': 1}",[[0.1448118 0.97838   0.1480125]]
96.3363,"{'PagePolicy': 'Open', 'Scheduler': 'Fifo', 'SchedulerBuffer': 'Shared', 'RequestBufferSize': 5, 'RespQueue': 'Reorder', 'RefreshPolicy': 'AllBank', 'RefreshMaxPostponed': 1, 'RefreshMaxPulledin': 4, 'Arbiter': 'Fifo', 'MaxActiveTransactions': 1}",[[0.1448118 0.97838   0.1480125]]
96.3363,"{'PagePolicy': 'Open', 'Scheduler': 'Fifo', 'SchedulerBuffer': 'ReadWrite', 'RequestBufferSize': 4, 'RespQueue': 'Reorder', 'RefreshPolicy': 'AllBank', 'RefreshMaxPostponed': 1, 'RefreshMaxPulledin': 4, 'Arbiter': 'Fifo', 'MaxActiveTransactions': 1}",[[0.1448118 0.97838   0.1480125]]
96.3363,"{'PagePolicy': 'Open', 'Scheduler': 'Fifo', 'SchedulerBuffer': 'ReadWrite', 'RequestBufferSize': 4, 'RespQueue': 'Reorder', 'RefreshPolicy': 'AllBank', 'RefreshMaxPostponed': 1, 'RefreshMaxPulledin': 4, 'Arbiter': 'Fifo', 'MaxActiveTransactions': 1}",[[0.1448118 0.97838   0.1480125]]
96.3363,"{'PagePolicy': 'Open', 'Scheduler': 'Fifo', 'SchedulerBuffer': 'Bankwise', 'RequestBufferSize': 5, 'RespQueue': 'Reorder', 'RefreshPolicy': 'AllBank', 'RefreshMaxPostponed': 1, 'RefreshMaxPulledin': 5, 'Arbiter': 'Fifo', 'MaxActiveTransactions': 1}",[[0.1448118 0.97838   0.1480125]]
96.3363,"{'PagePolicy': 'Open', 'Scheduler': 'Fifo', 'SchedulerBuffer': 'Bankwise', 'RequestBufferSize': 5, 'RespQueue': 'Reorder', 'RefreshPolicy': 'AllBank', 'RefreshMaxPostponed': 1, 'RefreshMaxPulledin': 5, 'Arbiter': 'Fifo', 'MaxActiveTransactions': 1}",[[0.1448118 0.97838   0.1480125]]
96.3363,"{'PagePolicy': 'Open', 'Scheduler': 'Fifo', 'SchedulerBuffer': 'Bankwise', 'RequestBufferSize': 1, 'RespQueue': 'Fifo', 'RefreshPolicy': 'AllBank', 'RefreshMaxPostponed': 1, 'RefreshMaxPulledin': 8, 'Arbiter': 'Fifo', 'MaxActiveTransactions': 1}",[[0.1448118 0.97838   0.1480125]]
96.3363,"{'PagePolicy': 'Open', 'Scheduler': 'Fifo', 'SchedulerBuffer': 'Bankwise', 'RequestBufferSize': 1, 'RespQueue': 'Fifo', 'RefreshPolicy': 'AllBank', 'RefreshMaxPostponed': 1, 'RefreshMaxPulledin': 8, 'Arbiter': 'Fifo', 'MaxActiveTransactions': 1}",[[0.1448118 0.97838   0.1480125]]
96.3363,"{'PagePolicy': 'Open', 'Scheduler': 'Fifo', 'SchedulerBuffer': 'Shared', 'RequestBufferSize': 1, 'RespQueue': 'Fifo', 'RefreshPolicy': 'AllBank', 'RefreshMaxPostponed': 1, 'RefreshMaxPulledin': 4, 'Arbiter': 'Fifo', 'MaxActiveTransactions': 1}",[[0.1448118 0.97838   0.1480125]]
96.3363,"{'PagePolicy': 'Open', 'Scheduler': 'Fifo', 'SchedulerBuffer': 'Shared', 'RequestBufferSize': 1, 'RespQueue': 'Fifo', 'RefreshPolicy': 'AllBank', 'RefreshMaxPostponed': 1, 'RefreshMaxPulledin': 4, 'Arbiter': 'Fifo', 'MaxActiveTransactions': 1}",[[0.1448118 0.97838   0.1480125]]
96.3363,"{'PagePolicy': 'Open', 'Scheduler': 'Fifo', 'SchedulerBuffer': 'Bankwise', 'RequestBufferSize': 4, 'RespQueue': 'Reorder', 'RefreshPolicy': 'AllBank', 'RefreshMaxPostponed': 1, 'RefreshMaxPulledin': 5, 'Arbiter': 'Fifo', 'MaxActiveTransactions': 1}",[[0.1448118 0.97838   0.1480125]]
96.3363,"{'PagePolicy': 'Open', 'Scheduler': 'Fifo', 'SchedulerBuffer': 'Bankwise', 'RequestBufferSize': 4, 'RespQueue': 'Reorder', 'RefreshPolicy': 'AllBank', 'RefreshMaxPostponed': 1, 'RefreshMaxPulledin': 5, 'Arbiter': 'Fifo', 'MaxActiveTransactions': 1}",[[0.1448118 0.97838   0.1480125]]
16.408768,"{'PagePolicy': 'Open', 'Scheduler': 'Fifo', 'SchedulerBuffer': 'Shared', 'RequestBufferSize': 1, 'RespQueue': 'Reorder', 'RefreshPolicy': 'AllBank', 'RefreshMaxPostponed': 8, 'RefreshMaxPulledin': 6, 'Arbiter': 'Simple', 'MaxActiveTransactions': 44}",[[0.10574017 1.31303    0.08053125]]
16.408768,"{'PagePolicy': 'Open', 'Scheduler': 'Fifo', 'SchedulerBuffer': 'Shared', 'RequestBufferSize': 1, 'RespQueue': 'Reorder', 'RefreshPolicy': 'AllBank', 'RefreshMaxPostponed': 8, 'RefreshMaxPulledin': 6, 'Arbiter': 'Simple', 'MaxActiveTransactions': 44}",[[0.10574017 1.31303    0.08053125]]
96.3363,"{'PagePolicy': 'Open', 'Scheduler': 'Fifo', 'SchedulerBuffer': 'Bankwise', 'RequestBufferSize': 4, 'RespQueue': 'Reorder', 'RefreshPolicy': 'AllBank', 'RefreshMaxPostponed': 1, 'RefreshMaxPulledin': 4, 'Arbiter': 'Reorder', 'MaxActiveTransactions': 1}",[[0.1448118 0.97838   0.1480125]]
96.3363,"{'PagePolicy': 'Open', 'Scheduler': 'Fifo', 'SchedulerBuffer': 'Bankwise', 'RequestBufferSize': 4, 'RespQueue': 'Reorder', 'RefreshPolicy': 'AllBank', 'RefreshMaxPostponed': 1, 'RefreshMaxPulledin': 4, 'Arbiter': 'Reorder', 'MaxActiveTransactions': 1}",[[0.1448118 0.97838   0.1480125]]
96.3363,"{'PagePolicy': 'Open', 'Scheduler': 'Fifo', 'SchedulerBuffer': 'Bankwise', 'RequestBufferSize': 3, 'RespQueue': 'Reorder', 'RefreshPolicy': 'AllBank', 'RefreshMaxPostponed': 1, 'RefreshMaxPulledin': 4, 'Arbiter': 'Fifo', 'MaxActiveTransactions': 1}",[[0.1448118 0.97838   0.1480125]]
96.3363,"{'PagePolicy': 'Open', 'Scheduler': 'Fifo', 'SchedulerBuffer': 'Bankwise', 'RequestBufferSize': 3, 'RespQueue': 'Reorder', 'RefreshPolicy': 'AllBank', 'RefreshMaxPostponed': 1, 'RefreshMaxPulledin': 4, 'Arbiter': 'Fifo', 'MaxActiveTransactions': 1}",[[0.1448118 0.97838   0.1480125]]
96.3363,"{'PagePolicy': 'Open', 'Scheduler': 'Fifo', 'SchedulerBuffer': 'ReadWrite', 'RequestBufferSize': 4, 'RespQueue': 'Reorder', 'RefreshPolicy': 'AllBank', 'RefreshMaxPostponed': 1, 'RefreshMaxPulledin': 5, 'Arbiter': 'Fifo', 'MaxActiveTransactions': 1}",[[0.1448118 0.97838   0.1480125]]
96.3363,"{'PagePolicy': 'Open', 'Scheduler': 'Fifo', 'SchedulerBuffer': 'ReadWrite', 'RequestBufferSize': 4, 'RespQueue': 'Reorder', 'RefreshPolicy': 'AllBank', 'RefreshMaxPostponed': 1, 'RefreshMaxPulledin': 5, 'Arbiter': 'Fifo', 'MaxActiveTransactions': 1}",[[0.1448118 0.97838   0.1480125]]
96.3363,"{'PagePolicy': 'Open', 'Scheduler': 'Fifo', 'SchedulerBuffer': 'Bankwise', 'RequestBufferSize': 1, 'RespQueue': 'Fifo', 'RefreshPolicy': 'AllBank', 'RefreshMaxPostponed': 1, 'RefreshMaxPulledin': 2, 'Arbiter': 'Fifo', 'MaxActiveTransactions': 1}",[[0.1448118 0.97838   0.1480125]]
96.3363,"{'PagePolicy': 'Open', 'Scheduler': 'Fifo', 'SchedulerBuffer': 'Bankwise', 'RequestBufferSize': 1, 'RespQueue': 'Fifo', 'RefreshPolicy': 'AllBank', 'RefreshMaxPostponed': 1, 'RefreshMaxPulledin': 2, 'Arbiter': 'Fifo', 'MaxActiveTransactions': 1}",[[0.1448118 0.97838   0.1480125]]
1.4000809,"{'PagePolicy': 'Open', 'Scheduler': 'FrFcfs', 'SchedulerBuffer': 'Bankwise', 'RequestBufferSize': 8, 'RespQueue': 'Fifo', 'RefreshPolicy': 'AllBank', 'RefreshMaxPostponed': 1, 'RefreshMaxPulledin': 8, 'Arbiter': 'Fifo', 'MaxActiveTransactions': 7}",[[0.08325983 2.16168    0.03851625]]
1.4000809,"{'PagePolicy': 'Open', 'Scheduler': 'FrFcfs', 'SchedulerBuffer': 'Bankwise', 'RequestBufferSize': 8, 'RespQueue': 'Fifo', 'RefreshPolicy': 'AllBank', 'RefreshMaxPostponed': 1, 'RefreshMaxPulledin': 8, 'Arbiter': 'Fifo', 'MaxActiveTransactions': 7}",[[0.08325983 2.16168    0.03851625]]
1.0273525,"{'PagePolicy': 'Open', 'Scheduler': 'FrFcfs', 'SchedulerBuffer': 'Bankwise', 'RequestBufferSize': 7, 'RespQueue': 'Fifo', 'RefreshPolicy': 'NoRefresh', 'RefreshMaxPostponed': 1, 'RefreshMaxPulledin': 1, 'Arbiter': 'Fifo', 'MaxActiveTransactions': 88}",[[0.07949557 2.44292    0.03254125]]
1.0273525,"{'PagePolicy': 'Open', 'Scheduler': 'FrFcfs', 'SchedulerBuffer': 'Bankwise', 'RequestBufferSize': 7, 'RespQueue': 'Fifo', 'RefreshPolicy': 'NoRefresh', 'RefreshMaxPostponed': 1, 'RefreshMaxPulledin': 1, 'Arbiter': 'Fifo', 'MaxActiveTransactions': 88}",[[0.07949557 2.44292    0.03254125]]
0.77087164,"{'PagePolicy': 'OpenAdaptive', 'Scheduler': 'Fifo', 'SchedulerBuffer': 'Bankwise', 'RequestBufferSize': 4, 'RespQueue': 'Fifo', 'RefreshPolicy': 'AllBank', 'RefreshMaxPostponed': 8, 'RefreshMaxPulledin': 2, 'Arbiter': 'Simple', 'MaxActiveTransactions': 111}",[[8.09475e-02 2.29769e+00 3.52300e-05]]
0.77087164,"{'PagePolicy': 'OpenAdaptive', 'Scheduler': 'Fifo', 'SchedulerBuffer': 'Bankwise', 'RequestBufferSize': 4, 'RespQueue': 'Fifo', 'RefreshPolicy': 'AllBank', 'RefreshMaxPostponed': 8, 'RefreshMaxPulledin': 2, 'Arbiter': 'Simple', 'MaxActiveTransactions': 111}",[[8.09475e-02 2.29769e+00 3.52300e-05]]
96.3363,"{'PagePolicy': 'Open', 'Scheduler': 'Fifo', 'SchedulerBuffer': 'Bankwise', 'RequestBufferSize': 3, 'RespQueue': 'Reorder', 'RefreshPolicy': 'AllBank', 'RefreshMaxPostponed': 1, 'RefreshMaxPulledin': 5, 'Arbiter': 'Fifo', 'MaxActiveTransactions': 1}",[[0.1448118 0.97838   0.1480125]]
96.3363,"{'PagePolicy': 'Open', 'Scheduler': 'Fifo', 'SchedulerBuffer': 'Bankwise', 'RequestBufferSize': 3, 'RespQueue': 'Reorder', 'RefreshPolicy': 'AllBank', 'RefreshMaxPostponed': 1, 'RefreshMaxPulledin': 5, 'Arbiter': 'Fifo', 'MaxActiveTransactions': 1}",[[0.1448118 0.97838   0.1480125]]
1.0965314,"{'PagePolicy': 'Open', 'Scheduler': 'FrFcfsGrp', 'SchedulerBuffer': 'Bankwise', 'RequestBufferSize': 5, 'RespQueue': 'Fifo', 'RefreshPolicy': 'NoRefresh', 'RefreshMaxPostponed': 1, 'RefreshMaxPulledin': 2, 'Arbiter': 'Fifo', 'MaxActiveTransactions': 53}",[[0.08013547 2.37606    0.03372625]]
1.0965314,"{'PagePolicy': 'Open', 'Scheduler': 'FrFcfsGrp', 'SchedulerBuffer': 'Bankwise', 'RequestBufferSize': 5, 'RespQueue': 'Fifo', 'RefreshPolicy': 'NoRefresh', 'RefreshMaxPostponed': 1, 'RefreshMaxPulledin': 2, 'Arbiter': 'Fifo', 'MaxActiveTransactions': 53}",[[0.08013547 2.37606    0.03372625]]
0.8633664,"{'PagePolicy': 'OpenAdaptive', 'Scheduler': 'FrFcfsGrp', 'SchedulerBuffer': 'ReadWrite', 'RequestBufferSize': 5, 'RespQueue': 'Fifo', 'RefreshPolicy': 'NoRefresh', 'RefreshMaxPostponed': 8, 'RefreshMaxPulledin': 4, 'Arbiter': 'Fifo', 'MaxActiveTransactions': 99}",[[8.2581e-02 2.1587e+00 3.8255e-05]]
0.8633664,"{'PagePolicy': 'OpenAdaptive', 'Scheduler': 'FrFcfsGrp', 'SchedulerBuffer': 'ReadWrite', 'RequestBufferSize': 5, 'RespQueue': 'Fifo', 'RefreshPolicy': 'NoRefresh', 'RefreshMaxPostponed': 8, 'RefreshMaxPulledin': 4, 'Arbiter': 'Fifo', 'MaxActiveTransactions': 99}",[[8.2581e-02 2.1587e+00 3.8255e-05]]
96.3363,"{'PagePolicy': 'Open', 'Scheduler': 'Fifo', 'SchedulerBuffer': 'Bankwise', 'RequestBufferSize': 1, 'RespQueue': 'Fifo', 'RefreshPolicy': 'AllBank', 'RefreshMaxPostponed': 1, 'RefreshMaxPulledin': 4, 'Arbiter': 'Fifo', 'MaxActiveTransactions': 1}",[[0.1448118 0.97838   0.1480125]]
96.3363,"{'PagePolicy': 'Open', 'Scheduler': 'Fifo', 'SchedulerBuffer': 'Bankwise', 'RequestBufferSize': 1, 'RespQueue': 'Fifo', 'RefreshPolicy': 'AllBank', 'RefreshMaxPostponed': 1, 'RefreshMaxPulledin': 4, 'Arbiter': 'Fifo', 'MaxActiveTransactions': 1}",[[0.1448118 0.97838   0.1480125]]
96.3363,"{'PagePolicy': 'Open', 'Scheduler': 'Fifo', 'SchedulerBuffer': 'Bankwise', 'RequestBufferSize': 2, 'RespQueue': 'Fifo', 'RefreshPolicy': 'AllBank', 'RefreshMaxPostponed': 1, 'RefreshMaxPulledin': 1, 'Arbiter': 'Fifo', 'MaxActiveTransactions': 1}",[[0.1448118 0.97838   0.1480125]]
96.3363,"{'PagePolicy': 'Open', 'Scheduler': 'Fifo', 'SchedulerBuffer': 'Bankwise', 'RequestBufferSize': 2, 'RespQueue': 'Fifo', 'RefreshPolicy': 'AllBank', 'RefreshMaxPostponed': 1, 'RefreshMaxPulledin': 1, 'Arbiter': 'Fifo', 'MaxActiveTransactions': 1}",[[0.1448118 0.97838   0.1480125]]
96.3363,"{'PagePolicy': 'Open', 'Scheduler': 'Fifo', 'SchedulerBuffer': 'Bankwise', 'RequestBufferSize': 2, 'RespQueue': 'Fifo', 'RefreshPolicy': 'AllBank', 'RefreshMaxPostponed': 1, 'RefreshMaxPulledin': 4, 'Arbiter': 'Fifo', 'MaxActiveTransactions': 1}",[[0.1448118 0.97838   0.1480125]]
96.3363,"{'PagePolicy': 'Open', 'Scheduler': 'Fifo', 'SchedulerBuffer': 'Bankwise', 'RequestBufferSize': 2, 'RespQueue': 'Fifo', 'RefreshPolicy': 'AllBank', 'RefreshMaxPostponed': 1, 'RefreshMaxPulledin': 4, 'Arbiter': 'Fifo', 'MaxActiveTransactions': 1}",[[0.1448118 0.97838   0.1480125]]
96.3363,"{'PagePolicy': 'Open', 'Scheduler': 'Fifo', 'SchedulerBuffer': 'Bankwise', 'RequestBufferSize': 1, 'RespQueue': 'Reorder', 'RefreshPolicy': 'AllBank', 'RefreshMaxPostponed': 1, 'RefreshMaxPulledin': 4, 'Arbiter': 'Fifo', 'MaxActiveTransactions': 1}",[[0.1448118 0.97838   0.1480125]]
96.3363,"{'PagePolicy': 'Open', 'Scheduler': 'Fifo', 'SchedulerBuffer': 'Bankwise', 'RequestBufferSize': 1, 'RespQueue': 'Reorder', 'RefreshPolicy': 'AllBank', 'RefreshMaxPostponed': 1, 'RefreshMaxPulledin': 4, 'Arbiter': 'Fifo', 'MaxActiveTransactions': 1}",[[0.1448118 0.97838   0.1480125]]
96.3363,"{'PagePolicy': 'Open', 'Scheduler': 'Fifo', 'SchedulerBuffer': 'Shared', 'RequestBufferSize': 3, 'RespQueue': 'Reorder', 'RefreshPolicy': 'AllBank', 'RefreshMaxPostponed': 1, 'RefreshMaxPulledin': 4, 'Arbiter': 'Fifo', 'MaxActiveTransactions': 1}",[[0.1448118 0.97838   0.1480125]]
96.3363,"{'PagePolicy': 'Open', 'Scheduler': 'Fifo', 'SchedulerBuffer': 'Shared', 'RequestBufferSize': 3, 'RespQueue': 'Reorder', 'RefreshPolicy': 'AllBank', 'RefreshMaxPostponed': 1, 'RefreshMaxPulledin': 4, 'Arbiter': 'Fifo', 'MaxActiveTransactions': 1}",[[0.1448118 0.97838   0.1480125]]
96.3363,"{'PagePolicy': 'Open', 'Scheduler': 'Fifo', 'SchedulerBuffer': 'Bankwise', 'RequestBufferSize': 2, 'RespQueue': 'Reorder', 'RefreshPolicy': 'AllBank', 'RefreshMaxPostponed': 1, 'RefreshMaxPulledin': 4, 'Arbiter': 'Fifo', 'MaxActiveTransactions': 1}",[[0.1448118 0.97838   0.1480125]]
96.3363,"{'PagePolicy': 'Open', 'Scheduler': 'Fifo', 'SchedulerBuffer': 'Bankwise', 'RequestBufferSize': 2, 'RespQueue': 'Reorder', 'RefreshPolicy': 'AllBank', 'RefreshMaxPostponed': 1, 'RefreshMaxPulledin': 4, 'Arbiter': 'Fifo', 'MaxActiveTransactions': 1}",[[0.1448118 0.97838   0.1480125]]
96.3363,"{'PagePolicy': 'Open', 'Scheduler': 'Fifo', 'SchedulerBuffer': 'Bankwise', 'RequestBufferSize': 4, 'RespQueue': 'Fifo', 'RefreshPolicy': 'AllBank', 'RefreshMaxPostponed': 1, 'RefreshMaxPulledin': 5, 'Arbiter': 'Fifo', 'MaxActiveTransactions': 1}",[[0.1448118 0.97838   0.1480125]]
96.3363,"{'PagePolicy': 'Open', 'Scheduler': 'Fifo', 'SchedulerBuffer': 'Bankwise', 'RequestBufferSize': 4, 'RespQueue': 'Fifo', 'RefreshPolicy': 'AllBank', 'RefreshMaxPostponed': 1, 'RefreshMaxPulledin': 5, 'Arbiter': 'Fifo', 'MaxActiveTransactions': 1}",[[0.1448118 0.97838   0.1480125]]
96.3363,"{'PagePolicy': 'Open', 'Scheduler': 'Fifo', 'SchedulerBuffer': 'Bankwise', 'RequestBufferSize': 1, 'RespQueue': 'Reorder', 'RefreshPolicy': 'AllBank', 'RefreshMaxPostponed': 1, 'RefreshMaxPulledin': 7, 'Arbiter': 'Fifo', 'MaxActiveTransactions': 1}",[[0.1448118 0.97838   0.1480125]]
96.3363,"{'PagePolicy': 'Open', 'Scheduler': 'Fifo', 'SchedulerBuffer': 'Bankwise', 'RequestBufferSize': 1, 'RespQueue': 'Reorder', 'RefreshPolicy': 'AllBank', 'RefreshMaxPostponed': 1, 'RefreshMaxPulledin': 7, 'Arbiter': 'Fifo', 'MaxActiveTransactions': 1}",[[0.1448118 0.97838   0.1480125]]
96.3363,"{'PagePolicy': 'Open', 'Scheduler': 'Fifo', 'SchedulerBuffer': 'Bankwise', 'RequestBufferSize': 3, 'RespQueue': 'Fifo', 'RefreshPolicy': 'AllBank', 'RefreshMaxPostponed': 1, 'RefreshMaxPulledin': 4, 'Arbiter': 'Fifo', 'MaxActiveTransactions': 1}",[[0.1448118 0.97838   0.1480125]]
96.3363,"{'PagePolicy': 'Open', 'Scheduler': 'Fifo', 'SchedulerBuffer': 'Bankwise', 'RequestBufferSize': 3, 'RespQueue': 'Fifo', 'RefreshPolicy': 'AllBank', 'RefreshMaxPostponed': 1, 'RefreshMaxPulledin': 4, 'Arbiter': 'Fifo', 'MaxActiveTransactions': 1}",[[0.1448118 0.97838   0.1480125]]
1.0539247,"{'PagePolicy': 'Open', 'Scheduler': 'Fifo', 'SchedulerBuffer': 'Bankwise', 'RequestBufferSize': 6, 'RespQueue': 'Fifo', 'RefreshPolicy': 'NoRefresh', 'RefreshMaxPostponed': 8, 'RefreshMaxPulledin': 4, 'Arbiter': 'Simple', 'MaxActiveTransactions': 116}",[[0.07974532 2.41625    0.03300375]]
1.0539247,"{'PagePolicy': 'Open', 'Scheduler': 'Fifo', 'SchedulerBuffer': 'Bankwise', 'RequestBufferSize': 6, 'RespQueue': 'Fifo', 'RefreshPolicy': 'NoRefresh', 'RefreshMaxPostponed': 8, 'RefreshMaxPulledin': 4, 'Arbiter': 'Simple', 'MaxActiveTransactions': 116}",[[0.07974532 2.41625    0.03300375]]
96.3363,"{'PagePolicy': 'Open', 'Scheduler': 'Fifo', 'SchedulerBuffer': 'Bankwise', 'RequestBufferSize': 2, 'RespQueue': 'Reorder', 'RefreshPolicy': 'AllBank', 'RefreshMaxPostponed': 1, 'RefreshMaxPulledin': 3, 'Arbiter': 'Fifo', 'MaxActiveTransactions': 1}",[[0.1448118 0.97838   0.1480125]]
96.3363,"{'PagePolicy': 'Open', 'Scheduler': 'Fifo', 'SchedulerBuffer': 'Bankwise', 'RequestBufferSize': 2, 'RespQueue': 'Reorder', 'RefreshPolicy': 'AllBank', 'RefreshMaxPostponed': 1, 'RefreshMaxPulledin': 3, 'Arbiter': 'Fifo', 'MaxActiveTransactions': 1}",[[0.1448118 0.97838   0.1480125]]
96.3363,"{'PagePolicy': 'Open', 'Scheduler': 'Fifo', 'SchedulerBuffer': 'ReadWrite', 'RequestBufferSize': 3, 'RespQueue': 'Reorder', 'RefreshPolicy': 'AllBank', 'RefreshMaxPostponed': 1, 'RefreshMaxPulledin': 4, 'Arbiter': 'Reorder', 'MaxActiveTransactions': 1}",[[0.1448118 0.97838   0.1480125]]
96.3363,"{'PagePolicy': 'Open', 'Scheduler': 'Fifo', 'SchedulerBuffer': 'ReadWrite', 'RequestBufferSize': 3, 'RespQueue': 'Reorder', 'RefreshPolicy': 'AllBank', 'RefreshMaxPostponed': 1, 'RefreshMaxPulledin': 4, 'Arbiter': 'Reorder', 'MaxActiveTransactions': 1}",[[0.1448118 0.97838   0.1480125]]
3.1246355,"{'PagePolicy': 'Open', 'Scheduler': 'FrFcfsGrp', 'SchedulerBuffer': 'ReadWrite', 'RequestBufferSize': 2, 'RespQueue': 'Reorder', 'RefreshPolicy': 'AllBank', 'RefreshMaxPostponed': 8, 'RefreshMaxPulledin': 3, 'Arbiter': 'Simple', 'MaxActiveTransactions': 57}",[[0.09094965 1.69201    0.0537525 ]]
3.1246355,"{'PagePolicy': 'Open', 'Scheduler': 'FrFcfsGrp', 'SchedulerBuffer': 'ReadWrite', 'RequestBufferSize': 2, 'RespQueue': 'Reorder', 'RefreshPolicy': 'AllBank', 'RefreshMaxPostponed': 8, 'RefreshMaxPulledin': 3, 'Arbiter': 'Simple', 'MaxActiveTransactions': 57}",[[0.09094965 1.69201    0.0537525 ]]
9.558664,"{'PagePolicy': 'Closed', 'Scheduler': 'Fifo', 'SchedulerBuffer': 'ReadWrite', 'RequestBufferSize': 8, 'RespQueue': 'Fifo', 'RefreshPolicy': 'AllBank', 'RefreshMaxPostponed': 8, 'RefreshMaxPulledin': 5, 'Arbiter': 'Reorder', 'MaxActiveTransactions': 25}",[[0.17627054 1.26893    0.13890125]]
9.558664,"{'PagePolicy': 'Closed', 'Scheduler': 'Fifo', 'SchedulerBuffer': 'ReadWrite', 'RequestBufferSize': 8, 'RespQueue': 'Fifo', 'RefreshPolicy': 'AllBank', 'RefreshMaxPostponed': 8, 'RefreshMaxPulledin': 5, 'Arbiter': 'Reorder', 'MaxActiveTransactions': 25}",[[0.17627054 1.26893    0.13890125]]
96.3363,"{'PagePolicy': 'Open', 'Scheduler': 'Fifo', 'SchedulerBuffer': 'Shared', 'RequestBufferSize': 5, 'RespQueue': 'Fifo', 'RefreshPolicy': 'AllBank', 'RefreshMaxPostponed': 1, 'RefreshMaxPulledin': 7, 'Arbiter': 'Fifo', 'MaxActiveTransactions': 1}",[[0.1448118 0.97838   0.1480125]]
96.3363,"{'PagePolicy': 'Open', 'Scheduler': 'Fifo', 'SchedulerBuffer': 'Shared', 'RequestBufferSize': 5, 'RespQueue': 'Fifo', 'RefreshPolicy': 'AllBank', 'RefreshMaxPostponed': 1, 'RefreshMaxPulledin': 7, 'Arbiter': 'Fifo', 'MaxActiveTransactions': 1}",[[0.1448118 0.97838   0.1480125]]
0.95204586,"{'PagePolicy': 'Open', 'Scheduler': 'FrFcfs', 'SchedulerBuffer': 'ReadWrite', 'RequestBufferSize': 4, 'RespQueue': 'Reorder', 'RefreshPolicy': 'AllBank', 'RefreshMaxPostponed': 8, 'RefreshMaxPulledin': 6, 'Arbiter': 'Simple', 'MaxActiveTransactions': 85}",[[8.406263e-02 2.050370e+00 4.100000e-08]]
0.95204586,"{'PagePolicy': 'Open', 'Scheduler': 'FrFcfs', 'SchedulerBuffer': 'ReadWrite', 'RequestBufferSize': 4, 'RespQueue': 'Reorder', 'RefreshPolicy': 'AllBank', 'RefreshMaxPostponed': 8, 'RefreshMaxPulledin': 6, 'Arbiter': 'Simple', 'MaxActiveTransactions': 85}",[[8.406263e-02 2.050370e+00 4.100000e-08]]
96.3363,"{'PagePolicy': 'Open', 'Scheduler': 'Fifo', 'SchedulerBuffer': 'Bankwise', 'RequestBufferSize': 4, 'RespQueue': 'Reorder', 'RefreshPolicy': 'AllBank', 'RefreshMaxPostponed': 1, 'RefreshMaxPulledin': 5, 'Arbiter': 'Reorder', 'MaxActiveTransactions': 1}",[[0.1448118 0.97838   0.1480125]]
96.3363,"{'PagePolicy': 'Open', 'Scheduler': 'Fifo', 'SchedulerBuffer': 'Bankwise', 'RequestBufferSize': 4, 'RespQueue': 'Reorder', 'RefreshPolicy': 'AllBank', 'RefreshMaxPostponed': 1, 'RefreshMaxPulledin': 5, 'Arbiter': 'Reorder', 'MaxActiveTransactions': 1}",[[0.1448118 0.97838   0.1480125]]
1.6049554,"{'PagePolicy': 'ClosedAdaptive', 'Scheduler': 'Fifo', 'SchedulerBuffer': 'ReadWrite', 'RequestBufferSize': 3, 'RespQueue': 'Fifo', 'RefreshPolicy': 'AllBank', 'RefreshMaxPostponed': 1, 'RefreshMaxPulledin': 8, 'Arbiter': 'Simple', 'MaxActiveTransactions': 18}",[[0.08502398 2.0605     0.0412475 ]]
1.6049554,"{'PagePolicy': 'ClosedAdaptive', 'Scheduler': 'Fifo', 'SchedulerBuffer': 'ReadWrite', 'RequestBufferSize': 3, 'RespQueue': 'Fifo', 'RefreshPolicy': 'AllBank', 'RefreshMaxPostponed': 1, 'RefreshMaxPulledin': 8, 'Arbiter': 'Simple', 'MaxActiveTransactions': 18}",[[0.08502398 2.0605     0.0412475 ]]
9.818266,"{'PagePolicy': 'Closed', 'Scheduler': 'FrFcfsGrp', 'SchedulerBuffer': 'Bankwise', 'RequestBufferSize': 2, 'RespQueue': 'Reorder', 'RefreshPolicy': 'NoRefresh', 'RefreshMaxPostponed': 1, 'RefreshMaxPulledin': 3, 'Arbiter': 'Simple', 'MaxActiveTransactions': 43}",[[0.18199298 1.19466    0.1523225 ]]
9.818266,"{'PagePolicy': 'Closed', 'Scheduler': 'FrFcfsGrp', 'SchedulerBuffer': 'Bankwise', 'RequestBufferSize': 2, 'RespQueue': 'Reorder', 'RefreshPolicy': 'NoRefresh', 'RefreshMaxPostponed': 1, 'RefreshMaxPulledin': 3, 'Arbiter': 'Simple', 'MaxActiveTransactions': 43}",[[0.18199298 1.19466    0.1523225 ]]
1.0662193,"{'PagePolicy': 'Open', 'Scheduler': 'FrFcfs', 'SchedulerBuffer': 'Bankwise', 'RequestBufferSize': 6, 'RespQueue': 'Fifo', 'RefreshPolicy': 'AllBank', 'RefreshMaxPostponed': 1, 'RefreshMaxPulledin': 2, 'Arbiter': 'Reorder', 'MaxActiveTransactions': 75}",[[0.0805092 2.40883   0.0334275]]
1.0662193,"{'PagePolicy': 'Open', 'Scheduler': 'FrFcfs', 'SchedulerBuffer': 'Bankwise', 'RequestBufferSize': 6, 'RespQueue': 'Fifo', 'RefreshPolicy': 'AllBank', 'RefreshMaxPostponed': 1, 'RefreshMaxPulledin': 2, 'Arbiter': 'Reorder', 'MaxActiveTransactions': 75}",[[0.0805092 2.40883   0.0334275]]
1.0590193,"{'PagePolicy': 'ClosedAdaptive', 'Scheduler': 'Fifo', 'SchedulerBuffer': 'Bankwise', 'RequestBufferSize': 5, 'RespQueue': 'Fifo', 'RefreshPolicy': 'AllBank', 'RefreshMaxPostponed': 4, 'RefreshMaxPulledin': 4, 'Arbiter': 'Fifo', 'MaxActiveTransactions': 35}",[[0.07983135 2.41128    0.03309125]]
1.0590193,"{'PagePolicy': 'ClosedAdaptive', 'Scheduler': 'Fifo', 'SchedulerBuffer': 'Bankwise', 'RequestBufferSize': 5, 'RespQueue': 'Fifo', 'RefreshPolicy': 'AllBank', 'RefreshMaxPostponed': 4, 'RefreshMaxPulledin': 4, 'Arbiter': 'Fifo', 'MaxActiveTransactions': 35}",[[0.07983135 2.41128    0.03309125]]
1.1915118,"{'PagePolicy': 'Open', 'Scheduler': 'FrFcfsGrp', 'SchedulerBuffer': 'Bankwise', 'RequestBufferSize': 4, 'RespQueue': 'Fifo', 'RefreshPolicy': 'NoRefresh', 'RefreshMaxPostponed': 1, 'RefreshMaxPulledin': 6, 'Arbiter': 'Simple', 'MaxActiveTransactions': 37}",[[0.08096235 2.29632    0.0352575 ]]
1.1915118,"{'PagePolicy': 'Open', 'Scheduler': 'FrFcfsGrp', 'SchedulerBuffer': 'Bankwise', 'RequestBufferSize': 4, 'RespQueue': 'Fifo', 'RefreshPolicy': 'NoRefresh', 'RefreshMaxPostponed': 1, 'RefreshMaxPulledin': 6, 'Arbiter': 'Simple', 'MaxActiveTransactions': 37}",[[0.08096235 2.29632    0.0352575 ]]
9.958738,"{'PagePolicy': 'Closed', 'Scheduler': 'Fifo', 'SchedulerBuffer': 'ReadWrite', 'RequestBufferSize': 7, 'RespQueue': 'Reorder', 'RefreshPolicy': 'NoRefresh', 'RefreshMaxPostponed': 1, 'RefreshMaxPulledin': 7, 'Arbiter': 'Reorder', 'MaxActiveTransactions': 56}",[[0.17481434 1.25725    0.13903375]]
9.958738,"{'PagePolicy': 'Closed', 'Scheduler': 'Fifo', 'SchedulerBuffer': 'ReadWrite', 'RequestBufferSize': 7, 'RespQueue': 'Reorder', 'RefreshPolicy': 'NoRefresh', 'RefreshMaxPostponed': 1, 'RefreshMaxPulledin': 7, 'Arbiter': 'Reorder', 'MaxActiveTransactions': 56}",[[0.17481434 1.25725    0.13903375]]
3.1246355,"{'PagePolicy': 'Open', 'Scheduler': 'FrFcfs', 'SchedulerBuffer': 'ReadWrite', 'RequestBufferSize': 2, 'RespQueue': 'Reorder', 'RefreshPolicy': 'AllBank', 'RefreshMaxPostponed': 8, 'RefreshMaxPulledin': 7, 'Arbiter': 'Fifo', 'MaxActiveTransactions': 95}",[[0.09094965 1.69201    0.0537525 ]]
3.1246355,"{'PagePolicy': 'Open', 'Scheduler': 'FrFcfs', 'SchedulerBuffer': 'ReadWrite', 'RequestBufferSize': 2, 'RespQueue': 'Reorder', 'RefreshPolicy': 'AllBank', 'RefreshMaxPostponed': 8, 'RefreshMaxPulledin': 7, 'Arbiter': 'Fifo', 'MaxActiveTransactions': 95}",[[0.09094965 1.69201    0.0537525 ]]
96.3363,"{'PagePolicy': 'Open', 'Scheduler': 'Fifo', 'SchedulerBuffer': 'Shared', 'RequestBufferSize': 5, 'RespQueue': 'Fifo', 'RefreshPolicy': 'AllBank', 'RefreshMaxPostponed': 1, 'RefreshMaxPulledin': 6, 'Arbiter': 'Reorder', 'MaxActiveTransactions': 1}",[[0.1448118 0.97838   0.1480125]]
96.3363,"{'PagePolicy': 'Open', 'Scheduler': 'Fifo', 'SchedulerBuffer': 'Shared', 'RequestBufferSize': 5, 'RespQueue': 'Fifo', 'RefreshPolicy': 'AllBank', 'RefreshMaxPostponed': 1, 'RefreshMaxPulledin': 6, 'Arbiter': 'Reorder', 'MaxActiveTransactions': 1}",[[0.1448118 0.97838   0.1480125]]
1.1113852,"{'PagePolicy': 'Open', 'Scheduler': 'FrFcfs', 'SchedulerBuffer': 'Bankwise', 'RequestBufferSize': 5, 'RespQueue': 'Reorder', 'RefreshPolicy': 'AllBank', 'RefreshMaxPostponed': 1, 'RefreshMaxPulledin': 5, 'Arbiter': 'Fifo', 'MaxActiveTransactions': 118}",[[0.08092027 2.36721    0.03418875]]
1.1113852,"{'PagePolicy': 'Open', 'Scheduler': 'FrFcfs', 'SchedulerBuffer': 'Bankwise', 'RequestBufferSize': 5, 'RespQueue': 'Reorder', 'RefreshPolicy': 'AllBank', 'RefreshMaxPostponed': 1, 'RefreshMaxPulledin': 5, 'Arbiter': 'Fifo', 'MaxActiveTransactions': 118}",[[0.08092027 2.36721    0.03418875]]
9.879103,"{'PagePolicy': 'Closed', 'Scheduler': 'FrFcfs', 'SchedulerBuffer': 'ReadWrite', 'RequestBufferSize': 6, 'RespQueue': 'Reorder', 'RefreshPolicy': 'NoRefresh', 'RefreshMaxPostponed': 1, 'RefreshMaxPulledin': 5, 'Arbiter': 'Simple', 'MaxActiveTransactions': 103}",[[0.17568915 1.24899    0.14065374]]
9.879103,"{'PagePolicy': 'Closed', 'Scheduler': 'FrFcfs', 'SchedulerBuffer': 'ReadWrite', 'RequestBufferSize': 6, 'RespQueue': 'Reorder', 'RefreshPolicy': 'NoRefresh', 'RefreshMaxPostponed': 1, 'RefreshMaxPulledin': 5, 'Arbiter': 'Simple', 'MaxActiveTransactions': 103}",[[0.17568915 1.24899    0.14065374]]
2.0427275,"{'PagePolicy': 'OpenAdaptive', 'Scheduler': 'Fifo', 'SchedulerBuffer': 'Shared', 'RequestBufferSize': 3, 'RespQueue': 'Fifo', 'RefreshPolicy': 'AllBank', 'RefreshMaxPostponed': 1, 'RefreshMaxPulledin': 5, 'Arbiter': 'Simple', 'MaxActiveTransactions': 30}",[[0.08742428 1.90482    0.04589625]]
2.0427275,"{'PagePolicy': 'OpenAdaptive', 'Scheduler': 'Fifo', 'SchedulerBuffer': 'Shared', 'RequestBufferSize': 3, 'RespQueue': 'Fifo', 'RefreshPolicy': 'AllBank', 'RefreshMaxPostponed': 1, 'RefreshMaxPulledin': 5, 'Arbiter': 'Simple', 'MaxActiveTransactions': 30}",[[0.08742428 1.90482    0.04589625]]
96.3363,"{'PagePolicy': 'Open', 'Scheduler': 'Fifo', 'SchedulerBuffer': 'Bankwise', 'RequestBufferSize': 3, 'RespQueue': 'Reorder', 'RefreshPolicy': 'AllBank', 'RefreshMaxPostponed': 1, 'RefreshMaxPulledin': 5, 'Arbiter': 'Reorder', 'MaxActiveTransactions': 1}",[[0.1448118 0.97838   0.1480125]]
96.3363,"{'PagePolicy': 'Open', 'Scheduler': 'Fifo', 'SchedulerBuffer': 'Bankwise', 'RequestBufferSize': 3, 'RespQueue': 'Reorder', 'RefreshPolicy': 'AllBank', 'RefreshMaxPostponed': 1, 'RefreshMaxPulledin': 5, 'Arbiter': 'Reorder', 'MaxActiveTransactions': 1}",[[0.1448118 0.97838   0.1480125]]
96.3363,"{'PagePolicy': 'Open', 'Scheduler': 'Fifo', 'SchedulerBuffer': 'Bankwise', 'RequestBufferSize': 2, 'RespQueue': 'Reorder', 'RefreshPolicy': 'AllBank', 'RefreshMaxPostponed': 1, 'RefreshMaxPulledin': 5, 'Arbiter': 'Fifo', 'MaxActiveTransactions': 1}",[[0.1448118 0.97838   0.1480125]]
96.3363,"{'PagePolicy': 'Open', 'Scheduler': 'Fifo', 'SchedulerBuffer': 'Bankwise', 'RequestBufferSize': 2, 'RespQueue': 'Reorder', 'RefreshPolicy': 'AllBank', 'RefreshMaxPostponed': 1, 'RefreshMaxPulledin': 5, 'Arbiter': 'Fifo', 'MaxActiveTransactions': 1}",[[0.1448118 0.97838   0.1480125]]
96.3363,"{'PagePolicy': 'Open', 'Scheduler': 'Fifo', 'SchedulerBuffer': 'Shared', 'RequestBufferSize': 5, 'RespQueue': 'Reorder', 'RefreshPolicy': 'AllBank', 'RefreshMaxPostponed': 1, 'RefreshMaxPulledin': 6, 'Arbiter': 'Fifo', 'MaxActiveTransactions': 1}",[[0.1448118 0.97838   0.1480125]]
96.3363,"{'PagePolicy': 'Open', 'Scheduler': 'Fifo', 'SchedulerBuffer': 'Shared', 'RequestBufferSize': 5, 'RespQueue': 'Reorder', 'RefreshPolicy': 'AllBank', 'RefreshMaxPostponed': 1, 'RefreshMaxPulledin': 6, 'Arbiter': 'Fifo', 'MaxActiveTransactions': 1}",[[0.1448118 0.97838   0.1480125]]
1.0831192,"{'PagePolicy': 'ClosedAdaptive', 'Scheduler': 'Fifo', 'SchedulerBuffer': 'Bankwise', 'RequestBufferSize': 5, 'RespQueue': 'Fifo', 'RefreshPolicy': 'NoRefresh', 'RefreshMaxPostponed': 1, 'RefreshMaxPulledin': 2, 'Arbiter': 'Reorder', 'MaxActiveTransactions': 26}",[[0.08027647 2.38998    0.0335775 ]]
