0.020200202,"{'PagePolicy': 'ClosedAdaptive', 'Scheduler': 'FrFcfsGrp', 'SchedulerBuffer': 'ReadWrite', 'RequestBufferSize': 4, 'RespQueue': 'Fifo', 'RefreshPolicy': 'AllBank', 'RefreshMaxPostponed': 5, 'RefreshMaxPulledin': 7, 'Arbiter': 'Reorder', 'MaxActiveTransactions': 44}",[[ 6.9923325  0.58345   11.984396 ]]
0.020200202,"{'PagePolicy': 'ClosedAdaptive', 'Scheduler': 'FrFcfsGrp', 'SchedulerBuffer': 'ReadWrite', 'RequestBufferSize': 4, 'RespQueue': 'Fifo', 'RefreshPolicy': 'AllBank', 'RefreshMaxPostponed': 5, 'RefreshMaxPulledin': 7, 'Arbiter': 'Reorder', 'MaxActiveTransactions': 44}",[[ 6.9923325  0.58345   11.984396 ]]
0.01980277,"{'PagePolicy': 'Open', 'Scheduler': 'FrFcfs', 'SchedulerBuffer': 'Bankwise', 'RequestBufferSize': 7, 'RespQueue': 'Reorder', 'RefreshPolicy': 'AllBank', 'RefreshMaxPostponed': 4, 'RefreshMaxPulledin': 4, 'Arbiter': 'Reorder', 'MaxActiveTransactions': 107}",[[ 6.8921304  0.57509   11.984396 ]]
0.01980277,"{'PagePolicy': 'Open', 'Scheduler': 'FrFcfs', 'SchedulerBuffer': 'Bankwise', 'RequestBufferSize': 7, 'RespQueue': 'Reorder', 'RefreshPolicy': 'AllBank', 'RefreshMaxPostponed': 4, 'RefreshMaxPulledin': 4, 'Arbiter': 'Reorder', 'MaxActiveTransactions': 107}",[[ 6.8921304  0.57509   11.984396 ]]
0.01883931,"{'PagePolicy': 'Open', 'Scheduler': 'FrFcfs', 'SchedulerBuffer': 'ReadWrite', 'RequestBufferSize': 7, 'RespQueue': 'Reorder', 'RefreshPolicy': 'NoRefresh', 'RefreshMaxPostponed': 4, 'RefreshMaxPulledin': 4, 'Arbiter': 'Simple', 'MaxActiveTransactions': 26}",[[ 6.6316905  0.55336   11.984403 ]]
0.01883931,"{'PagePolicy': 'Open', 'Scheduler': 'FrFcfs', 'SchedulerBuffer': 'ReadWrite', 'RequestBufferSize': 7, 'RespQueue': 'Reorder', 'RefreshPolicy': 'NoRefresh', 'RefreshMaxPostponed': 4, 'RefreshMaxPulledin': 4, 'Arbiter': 'Simple', 'MaxActiveTransactions': 26}",[[ 6.6316905  0.55336   11.984403 ]]
0.019837784,"{'PagePolicy': 'OpenAdaptive', 'Scheduler': 'FrFcfsGrp', 'SchedulerBuffer': 'ReadWrite', 'RequestBufferSize': 3, 'RespQueue': 'Fifo', 'RefreshPolicy': 'AllBank', 'RefreshMaxPostponed': 6, 'RefreshMaxPulledin': 6, 'Arbiter': 'Fifo', 'MaxActiveTransactions': 10}",[[ 6.9010673  0.57584   11.984396 ]]
0.019837784,"{'PagePolicy': 'OpenAdaptive', 'Scheduler': 'FrFcfsGrp', 'SchedulerBuffer': 'ReadWrite', 'RequestBufferSize': 3, 'RespQueue': 'Fifo', 'RefreshPolicy': 'AllBank', 'RefreshMaxPostponed': 6, 'RefreshMaxPulledin': 6, 'Arbiter': 'Fifo', 'MaxActiveTransactions': 10}",[[ 6.9010673  0.57584   11.984396 ]]
0.0191032,"{'PagePolicy': 'OpenAdaptive', 'Scheduler': 'FrFcfs', 'SchedulerBuffer': 'Shared', 'RequestBufferSize': 1, 'RespQueue': 'Fifo', 'RefreshPolicy': 'NoRefresh', 'RefreshMaxPostponed': 6, 'RefreshMaxPulledin': 3, 'Arbiter': 'Simple', 'MaxActiveTransactions': 53}",[[ 6.7057023  0.55953   11.984408 ]]
0.0191032,"{'PagePolicy': 'OpenAdaptive', 'Scheduler': 'FrFcfs', 'SchedulerBuffer': 'Shared', 'RequestBufferSize': 1, 'RespQueue': 'Fifo', 'RefreshPolicy': 'NoRefresh', 'RefreshMaxPostponed': 6, 'RefreshMaxPulledin': 3, 'Arbiter': 'Simple', 'MaxActiveTransactions': 53}",[[ 6.7057023  0.55953   11.984408 ]]
0.018860426,"{'PagePolicy': 'OpenAdaptive', 'Scheduler': 'FrFcfs', 'SchedulerBuffer': 'Bankwise', 'RequestBufferSize': 5, 'RespQueue': 'Reorder', 'RefreshPolicy': 'NoRefresh', 'RefreshMaxPostponed': 8, 'RefreshMaxPulledin': 5, 'Arbiter': 'Fifo', 'MaxActiveTransactions': 12}",[[ 6.637633  0.55386  11.984403]]
0.018860426,"{'PagePolicy': 'OpenAdaptive', 'Scheduler': 'FrFcfs', 'SchedulerBuffer': 'Bankwise', 'RequestBufferSize': 5, 'RespQueue': 'Reorder', 'RefreshPolicy': 'NoRefresh', 'RefreshMaxPostponed': 8, 'RefreshMaxPulledin': 5, 'Arbiter': 'Fifo', 'MaxActiveTransactions': 12}",[[ 6.637633  0.55386  11.984403]]
0.01910321,"{'PagePolicy': 'OpenAdaptive', 'Scheduler': 'Fifo', 'SchedulerBuffer': 'Shared', 'RequestBufferSize': 5, 'RespQueue': 'Fifo', 'RefreshPolicy': 'NoRefresh', 'RefreshMaxPostponed': 6, 'RefreshMaxPulledin': 7, 'Arbiter': 'Simple', 'MaxActiveTransactions': 90}",[[ 6.705691  0.55953  11.984402]]
0.01910321,"{'PagePolicy': 'OpenAdaptive', 'Scheduler': 'Fifo', 'SchedulerBuffer': 'Shared', 'RequestBufferSize': 5, 'RespQueue': 'Fifo', 'RefreshPolicy': 'NoRefresh', 'RefreshMaxPostponed': 6, 'RefreshMaxPulledin': 7, 'Arbiter': 'Simple', 'MaxActiveTransactions': 90}",[[ 6.705691  0.55953  11.984402]]
0.019865416,"{'PagePolicy': 'Closed', 'Scheduler': 'FrFcfsGrp', 'SchedulerBuffer': 'Shared', 'RequestBufferSize': 6, 'RespQueue': 'Fifo', 'RefreshPolicy': 'NoRefresh', 'RefreshMaxPostponed': 2, 'RefreshMaxPulledin': 4, 'Arbiter': 'Reorder', 'MaxActiveTransactions': 112}",[[ 6.908239  0.57643  11.984396]]
0.019865416,"{'PagePolicy': 'Closed', 'Scheduler': 'FrFcfsGrp', 'SchedulerBuffer': 'Shared', 'RequestBufferSize': 6, 'RespQueue': 'Fifo', 'RefreshPolicy': 'NoRefresh', 'RefreshMaxPostponed': 2, 'RefreshMaxPulledin': 4, 'Arbiter': 'Reorder', 'MaxActiveTransactions': 112}",[[ 6.908239  0.57643  11.984396]]
0.01986823,"{'PagePolicy': 'OpenAdaptive', 'Scheduler': 'FrFcfsGrp', 'SchedulerBuffer': 'Bankwise', 'RequestBufferSize': 3, 'RespQueue': 'Fifo', 'RefreshPolicy': 'AllBank', 'RefreshMaxPostponed': 4, 'RefreshMaxPulledin': 5, 'Arbiter': 'Simple', 'MaxActiveTransactions': 91}",[[ 6.9088964  0.57649   11.984396 ]]
0.01986823,"{'PagePolicy': 'OpenAdaptive', 'Scheduler': 'FrFcfsGrp', 'SchedulerBuffer': 'Bankwise', 'RequestBufferSize': 3, 'RespQueue': 'Fifo', 'RefreshPolicy': 'AllBank', 'RefreshMaxPostponed': 4, 'RefreshMaxPulledin': 5, 'Arbiter': 'Simple', 'MaxActiveTransactions': 91}",[[ 6.9088964  0.57649   11.984396 ]]
0.019820495,"{'PagePolicy': 'OpenAdaptive', 'Scheduler': 'FrFcfsGrp', 'SchedulerBuffer': 'ReadWrite', 'RequestBufferSize': 8, 'RespQueue': 'Fifo', 'RefreshPolicy': 'AllBank', 'RefreshMaxPostponed': 7, 'RefreshMaxPulledin': 2, 'Arbiter': 'Fifo', 'MaxActiveTransactions': 77}",[[ 6.8967023  0.57547   11.984396 ]]
0.019820495,"{'PagePolicy': 'OpenAdaptive', 'Scheduler': 'FrFcfsGrp', 'SchedulerBuffer': 'ReadWrite', 'RequestBufferSize': 8, 'RespQueue': 'Fifo', 'RefreshPolicy': 'AllBank', 'RefreshMaxPostponed': 7, 'RefreshMaxPulledin': 2, 'Arbiter': 'Fifo', 'MaxActiveTransactions': 77}",[[ 6.8967023  0.57547   11.984396 ]]
0.018896427,"{'PagePolicy': 'Open', 'Scheduler': 'FrFcfsGrp', 'SchedulerBuffer': 'Bankwise', 'RequestBufferSize': 2, 'RespQueue': 'Reorder', 'RefreshPolicy': 'NoRefresh', 'RefreshMaxPostponed': 8, 'RefreshMaxPulledin': 8, 'Arbiter': 'Fifo', 'MaxActiveTransactions': 37}",[[ 6.647907  0.55471  11.984403]]
0.018896427,"{'PagePolicy': 'Open', 'Scheduler': 'FrFcfsGrp', 'SchedulerBuffer': 'Bankwise', 'RequestBufferSize': 2, 'RespQueue': 'Reorder', 'RefreshPolicy': 'NoRefresh', 'RefreshMaxPostponed': 8, 'RefreshMaxPulledin': 8, 'Arbiter': 'Fifo', 'MaxActiveTransactions': 37}",[[ 6.647907  0.55471  11.984403]]
0.020912083,"{'PagePolicy': 'Closed', 'Scheduler': 'FrFcfsGrp', 'SchedulerBuffer': 'ReadWrite', 'RequestBufferSize': 5, 'RespQueue': 'Fifo', 'RefreshPolicy': 'AllBank', 'RefreshMaxPostponed': 3, 'RefreshMaxPulledin': 3, 'Arbiter': 'Simple', 'MaxActiveTransactions': 59}",[[ 7.162231  0.59763  11.984396]]
0.020912083,"{'PagePolicy': 'Closed', 'Scheduler': 'FrFcfsGrp', 'SchedulerBuffer': 'ReadWrite', 'RequestBufferSize': 5, 'RespQueue': 'Fifo', 'RefreshPolicy': 'AllBank', 'RefreshMaxPostponed': 3, 'RefreshMaxPulledin': 3, 'Arbiter': 'Simple', 'MaxActiveTransactions': 59}",[[ 7.162231  0.59763  11.984396]]
0.020912603,"{'PagePolicy': 'Closed', 'Scheduler': 'Fifo', 'SchedulerBuffer': 'ReadWrite', 'RequestBufferSize': 5, 'RespQueue': 'Fifo', 'RefreshPolicy': 'AllBank', 'RefreshMaxPostponed': 3, 'RefreshMaxPulledin': 4, 'Arbiter': 'Fifo', 'MaxActiveTransactions': 48}",[[ 7.162396  0.59764  11.984396]]
0.020912603,"{'PagePolicy': 'Closed', 'Scheduler': 'Fifo', 'SchedulerBuffer': 'ReadWrite', 'RequestBufferSize': 5, 'RespQueue': 'Fifo', 'RefreshPolicy': 'AllBank', 'RefreshMaxPostponed': 3, 'RefreshMaxPulledin': 4, 'Arbiter': 'Fifo', 'MaxActiveTransactions': 48}",[[ 7.162396  0.59764  11.984396]]
0.020914681,"{'PagePolicy': 'Closed', 'Scheduler': 'Fifo', 'SchedulerBuffer': 'Shared', 'RequestBufferSize': 4, 'RespQueue': 'Fifo', 'RefreshPolicy': 'AllBank', 'RefreshMaxPostponed': 8, 'RefreshMaxPulledin': 7, 'Arbiter': 'Reorder', 'MaxActiveTransactions': 4}",[[ 7.162891  0.59768  11.984396]]
0.020914681,"{'PagePolicy': 'Closed', 'Scheduler': 'Fifo', 'SchedulerBuffer': 'Shared', 'RequestBufferSize': 4, 'RespQueue': 'Fifo', 'RefreshPolicy': 'AllBank', 'RefreshMaxPostponed': 8, 'RefreshMaxPulledin': 7, 'Arbiter': 'Reorder', 'MaxActiveTransactions': 4}",[[ 7.162891  0.59768  11.984396]]
0.020914681,"{'PagePolicy': 'Closed', 'Scheduler': 'FrFcfs', 'SchedulerBuffer': 'Bankwise', 'RequestBufferSize': 2, 'RespQueue': 'Reorder', 'RefreshPolicy': 'AllBank', 'RefreshMaxPostponed': 8, 'RefreshMaxPulledin': 7, 'Arbiter': 'Reorder', 'MaxActiveTransactions': 123}",[[ 7.1628623  0.59768   11.984396 ]]
0.020914681,"{'PagePolicy': 'Closed', 'Scheduler': 'FrFcfs', 'SchedulerBuffer': 'Bankwise', 'RequestBufferSize': 2, 'RespQueue': 'Reorder', 'RefreshPolicy': 'AllBank', 'RefreshMaxPostponed': 8, 'RefreshMaxPulledin': 7, 'Arbiter': 'Reorder', 'MaxActiveTransactions': 123}",[[ 7.1628623  0.59768   11.984396 ]]
2.6823483,"{'PagePolicy': 'ClosedAdaptive', 'Scheduler': 'FrFcfsGrp', 'SchedulerBuffer': 'Shared', 'RequestBufferSize': 1, 'RespQueue': 'Fifo', 'RefreshPolicy': 'NoRefresh', 'RefreshMaxPostponed': 8, 'RefreshMaxPulledin': 8, 'Arbiter': 'Reorder', 'MaxActiveTransactions': 97}",[[6.908241  0.57643   0.0119844]]
2.6823483,"{'PagePolicy': 'ClosedAdaptive', 'Scheduler': 'FrFcfsGrp', 'SchedulerBuffer': 'Shared', 'RequestBufferSize': 1, 'RespQueue': 'Fifo', 'RefreshPolicy': 'NoRefresh', 'RefreshMaxPostponed': 8, 'RefreshMaxPulledin': 8, 'Arbiter': 'Reorder', 'MaxActiveTransactions': 97}",[[6.908241  0.57643   0.0119844]]
0.019865384,"{'PagePolicy': 'ClosedAdaptive', 'Scheduler': 'FrFcfs', 'SchedulerBuffer': 'Shared', 'RequestBufferSize': 8, 'RespQueue': 'Reorder', 'RefreshPolicy': 'NoRefresh', 'RefreshMaxPostponed': 1, 'RefreshMaxPulledin': 1, 'Arbiter': 'Fifo', 'MaxActiveTransactions': 1}",[[ 6.90825   0.57643  11.984416]]
0.019865384,"{'PagePolicy': 'ClosedAdaptive', 'Scheduler': 'FrFcfs', 'SchedulerBuffer': 'Shared', 'RequestBufferSize': 8, 'RespQueue': 'Reorder', 'RefreshPolicy': 'NoRefresh', 'RefreshMaxPostponed': 1, 'RefreshMaxPulledin': 1, 'Arbiter': 'Fifo', 'MaxActiveTransactions': 1}",[[ 6.90825   0.57643  11.984416]]
0.020091165,"{'PagePolicy': 'Open', 'Scheduler': 'FrFcfs', 'SchedulerBuffer': 'Shared', 'RequestBufferSize': 8, 'RespQueue': 'Reorder', 'RefreshPolicy': 'AllBank', 'RefreshMaxPostponed': 1, 'RefreshMaxPulledin': 1, 'Arbiter': 'Reorder', 'MaxActiveTransactions': 1}",[[ 6.9652476  0.58119   11.984416 ]]
0.020091165,"{'PagePolicy': 'Open', 'Scheduler': 'FrFcfs', 'SchedulerBuffer': 'Shared', 'RequestBufferSize': 8, 'RespQueue': 'Reorder', 'RefreshPolicy': 'AllBank', 'RefreshMaxPostponed': 1, 'RefreshMaxPulledin': 1, 'Arbiter': 'Reorder', 'MaxActiveTransactions': 1}",[[ 6.9652476  0.58119   11.984416 ]]
0.020910488,"{'PagePolicy': 'ClosedAdaptive', 'Scheduler': 'FrFcfs', 'SchedulerBuffer': 'Shared', 'RequestBufferSize': 8, 'RespQueue': 'Reorder', 'RefreshPolicy': 'AllBank', 'RefreshMaxPostponed': 1, 'RefreshMaxPulledin': 1, 'Arbiter': 'Reorder', 'MaxActiveTransactions': 1}",[[ 7.16194   0.5976   11.984416]]
0.020910488,"{'PagePolicy': 'ClosedAdaptive', 'Scheduler': 'FrFcfs', 'SchedulerBuffer': 'Shared', 'RequestBufferSize': 8, 'RespQueue': 'Reorder', 'RefreshPolicy': 'AllBank', 'RefreshMaxPostponed': 1, 'RefreshMaxPulledin': 1, 'Arbiter': 'Reorder', 'MaxActiveTransactions': 1}",[[ 7.16194   0.5976   11.984416]]
0.019865416,"{'PagePolicy': 'Closed', 'Scheduler': 'Fifo', 'SchedulerBuffer': 'Shared', 'RequestBufferSize': 8, 'RespQueue': 'Reorder', 'RefreshPolicy': 'NoRefresh', 'RefreshMaxPostponed': 8, 'RefreshMaxPulledin': 1, 'Arbiter': 'Simple', 'MaxActiveTransactions': 1}",[[ 6.908239  0.57643  11.984396]]
0.019865416,"{'PagePolicy': 'Closed', 'Scheduler': 'Fifo', 'SchedulerBuffer': 'Shared', 'RequestBufferSize': 8, 'RespQueue': 'Reorder', 'RefreshPolicy': 'NoRefresh', 'RefreshMaxPostponed': 8, 'RefreshMaxPulledin': 1, 'Arbiter': 'Simple', 'MaxActiveTransactions': 1}",[[ 6.908239  0.57643  11.984396]]
0.019865384,"{'PagePolicy': 'ClosedAdaptive', 'Scheduler': 'FrFcfs', 'SchedulerBuffer': 'Shared', 'RequestBufferSize': 8, 'RespQueue': 'Reorder', 'RefreshPolicy': 'NoRefresh', 'RefreshMaxPostponed': 8, 'RefreshMaxPulledin': 1, 'Arbiter': 'Fifo', 'MaxActiveTransactions': 1}",[[ 6.90825   0.57643  11.984416]]
0.019865384,"{'PagePolicy': 'ClosedAdaptive', 'Scheduler': 'FrFcfs', 'SchedulerBuffer': 'Shared', 'RequestBufferSize': 8, 'RespQueue': 'Reorder', 'RefreshPolicy': 'NoRefresh', 'RefreshMaxPostponed': 8, 'RefreshMaxPulledin': 1, 'Arbiter': 'Fifo', 'MaxActiveTransactions': 1}",[[ 6.90825   0.57643  11.984416]]
0.019103186,"{'PagePolicy': 'OpenAdaptive', 'Scheduler': 'FrFcfs', 'SchedulerBuffer': 'Shared', 'RequestBufferSize': 8, 'RespQueue': 'Reorder', 'RefreshPolicy': 'NoRefresh', 'RefreshMaxPostponed': 7, 'RefreshMaxPulledin': 1, 'Arbiter': 'Reorder', 'MaxActiveTransactions': 1}",[[ 6.705706  0.55953  11.984416]]
0.019103186,"{'PagePolicy': 'OpenAdaptive', 'Scheduler': 'FrFcfs', 'SchedulerBuffer': 'Shared', 'RequestBufferSize': 8, 'RespQueue': 'Reorder', 'RefreshPolicy': 'NoRefresh', 'RefreshMaxPostponed': 7, 'RefreshMaxPulledin': 1, 'Arbiter': 'Reorder', 'MaxActiveTransactions': 1}",[[ 6.705706  0.55953  11.984416]]
0.020910488,"{'PagePolicy': 'ClosedAdaptive', 'Scheduler': 'FrFcfsGrp', 'SchedulerBuffer': 'Bankwise', 'RequestBufferSize': 8, 'RespQueue': 'Reorder', 'RefreshPolicy': 'AllBank', 'RefreshMaxPostponed': 1, 'RefreshMaxPulledin': 1, 'Arbiter': 'Fifo', 'MaxActiveTransactions': 1}",[[ 7.16194   0.5976   11.984416]]
0.020910488,"{'PagePolicy': 'ClosedAdaptive', 'Scheduler': 'FrFcfsGrp', 'SchedulerBuffer': 'Bankwise', 'RequestBufferSize': 8, 'RespQueue': 'Reorder', 'RefreshPolicy': 'AllBank', 'RefreshMaxPostponed': 1, 'RefreshMaxPulledin': 1, 'Arbiter': 'Fifo', 'MaxActiveTransactions': 1}",[[ 7.16194   0.5976   11.984416]]
0.019221919,"{'PagePolicy': 'ClosedAdaptive', 'Scheduler': 'FrFcfsGrp', 'SchedulerBuffer': 'Bankwise', 'RequestBufferSize': 8, 'RespQueue': 'Reorder', 'RefreshPolicy': 'NoRefresh', 'RefreshMaxPostponed': 1, 'RefreshMaxPulledin': 1, 'Arbiter': 'Simple', 'MaxActiveTransactions': 1}",[[ 6.738208  0.56225  11.984396]]
0.019221919,"{'PagePolicy': 'ClosedAdaptive', 'Scheduler': 'FrFcfsGrp', 'SchedulerBuffer': 'Bankwise', 'RequestBufferSize': 8, 'RespQueue': 'Reorder', 'RefreshPolicy': 'NoRefresh', 'RefreshMaxPostponed': 1, 'RefreshMaxPulledin': 1, 'Arbiter': 'Simple', 'MaxActiveTransactions': 1}",[[ 6.738208  0.56225  11.984396]]
0.020910488,"{'PagePolicy': 'ClosedAdaptive', 'Scheduler': 'FrFcfs', 'SchedulerBuffer': 'Shared', 'RequestBufferSize': 8, 'RespQueue': 'Fifo', 'RefreshPolicy': 'AllBank', 'RefreshMaxPostponed': 1, 'RefreshMaxPulledin': 1, 'Arbiter': 'Fifo', 'MaxActiveTransactions': 1}",[[ 7.16194   0.5976   11.984416]]
0.020910488,"{'PagePolicy': 'ClosedAdaptive', 'Scheduler': 'FrFcfs', 'SchedulerBuffer': 'Shared', 'RequestBufferSize': 8, 'RespQueue': 'Fifo', 'RefreshPolicy': 'AllBank', 'RefreshMaxPostponed': 1, 'RefreshMaxPulledin': 1, 'Arbiter': 'Fifo', 'MaxActiveTransactions': 1}",[[ 7.16194   0.5976   11.984416]]
2.8237455,"{'PagePolicy': 'ClosedAdaptive', 'Scheduler': 'FrFcfs', 'SchedulerBuffer': 'Bankwise', 'RequestBufferSize': 1, 'RespQueue': 'Reorder', 'RefreshPolicy': 'AllBank', 'RefreshMaxPostponed': 7, 'RefreshMaxPulledin': 4, 'Arbiter': 'Reorder', 'MaxActiveTransactions': 96}",[[7.162412  0.59764   0.0119844]]
2.8237455,"{'PagePolicy': 'ClosedAdaptive', 'Scheduler': 'FrFcfs', 'SchedulerBuffer': 'Bankwise', 'RequestBufferSize': 1, 'RespQueue': 'Reorder', 'RefreshPolicy': 'AllBank', 'RefreshMaxPostponed': 7, 'RefreshMaxPulledin': 4, 'Arbiter': 'Reorder', 'MaxActiveTransactions': 96}",[[7.162412  0.59764   0.0119844]]
0.019103186,"{'PagePolicy': 'Open', 'Scheduler': 'Fifo', 'SchedulerBuffer': 'Shared', 'RequestBufferSize': 1, 'RespQueue': 'Fifo', 'RefreshPolicy': 'NoRefresh', 'RefreshMaxPostponed': 8, 'RefreshMaxPulledin': 1, 'Arbiter': 'Reorder', 'MaxActiveTransactions': 1}",[[ 6.705706  0.55953  11.984416]]
0.019103186,"{'PagePolicy': 'Open', 'Scheduler': 'Fifo', 'SchedulerBuffer': 'Shared', 'RequestBufferSize': 1, 'RespQueue': 'Fifo', 'RefreshPolicy': 'NoRefresh', 'RefreshMaxPostponed': 8, 'RefreshMaxPulledin': 1, 'Arbiter': 'Reorder', 'MaxActiveTransactions': 1}",[[ 6.705706  0.55953  11.984416]]
2.823605,"{'PagePolicy': 'ClosedAdaptive', 'Scheduler': 'FrFcfs', 'SchedulerBuffer': 'Bankwise', 'RequestBufferSize': 1, 'RespQueue': 'Reorder', 'RefreshPolicy': 'AllBank', 'RefreshMaxPostponed': 7, 'RefreshMaxPulledin': 2, 'Arbiter': 'Reorder', 'MaxActiveTransactions': 96}",[[7.162082  0.59762   0.0119844]]
2.823605,"{'PagePolicy': 'ClosedAdaptive', 'Scheduler': 'FrFcfs', 'SchedulerBuffer': 'Bankwise', 'RequestBufferSize': 1, 'RespQueue': 'Reorder', 'RefreshPolicy': 'AllBank', 'RefreshMaxPostponed': 7, 'RefreshMaxPulledin': 2, 'Arbiter': 'Reorder', 'MaxActiveTransactions': 96}",[[7.162082  0.59762   0.0119844]]
0.019865384,"{'PagePolicy': 'ClosedAdaptive', 'Scheduler': 'Fifo', 'SchedulerBuffer': 'Bankwise', 'RequestBufferSize': 1, 'RespQueue': 'Reorder', 'RefreshPolicy': 'NoRefresh', 'RefreshMaxPostponed': 1, 'RefreshMaxPulledin': 8, 'Arbiter': 'Fifo', 'MaxActiveTransactions': 1}",[[ 6.90825   0.57643  11.984416]]
0.019865384,"{'PagePolicy': 'ClosedAdaptive', 'Scheduler': 'Fifo', 'SchedulerBuffer': 'Bankwise', 'RequestBufferSize': 1, 'RespQueue': 'Reorder', 'RefreshPolicy': 'NoRefresh', 'RefreshMaxPostponed': 1, 'RefreshMaxPulledin': 8, 'Arbiter': 'Fifo', 'MaxActiveTransactions': 1}",[[ 6.90825   0.57643  11.984416]]
2.8234649,"{'PagePolicy': 'ClosedAdaptive', 'Scheduler': 'FrFcfs', 'SchedulerBuffer': 'Bankwise', 'RequestBufferSize': 1, 'RespQueue': 'Reorder', 'RefreshPolicy': 'AllBank', 'RefreshMaxPostponed': 7, 'RefreshMaxPulledin': 1, 'Arbiter': 'Reorder', 'MaxActiveTransactions': 101}",[[7.161917  0.5976    0.0119844]]
2.8234649,"{'PagePolicy': 'ClosedAdaptive', 'Scheduler': 'FrFcfs', 'SchedulerBuffer': 'Bankwise', 'RequestBufferSize': 1, 'RespQueue': 'Reorder', 'RefreshPolicy': 'AllBank', 'RefreshMaxPostponed': 7, 'RefreshMaxPulledin': 1, 'Arbiter': 'Reorder', 'MaxActiveTransactions': 101}",[[7.161917  0.5976    0.0119844]]
0.019865384,"{'PagePolicy': 'ClosedAdaptive', 'Scheduler': 'FrFcfs', 'SchedulerBuffer': 'ReadWrite', 'RequestBufferSize': 1, 'RespQueue': 'Reorder', 'RefreshPolicy': 'NoRefresh', 'RefreshMaxPostponed': 1, 'RefreshMaxPulledin': 1, 'Arbiter': 'Reorder', 'MaxActiveTransactions': 1}",[[ 6.90825   0.57643  11.984416]]
0.019865384,"{'PagePolicy': 'ClosedAdaptive', 'Scheduler': 'FrFcfs', 'SchedulerBuffer': 'ReadWrite', 'RequestBufferSize': 1, 'RespQueue': 'Reorder', 'RefreshPolicy': 'NoRefresh', 'RefreshMaxPostponed': 1, 'RefreshMaxPulledin': 1, 'Arbiter': 'Reorder', 'MaxActiveTransactions': 1}",[[ 6.90825   0.57643  11.984416]]
0.020447606,"{'PagePolicy': 'ClosedAdaptive', 'Scheduler': 'Fifo', 'SchedulerBuffer': 'Bankwise', 'RequestBufferSize': 8, 'RespQueue': 'Reorder', 'RefreshPolicy': 'AllBank', 'RefreshMaxPostponed': 1, 'RefreshMaxPulledin': 8, 'Arbiter': 'Fifo', 'MaxActiveTransactions': 99}",[[ 7.0526752  0.58849   11.984396 ]]
0.020447606,"{'PagePolicy': 'ClosedAdaptive', 'Scheduler': 'Fifo', 'SchedulerBuffer': 'Bankwise', 'RequestBufferSize': 8, 'RespQueue': 'Reorder', 'RefreshPolicy': 'AllBank', 'RefreshMaxPostponed': 1, 'RefreshMaxPulledin': 8, 'Arbiter': 'Fifo', 'MaxActiveTransactions': 99}",[[ 7.0526752  0.58849   11.984396 ]]
0.019865384,"{'PagePolicy': 'ClosedAdaptive', 'Scheduler': 'Fifo', 'SchedulerBuffer': 'Shared', 'RequestBufferSize': 8, 'RespQueue': 'Fifo', 'RefreshPolicy': 'NoRefresh', 'RefreshMaxPostponed': 7, 'RefreshMaxPulledin': 8, 'Arbiter': 'Reorder', 'MaxActiveTransactions': 1}",[[ 6.90825   0.57643  11.984416]]
0.019865384,"{'PagePolicy': 'ClosedAdaptive', 'Scheduler': 'Fifo', 'SchedulerBuffer': 'Shared', 'RequestBufferSize': 8, 'RespQueue': 'Fifo', 'RefreshPolicy': 'NoRefresh', 'RefreshMaxPostponed': 7, 'RefreshMaxPulledin': 8, 'Arbiter': 'Reorder', 'MaxActiveTransactions': 1}",[[ 6.90825   0.57643  11.984416]]
2.6823483,"{'PagePolicy': 'ClosedAdaptive', 'Scheduler': 'Fifo', 'SchedulerBuffer': 'Bankwise', 'RequestBufferSize': 1, 'RespQueue': 'Fifo', 'RefreshPolicy': 'NoRefresh', 'RefreshMaxPostponed': 1, 'RefreshMaxPulledin': 1, 'Arbiter': 'Fifo', 'MaxActiveTransactions': 98}",[[6.908241  0.57643   0.0119844]]
2.6823483,"{'PagePolicy': 'ClosedAdaptive', 'Scheduler': 'Fifo', 'SchedulerBuffer': 'Bankwise', 'RequestBufferSize': 1, 'RespQueue': 'Fifo', 'RefreshPolicy': 'NoRefresh', 'RefreshMaxPostponed': 1, 'RefreshMaxPulledin': 1, 'Arbiter': 'Fifo', 'MaxActiveTransactions': 98}",[[6.908241  0.57643   0.0119844]]
2.6823483,"{'PagePolicy': 'ClosedAdaptive', 'Scheduler': 'FrFcfs', 'SchedulerBuffer': 'Bankwise', 'RequestBufferSize': 1, 'RespQueue': 'Reorder', 'RefreshPolicy': 'NoRefresh', 'RefreshMaxPostponed': 1, 'RefreshMaxPulledin': 8, 'Arbiter': 'Simple', 'MaxActiveTransactions': 99}",[[6.908241  0.57643   0.0119844]]
2.6823483,"{'PagePolicy': 'ClosedAdaptive', 'Scheduler': 'FrFcfs', 'SchedulerBuffer': 'Bankwise', 'RequestBufferSize': 1, 'RespQueue': 'Reorder', 'RefreshPolicy': 'NoRefresh', 'RefreshMaxPostponed': 1, 'RefreshMaxPulledin': 8, 'Arbiter': 'Simple', 'MaxActiveTransactions': 99}",[[6.908241  0.57643   0.0119844]]
2.8234649,"{'PagePolicy': 'ClosedAdaptive', 'Scheduler': 'FrFcfs', 'SchedulerBuffer': 'Bankwise', 'RequestBufferSize': 1, 'RespQueue': 'Reorder', 'RefreshPolicy': 'AllBank', 'RefreshMaxPostponed': 7, 'RefreshMaxPulledin': 1, 'Arbiter': 'Reorder', 'MaxActiveTransactions': 95}",[[7.161917  0.5976    0.0119844]]
2.8234649,"{'PagePolicy': 'ClosedAdaptive', 'Scheduler': 'FrFcfs', 'SchedulerBuffer': 'Bankwise', 'RequestBufferSize': 1, 'RespQueue': 'Reorder', 'RefreshPolicy': 'AllBank', 'RefreshMaxPostponed': 7, 'RefreshMaxPulledin': 1, 'Arbiter': 'Reorder', 'MaxActiveTransactions': 95}",[[7.161917  0.5976    0.0119844]]
2.823535,"{'PagePolicy': 'ClosedAdaptive', 'Scheduler': 'FrFcfsGrp', 'SchedulerBuffer': 'ReadWrite', 'RequestBufferSize': 1, 'RespQueue': 'Fifo', 'RefreshPolicy': 'AllBank', 'RefreshMaxPostponed': 1, 'RefreshMaxPulledin': 1, 'Arbiter': 'Reorder', 'MaxActiveTransactions': 98}",[[7.1619883 0.59761   0.0119844]]
2.823535,"{'PagePolicy': 'ClosedAdaptive', 'Scheduler': 'FrFcfsGrp', 'SchedulerBuffer': 'ReadWrite', 'RequestBufferSize': 1, 'RespQueue': 'Fifo', 'RefreshPolicy': 'AllBank', 'RefreshMaxPostponed': 1, 'RefreshMaxPulledin': 1, 'Arbiter': 'Reorder', 'MaxActiveTransactions': 98}",[[7.1619883 0.59761   0.0119844]]
2.6823483,"{'PagePolicy': 'ClosedAdaptive', 'Scheduler': 'Fifo', 'SchedulerBuffer': 'ReadWrite', 'RequestBufferSize': 1, 'RespQueue': 'Reorder', 'RefreshPolicy': 'NoRefresh', 'RefreshMaxPostponed': 8, 'RefreshMaxPulledin': 1, 'Arbiter': 'Reorder', 'MaxActiveTransactions': 99}",[[6.908241  0.57643   0.0119844]]
2.6823483,"{'PagePolicy': 'ClosedAdaptive', 'Scheduler': 'Fifo', 'SchedulerBuffer': 'ReadWrite', 'RequestBufferSize': 1, 'RespQueue': 'Reorder', 'RefreshPolicy': 'NoRefresh', 'RefreshMaxPostponed': 8, 'RefreshMaxPulledin': 1, 'Arbiter': 'Reorder', 'MaxActiveTransactions': 99}",[[6.908241  0.57643   0.0119844]]
2.8236754,"{'PagePolicy': 'ClosedAdaptive', 'Scheduler': 'FrFcfsGrp', 'SchedulerBuffer': 'ReadWrite', 'RequestBufferSize': 1, 'RespQueue': 'Reorder', 'RefreshPolicy': 'AllBank', 'RefreshMaxPostponed': 6, 'RefreshMaxPulledin': 3, 'Arbiter': 'Reorder', 'MaxActiveTransactions': 96}",[[7.162233  0.59763   0.0119844]]
2.8236754,"{'PagePolicy': 'ClosedAdaptive', 'Scheduler': 'FrFcfsGrp', 'SchedulerBuffer': 'ReadWrite', 'RequestBufferSize': 1, 'RespQueue': 'Reorder', 'RefreshPolicy': 'AllBank', 'RefreshMaxPostponed': 6, 'RefreshMaxPulledin': 3, 'Arbiter': 'Reorder', 'MaxActiveTransactions': 96}",[[7.162233  0.59763   0.0119844]]
2.8234649,"{'PagePolicy': 'ClosedAdaptive', 'Scheduler': 'FrFcfsGrp', 'SchedulerBuffer': 'Shared', 'RequestBufferSize': 1, 'RespQueue': 'Reorder', 'RefreshPolicy': 'AllBank', 'RefreshMaxPostponed': 8, 'RefreshMaxPulledin': 1, 'Arbiter': 'Fifo', 'MaxActiveTransactions': 98}",[[7.1619315 0.5976    0.0119844]]
2.8234649,"{'PagePolicy': 'ClosedAdaptive', 'Scheduler': 'FrFcfsGrp', 'SchedulerBuffer': 'Shared', 'RequestBufferSize': 1, 'RespQueue': 'Reorder', 'RefreshPolicy': 'AllBank', 'RefreshMaxPostponed': 8, 'RefreshMaxPulledin': 1, 'Arbiter': 'Fifo', 'MaxActiveTransactions': 98}",[[7.1619315 0.5976    0.0119844]]
2.8241665,"{'PagePolicy': 'ClosedAdaptive', 'Scheduler': 'Fifo', 'SchedulerBuffer': 'Bankwise', 'RequestBufferSize': 1, 'RespQueue': 'Fifo', 'RefreshPolicy': 'AllBank', 'RefreshMaxPostponed': 8, 'RefreshMaxPulledin': 8, 'Arbiter': 'Simple', 'MaxActiveTransactions': 97}",[[7.1630864 0.5977    0.0119844]]
2.8241665,"{'PagePolicy': 'ClosedAdaptive', 'Scheduler': 'Fifo', 'SchedulerBuffer': 'Bankwise', 'RequestBufferSize': 1, 'RespQueue': 'Fifo', 'RefreshPolicy': 'AllBank', 'RefreshMaxPostponed': 8, 'RefreshMaxPulledin': 8, 'Arbiter': 'Simple', 'MaxActiveTransactions': 97}",[[7.1630864 0.5977    0.0119844]]
2.823605,"{'PagePolicy': 'ClosedAdaptive', 'Scheduler': 'Fifo', 'SchedulerBuffer': 'Bankwise', 'RequestBufferSize': 1, 'RespQueue': 'Reorder', 'RefreshPolicy': 'AllBank', 'RefreshMaxPostponed': 1, 'RefreshMaxPulledin': 2, 'Arbiter': 'Reorder', 'MaxActiveTransactions': 98}",[[7.1621532 0.59762   0.0119844]]
2.823605,"{'PagePolicy': 'ClosedAdaptive', 'Scheduler': 'Fifo', 'SchedulerBuffer': 'Bankwise', 'RequestBufferSize': 1, 'RespQueue': 'Reorder', 'RefreshPolicy': 'AllBank', 'RefreshMaxPostponed': 1, 'RefreshMaxPulledin': 2, 'Arbiter': 'Reorder', 'MaxActiveTransactions': 98}",[[7.1621532 0.59762   0.0119844]]
2.8241665,"{'PagePolicy': 'ClosedAdaptive', 'Scheduler': 'FrFcfs', 'SchedulerBuffer': 'Bankwise', 'RequestBufferSize': 1, 'RespQueue': 'Reorder', 'RefreshPolicy': 'AllBank', 'RefreshMaxPostponed': 8, 'RefreshMaxPulledin': 8, 'Arbiter': 'Fifo', 'MaxActiveTransactions': 98}",[[7.1630864 0.5977    0.0119844]]
2.8241665,"{'PagePolicy': 'ClosedAdaptive', 'Scheduler': 'FrFcfs', 'SchedulerBuffer': 'Bankwise', 'RequestBufferSize': 1, 'RespQueue': 'Reorder', 'RefreshPolicy': 'AllBank', 'RefreshMaxPostponed': 8, 'RefreshMaxPulledin': 8, 'Arbiter': 'Fifo', 'MaxActiveTransactions': 98}",[[7.1630864 0.5977    0.0119844]]
2.823535,"{'PagePolicy': 'ClosedAdaptive', 'Scheduler': 'Fifo', 'SchedulerBuffer': 'Shared', 'RequestBufferSize': 1, 'RespQueue': 'Fifo', 'RefreshPolicy': 'AllBank', 'RefreshMaxPostponed': 1, 'RefreshMaxPulledin': 1, 'Arbiter': 'Simple', 'MaxActiveTransactions': 98}",[[7.1619883 0.59761   0.0119844]]
2.823535,"{'PagePolicy': 'ClosedAdaptive', 'Scheduler': 'Fifo', 'SchedulerBuffer': 'Shared', 'RequestBufferSize': 1, 'RespQueue': 'Fifo', 'RefreshPolicy': 'AllBank', 'RefreshMaxPostponed': 1, 'RefreshMaxPulledin': 1, 'Arbiter': 'Simple', 'MaxActiveTransactions': 98}",[[7.1619883 0.59761   0.0119844]]
2.8241665,"{'PagePolicy': 'ClosedAdaptive', 'Scheduler': 'Fifo', 'SchedulerBuffer': 'Bankwise', 'RequestBufferSize': 1, 'RespQueue': 'Fifo', 'RefreshPolicy': 'AllBank', 'RefreshMaxPostponed': 8, 'RefreshMaxPulledin': 8, 'Arbiter': 'Simple', 'MaxActiveTransactions': 125}",[[7.1630864 0.5977    0.0119844]]
2.8241665,"{'PagePolicy': 'ClosedAdaptive', 'Scheduler': 'Fifo', 'SchedulerBuffer': 'Bankwise', 'RequestBufferSize': 1, 'RespQueue': 'Fifo', 'RefreshPolicy': 'AllBank', 'RefreshMaxPostponed': 8, 'RefreshMaxPulledin': 8, 'Arbiter': 'Simple', 'MaxActiveTransactions': 125}",[[7.1630864 0.5977    0.0119844]]
2.8241665,"{'PagePolicy': 'ClosedAdaptive', 'Scheduler': 'FrFcfsGrp', 'SchedulerBuffer': 'Shared', 'RequestBufferSize': 1, 'RespQueue': 'Fifo', 'RefreshPolicy': 'AllBank', 'RefreshMaxPostponed': 1, 'RefreshMaxPulledin': 8, 'Arbiter': 'Fifo', 'MaxActiveTransactions': 128}",[[7.1631436 0.5977    0.0119844]]
2.8241665,"{'PagePolicy': 'ClosedAdaptive', 'Scheduler': 'FrFcfsGrp', 'SchedulerBuffer': 'Shared', 'RequestBufferSize': 1, 'RespQueue': 'Fifo', 'RefreshPolicy': 'AllBank', 'RefreshMaxPostponed': 1, 'RefreshMaxPulledin': 8, 'Arbiter': 'Fifo', 'MaxActiveTransactions': 128}",[[7.1631436 0.5977    0.0119844]]
0.020462027,"{'PagePolicy': 'ClosedAdaptive', 'Scheduler': 'FrFcfs', 'SchedulerBuffer': 'Bankwise', 'RequestBufferSize': 2, 'RespQueue': 'Fifo', 'RefreshPolicy': 'AllBank', 'RefreshMaxPostponed': 6, 'RefreshMaxPulledin': 5, 'Arbiter': 'Simple', 'MaxActiveTransactions': 127}",[[ 7.056156  0.58878  11.984396]]
0.020462027,"{'PagePolicy': 'ClosedAdaptive', 'Scheduler': 'FrFcfs', 'SchedulerBuffer': 'Bankwise', 'RequestBufferSize': 2, 'RespQueue': 'Fifo', 'RefreshPolicy': 'AllBank', 'RefreshMaxPostponed': 6, 'RefreshMaxPulledin': 5, 'Arbiter': 'Simple', 'MaxActiveTransactions': 127}",[[ 7.056156  0.58878  11.984396]]
2.8234649,"{'PagePolicy': 'ClosedAdaptive', 'Scheduler': 'FrFcfsGrp', 'SchedulerBuffer': 'ReadWrite', 'RequestBufferSize': 1, 'RespQueue': 'Fifo', 'RefreshPolicy': 'AllBank', 'RefreshMaxPostponed': 8, 'RefreshMaxPulledin': 1, 'Arbiter': 'Fifo', 'MaxActiveTransactions': 120}",[[7.1619315 0.5976    0.0119844]]
2.8234649,"{'PagePolicy': 'ClosedAdaptive', 'Scheduler': 'FrFcfsGrp', 'SchedulerBuffer': 'ReadWrite', 'RequestBufferSize': 1, 'RespQueue': 'Fifo', 'RefreshPolicy': 'AllBank', 'RefreshMaxPostponed': 8, 'RefreshMaxPulledin': 1, 'Arbiter': 'Fifo', 'MaxActiveTransactions': 120}",[[7.1619315 0.5976    0.0119844]]
2.8234649,"{'PagePolicy': 'ClosedAdaptive', 'Scheduler': 'Fifo', 'SchedulerBuffer': 'ReadWrite', 'RequestBufferSize': 1, 'RespQueue': 'Fifo', 'RefreshPolicy': 'AllBank', 'RefreshMaxPostponed': 8, 'RefreshMaxPulledin': 1, 'Arbiter': 'Reorder', 'MaxActiveTransactions': 128}",[[7.1619315 0.5976    0.0119844]]
2.8234649,"{'PagePolicy': 'ClosedAdaptive', 'Scheduler': 'Fifo', 'SchedulerBuffer': 'ReadWrite', 'RequestBufferSize': 1, 'RespQueue': 'Fifo', 'RefreshPolicy': 'AllBank', 'RefreshMaxPostponed': 8, 'RefreshMaxPulledin': 1, 'Arbiter': 'Reorder', 'MaxActiveTransactions': 128}",[[7.1619315 0.5976    0.0119844]]
2.8241665,"{'PagePolicy': 'ClosedAdaptive', 'Scheduler': 'FrFcfs', 'SchedulerBuffer': 'Bankwise', 'RequestBufferSize': 1, 'RespQueue': 'Reorder', 'RefreshPolicy': 'AllBank', 'RefreshMaxPostponed': 1, 'RefreshMaxPulledin': 8, 'Arbiter': 'Reorder', 'MaxActiveTransactions': 123}",[[7.1631436 0.5977    0.0119844]]
2.8241665,"{'PagePolicy': 'ClosedAdaptive', 'Scheduler': 'FrFcfs', 'SchedulerBuffer': 'Bankwise', 'RequestBufferSize': 1, 'RespQueue': 'Reorder', 'RefreshPolicy': 'AllBank', 'RefreshMaxPostponed': 1, 'RefreshMaxPulledin': 8, 'Arbiter': 'Reorder', 'MaxActiveTransactions': 123}",[[7.1631436 0.5977    0.0119844]]
2.8234649,"{'PagePolicy': 'ClosedAdaptive', 'Scheduler': 'Fifo', 'SchedulerBuffer': 'Bankwise', 'RequestBufferSize': 1, 'RespQueue': 'Reorder', 'RefreshPolicy': 'AllBank', 'RefreshMaxPostponed': 8, 'RefreshMaxPulledin': 1, 'Arbiter': 'Fifo', 'MaxActiveTransactions': 127}",[[7.1619315 0.5976    0.0119844]]
2.8234649,"{'PagePolicy': 'ClosedAdaptive', 'Scheduler': 'Fifo', 'SchedulerBuffer': 'Bankwise', 'RequestBufferSize': 1, 'RespQueue': 'Reorder', 'RefreshPolicy': 'AllBank', 'RefreshMaxPostponed': 8, 'RefreshMaxPulledin': 1, 'Arbiter': 'Fifo', 'MaxActiveTransactions': 127}",[[7.1619315 0.5976    0.0119844]]
2.8241665,"{'PagePolicy': 'ClosedAdaptive', 'Scheduler': 'FrFcfs', 'SchedulerBuffer': 'ReadWrite', 'RequestBufferSize': 1, 'RespQueue': 'Fifo', 'RefreshPolicy': 'AllBank', 'RefreshMaxPostponed': 8, 'RefreshMaxPulledin': 8, 'Arbiter': 'Simple', 'MaxActiveTransactions': 126}",[[7.1630864 0.5977    0.0119844]]
2.8241665,"{'PagePolicy': 'ClosedAdaptive', 'Scheduler': 'FrFcfs', 'SchedulerBuffer': 'ReadWrite', 'RequestBufferSize': 1, 'RespQueue': 'Fifo', 'RefreshPolicy': 'AllBank', 'RefreshMaxPostponed': 8, 'RefreshMaxPulledin': 8, 'Arbiter': 'Simple', 'MaxActiveTransactions': 126}",[[7.1630864 0.5977    0.0119844]]
2.823535,"{'PagePolicy': 'ClosedAdaptive', 'Scheduler': 'FrFcfsGrp', 'SchedulerBuffer': 'Bankwise', 'RequestBufferSize': 1, 'RespQueue': 'Fifo', 'RefreshPolicy': 'AllBank', 'RefreshMaxPostponed': 1, 'RefreshMaxPulledin': 1, 'Arbiter': 'Simple', 'MaxActiveTransactions': 126}",[[7.1619883 0.59761   0.0119844]]
2.823535,"{'PagePolicy': 'ClosedAdaptive', 'Scheduler': 'FrFcfsGrp', 'SchedulerBuffer': 'Bankwise', 'RequestBufferSize': 1, 'RespQueue': 'Fifo', 'RefreshPolicy': 'AllBank', 'RefreshMaxPostponed': 1, 'RefreshMaxPulledin': 1, 'Arbiter': 'Simple', 'MaxActiveTransactions': 126}",[[7.1619883 0.59761   0.0119844]]
2.8234649,"{'PagePolicy': 'ClosedAdaptive', 'Scheduler': 'Fifo', 'SchedulerBuffer': 'Shared', 'RequestBufferSize': 1, 'RespQueue': 'Reorder', 'RefreshPolicy': 'AllBank', 'RefreshMaxPostponed': 8, 'RefreshMaxPulledin': 1, 'Arbiter': 'Simple', 'MaxActiveTransactions': 126}",[[7.1619315 0.5976    0.0119844]]
2.8234649,"{'PagePolicy': 'ClosedAdaptive', 'Scheduler': 'Fifo', 'SchedulerBuffer': 'Shared', 'RequestBufferSize': 1, 'RespQueue': 'Reorder', 'RefreshPolicy': 'AllBank', 'RefreshMaxPostponed': 8, 'RefreshMaxPulledin': 1, 'Arbiter': 'Simple', 'MaxActiveTransactions': 126}",[[7.1619315 0.5976    0.0119844]]
2.8241665,"{'PagePolicy': 'ClosedAdaptive', 'Scheduler': 'Fifo', 'SchedulerBuffer': 'Bankwise', 'RequestBufferSize': 1, 'RespQueue': 'Fifo', 'RefreshPolicy': 'AllBank', 'RefreshMaxPostponed': 1, 'RefreshMaxPulledin': 8, 'Arbiter': 'Simple', 'MaxActiveTransactions': 102}",[[7.1631436 0.5977    0.0119844]]
2.8241665,"{'PagePolicy': 'ClosedAdaptive', 'Scheduler': 'Fifo', 'SchedulerBuffer': 'Bankwise', 'RequestBufferSize': 1, 'RespQueue': 'Fifo', 'RefreshPolicy': 'AllBank', 'RefreshMaxPostponed': 1, 'RefreshMaxPulledin': 8, 'Arbiter': 'Simple', 'MaxActiveTransactions': 102}",[[7.1631436 0.5977    0.0119844]]
2.8241665,"{'PagePolicy': 'ClosedAdaptive', 'Scheduler': 'FrFcfsGrp', 'SchedulerBuffer': 'Bankwise', 'RequestBufferSize': 1, 'RespQueue': 'Reorder', 'RefreshPolicy': 'AllBank', 'RefreshMaxPostponed': 8, 'RefreshMaxPulledin': 8, 'Arbiter': 'Reorder', 'MaxActiveTransactions': 125}",[[7.1630864 0.5977    0.0119844]]
2.8241665,"{'PagePolicy': 'ClosedAdaptive', 'Scheduler': 'FrFcfsGrp', 'SchedulerBuffer': 'Bankwise', 'RequestBufferSize': 1, 'RespQueue': 'Reorder', 'RefreshPolicy': 'AllBank', 'RefreshMaxPostponed': 8, 'RefreshMaxPulledin': 8, 'Arbiter': 'Reorder', 'MaxActiveTransactions': 125}",[[7.1630864 0.5977    0.0119844]]
2.8234649,"{'PagePolicy': 'ClosedAdaptive', 'Scheduler': 'FrFcfs', 'SchedulerBuffer': 'Shared', 'RequestBufferSize': 1, 'RespQueue': 'Fifo', 'RefreshPolicy': 'AllBank', 'RefreshMaxPostponed': 8, 'RefreshMaxPulledin': 1, 'Arbiter': 'Fifo', 'MaxActiveTransactions': 125}",[[7.1619315 0.5976    0.0119844]]
2.8234649,"{'PagePolicy': 'ClosedAdaptive', 'Scheduler': 'FrFcfs', 'SchedulerBuffer': 'Shared', 'RequestBufferSize': 1, 'RespQueue': 'Fifo', 'RefreshPolicy': 'AllBank', 'RefreshMaxPostponed': 8, 'RefreshMaxPulledin': 1, 'Arbiter': 'Fifo', 'MaxActiveTransactions': 125}",[[7.1619315 0.5976    0.0119844]]
2.8241665,"{'PagePolicy': 'ClosedAdaptive', 'Scheduler': 'Fifo', 'SchedulerBuffer': 'Shared', 'RequestBufferSize': 1, 'RespQueue': 'Reorder', 'RefreshPolicy': 'AllBank', 'RefreshMaxPostponed': 8, 'RefreshMaxPulledin': 8, 'Arbiter': 'Simple', 'MaxActiveTransactions': 126}",[[7.1630864 0.5977    0.0119844]]
2.8241665,"{'PagePolicy': 'ClosedAdaptive', 'Scheduler': 'Fifo', 'SchedulerBuffer': 'Shared', 'RequestBufferSize': 1, 'RespQueue': 'Reorder', 'RefreshPolicy': 'AllBank', 'RefreshMaxPostponed': 8, 'RefreshMaxPulledin': 8, 'Arbiter': 'Simple', 'MaxActiveTransactions': 126}",[[7.1630864 0.5977    0.0119844]]
2.8234649,"{'PagePolicy': 'ClosedAdaptive', 'Scheduler': 'FrFcfsGrp', 'SchedulerBuffer': 'Bankwise', 'RequestBufferSize': 1, 'RespQueue': 'Reorder', 'RefreshPolicy': 'AllBank', 'RefreshMaxPostponed': 8, 'RefreshMaxPulledin': 1, 'Arbiter': 'Simple', 'MaxActiveTransactions': 100}",[[7.1619315 0.5976    0.0119844]]
2.8234649,"{'PagePolicy': 'ClosedAdaptive', 'Scheduler': 'FrFcfsGrp', 'SchedulerBuffer': 'Bankwise', 'RequestBufferSize': 1, 'RespQueue': 'Reorder', 'RefreshPolicy': 'AllBank', 'RefreshMaxPostponed': 8, 'RefreshMaxPulledin': 1, 'Arbiter': 'Simple', 'MaxActiveTransactions': 100}",[[7.1619315 0.5976    0.0119844]]
0.020440156,"{'PagePolicy': 'ClosedAdaptive', 'Scheduler': 'Fifo', 'SchedulerBuffer': 'ReadWrite', 'RequestBufferSize': 6, 'RespQueue': 'Reorder', 'RefreshPolicy': 'AllBank', 'RefreshMaxPostponed': 5, 'RefreshMaxPulledin': 4, 'Arbiter': 'Reorder', 'MaxActiveTransactions': 119}",[[ 7.0509324  0.58834   11.984396 ]]
0.020440156,"{'PagePolicy': 'ClosedAdaptive', 'Scheduler': 'Fifo', 'SchedulerBuffer': 'ReadWrite', 'RequestBufferSize': 6, 'RespQueue': 'Reorder', 'RefreshPolicy': 'AllBank', 'RefreshMaxPostponed': 5, 'RefreshMaxPulledin': 4, 'Arbiter': 'Reorder', 'MaxActiveTransactions': 119}",[[ 7.0509324  0.58834   11.984396 ]]
2.713288,"{'PagePolicy': 'Open', 'Scheduler': 'Fifo', 'SchedulerBuffer': 'Shared', 'RequestBufferSize': 1, 'RespQueue': 'Fifo', 'RefreshPolicy': 'AllBank', 'RefreshMaxPostponed': 4, 'RefreshMaxPulledin': 8, 'Arbiter': 'Simple', 'MaxActiveTransactions': 125}",[[6.966109  0.58126   0.0119844]]
2.713288,"{'PagePolicy': 'Open', 'Scheduler': 'Fifo', 'SchedulerBuffer': 'Shared', 'RequestBufferSize': 1, 'RespQueue': 'Fifo', 'RefreshPolicy': 'AllBank', 'RefreshMaxPostponed': 4, 'RefreshMaxPulledin': 8, 'Arbiter': 'Simple', 'MaxActiveTransactions': 125}",[[6.966109  0.58126   0.0119844]]
2.8241665,"{'PagePolicy': 'Closed', 'Scheduler': 'Fifo', 'SchedulerBuffer': 'Bankwise', 'RequestBufferSize': 1, 'RespQueue': 'Reorder', 'RefreshPolicy': 'AllBank', 'RefreshMaxPostponed': 8, 'RefreshMaxPulledin': 8, 'Arbiter': 'Fifo', 'MaxActiveTransactions': 127}",[[7.1630864 0.5977    0.0119844]]
2.8241665,"{'PagePolicy': 'Closed', 'Scheduler': 'Fifo', 'SchedulerBuffer': 'Bankwise', 'RequestBufferSize': 1, 'RespQueue': 'Reorder', 'RefreshPolicy': 'AllBank', 'RefreshMaxPostponed': 8, 'RefreshMaxPulledin': 8, 'Arbiter': 'Fifo', 'MaxActiveTransactions': 127}",[[7.1630864 0.5977    0.0119844]]
2.8241665,"{'PagePolicy': 'Closed', 'Scheduler': 'FrFcfs', 'SchedulerBuffer': 'Shared', 'RequestBufferSize': 1, 'RespQueue': 'Fifo', 'RefreshPolicy': 'AllBank', 'RefreshMaxPostponed': 8, 'RefreshMaxPulledin': 8, 'Arbiter': 'Simple', 'MaxActiveTransactions': 97}",[[7.1630864 0.5977    0.0119844]]
2.8241665,"{'PagePolicy': 'Closed', 'Scheduler': 'FrFcfs', 'SchedulerBuffer': 'Shared', 'RequestBufferSize': 1, 'RespQueue': 'Fifo', 'RefreshPolicy': 'AllBank', 'RefreshMaxPostponed': 8, 'RefreshMaxPulledin': 8, 'Arbiter': 'Simple', 'MaxActiveTransactions': 97}",[[7.1630864 0.5977    0.0119844]]
2.8241665,"{'PagePolicy': 'Closed', 'Scheduler': 'Fifo', 'SchedulerBuffer': 'Bankwise', 'RequestBufferSize': 1, 'RespQueue': 'Fifo', 'RefreshPolicy': 'AllBank', 'RefreshMaxPostponed': 8, 'RefreshMaxPulledin': 8, 'Arbiter': 'Fifo', 'MaxActiveTransactions': 128}",[[7.1630864 0.5977    0.0119844]]
2.8241665,"{'PagePolicy': 'Closed', 'Scheduler': 'Fifo', 'SchedulerBuffer': 'Bankwise', 'RequestBufferSize': 1, 'RespQueue': 'Fifo', 'RefreshPolicy': 'AllBank', 'RefreshMaxPostponed': 8, 'RefreshMaxPulledin': 8, 'Arbiter': 'Fifo', 'MaxActiveTransactions': 128}",[[7.1630864 0.5977    0.0119844]]
2.8241665,"{'PagePolicy': 'Closed', 'Scheduler': 'Fifo', 'SchedulerBuffer': 'Bankwise', 'RequestBufferSize': 1, 'RespQueue': 'Fifo', 'RefreshPolicy': 'AllBank', 'RefreshMaxPostponed': 8, 'RefreshMaxPulledin': 8, 'Arbiter': 'Reorder', 'MaxActiveTransactions': 99}",[[7.1630864 0.5977    0.0119844]]
2.8241665,"{'PagePolicy': 'Closed', 'Scheduler': 'Fifo', 'SchedulerBuffer': 'Bankwise', 'RequestBufferSize': 1, 'RespQueue': 'Fifo', 'RefreshPolicy': 'AllBank', 'RefreshMaxPostponed': 8, 'RefreshMaxPulledin': 8, 'Arbiter': 'Reorder', 'MaxActiveTransactions': 99}",[[7.1630864 0.5977    0.0119844]]
2.8241665,"{'PagePolicy': 'Closed', 'Scheduler': 'Fifo', 'SchedulerBuffer': 'ReadWrite', 'RequestBufferSize': 1, 'RespQueue': 'Reorder', 'RefreshPolicy': 'AllBank', 'RefreshMaxPostponed': 1, 'RefreshMaxPulledin': 8, 'Arbiter': 'Simple', 'MaxActiveTransactions': 127}",[[7.1631436 0.5977    0.0119844]]
2.8241665,"{'PagePolicy': 'Closed', 'Scheduler': 'Fifo', 'SchedulerBuffer': 'ReadWrite', 'RequestBufferSize': 1, 'RespQueue': 'Reorder', 'RefreshPolicy': 'AllBank', 'RefreshMaxPostponed': 1, 'RefreshMaxPulledin': 8, 'Arbiter': 'Simple', 'MaxActiveTransactions': 127}",[[7.1631436 0.5977    0.0119844]]
2.8240964,"{'PagePolicy': 'Closed', 'Scheduler': 'Fifo', 'SchedulerBuffer': 'Shared', 'RequestBufferSize': 1, 'RespQueue': 'Fifo', 'RefreshPolicy': 'AllBank', 'RefreshMaxPostponed': 8, 'RefreshMaxPulledin': 7, 'Arbiter': 'Reorder', 'MaxActiveTransactions': 128}",[[7.1629214 0.59769   0.0119844]]
2.8240964,"{'PagePolicy': 'Closed', 'Scheduler': 'Fifo', 'SchedulerBuffer': 'Shared', 'RequestBufferSize': 1, 'RespQueue': 'Fifo', 'RefreshPolicy': 'AllBank', 'RefreshMaxPostponed': 8, 'RefreshMaxPulledin': 7, 'Arbiter': 'Reorder', 'MaxActiveTransactions': 128}",[[7.1629214 0.59769   0.0119844]]
2.8241665,"{'PagePolicy': 'Closed', 'Scheduler': 'Fifo', 'SchedulerBuffer': 'ReadWrite', 'RequestBufferSize': 1, 'RespQueue': 'Reorder', 'RefreshPolicy': 'AllBank', 'RefreshMaxPostponed': 8, 'RefreshMaxPulledin': 8, 'Arbiter': 'Simple', 'MaxActiveTransactions': 127}",[[7.1630864 0.5977    0.0119844]]
2.8241665,"{'PagePolicy': 'Closed', 'Scheduler': 'Fifo', 'SchedulerBuffer': 'ReadWrite', 'RequestBufferSize': 1, 'RespQueue': 'Reorder', 'RefreshPolicy': 'AllBank', 'RefreshMaxPostponed': 8, 'RefreshMaxPulledin': 8, 'Arbiter': 'Simple', 'MaxActiveTransactions': 127}",[[7.1630864 0.5977    0.0119844]]
2.8241665,"{'PagePolicy': 'Closed', 'Scheduler': 'FrFcfsGrp', 'SchedulerBuffer': 'Bankwise', 'RequestBufferSize': 1, 'RespQueue': 'Fifo', 'RefreshPolicy': 'AllBank', 'RefreshMaxPostponed': 8, 'RefreshMaxPulledin': 8, 'Arbiter': 'Reorder', 'MaxActiveTransactions': 101}",[[7.1630864 0.5977    0.0119844]]
2.8241665,"{'PagePolicy': 'Closed', 'Scheduler': 'FrFcfsGrp', 'SchedulerBuffer': 'Bankwise', 'RequestBufferSize': 1, 'RespQueue': 'Fifo', 'RefreshPolicy': 'AllBank', 'RefreshMaxPostponed': 8, 'RefreshMaxPulledin': 8, 'Arbiter': 'Reorder', 'MaxActiveTransactions': 101}",[[7.1630864 0.5977    0.0119844]]
2.8241665,"{'PagePolicy': 'Closed', 'Scheduler': 'FrFcfs', 'SchedulerBuffer': 'ReadWrite', 'RequestBufferSize': 1, 'RespQueue': 'Fifo', 'RefreshPolicy': 'AllBank', 'RefreshMaxPostponed': 8, 'RefreshMaxPulledin': 8, 'Arbiter': 'Fifo', 'MaxActiveTransactions': 128}",[[7.1630864 0.5977    0.0119844]]
2.8241665,"{'PagePolicy': 'Closed', 'Scheduler': 'FrFcfs', 'SchedulerBuffer': 'ReadWrite', 'RequestBufferSize': 1, 'RespQueue': 'Fifo', 'RefreshPolicy': 'AllBank', 'RefreshMaxPostponed': 8, 'RefreshMaxPulledin': 8, 'Arbiter': 'Fifo', 'MaxActiveTransactions': 128}",[[7.1630864 0.5977    0.0119844]]
2.8241665,"{'PagePolicy': 'Closed', 'Scheduler': 'Fifo', 'SchedulerBuffer': 'ReadWrite', 'RequestBufferSize': 1, 'RespQueue': 'Fifo', 'RefreshPolicy': 'AllBank', 'RefreshMaxPostponed': 7, 'RefreshMaxPulledin': 8, 'Arbiter': 'Fifo', 'MaxActiveTransactions': 103}",[[7.163072  0.5977    0.0119844]]
2.8241665,"{'PagePolicy': 'Closed', 'Scheduler': 'Fifo', 'SchedulerBuffer': 'ReadWrite', 'RequestBufferSize': 1, 'RespQueue': 'Fifo', 'RefreshPolicy': 'AllBank', 'RefreshMaxPostponed': 7, 'RefreshMaxPulledin': 8, 'Arbiter': 'Fifo', 'MaxActiveTransactions': 103}",[[7.163072  0.5977    0.0119844]]
2.8240964,"{'PagePolicy': 'Closed', 'Scheduler': 'FrFcfsGrp', 'SchedulerBuffer': 'Shared', 'RequestBufferSize': 1, 'RespQueue': 'Fifo', 'RefreshPolicy': 'AllBank', 'RefreshMaxPostponed': 1, 'RefreshMaxPulledin': 7, 'Arbiter': 'Simple', 'MaxActiveTransactions': 100}",[[7.1629786 0.59769   0.0119844]]
2.8240964,"{'PagePolicy': 'Closed', 'Scheduler': 'FrFcfsGrp', 'SchedulerBuffer': 'Shared', 'RequestBufferSize': 1, 'RespQueue': 'Fifo', 'RefreshPolicy': 'AllBank', 'RefreshMaxPostponed': 1, 'RefreshMaxPulledin': 7, 'Arbiter': 'Simple', 'MaxActiveTransactions': 100}",[[7.1629786 0.59769   0.0119844]]
2.8241665,"{'PagePolicy': 'Closed', 'Scheduler': 'Fifo', 'SchedulerBuffer': 'ReadWrite', 'RequestBufferSize': 1, 'RespQueue': 'Fifo', 'RefreshPolicy': 'AllBank', 'RefreshMaxPostponed': 4, 'RefreshMaxPulledin': 8, 'Arbiter': 'Reorder', 'MaxActiveTransactions': 124}",[[7.1630435 0.5977    0.0119844]]
2.8241665,"{'PagePolicy': 'Closed', 'Scheduler': 'Fifo', 'SchedulerBuffer': 'ReadWrite', 'RequestBufferSize': 1, 'RespQueue': 'Fifo', 'RefreshPolicy': 'AllBank', 'RefreshMaxPostponed': 4, 'RefreshMaxPulledin': 8, 'Arbiter': 'Reorder', 'MaxActiveTransactions': 124}",[[7.1630435 0.5977    0.0119844]]
2.8236754,"{'PagePolicy': 'Closed', 'Scheduler': 'Fifo', 'SchedulerBuffer': 'Bankwise', 'RequestBufferSize': 1, 'RespQueue': 'Reorder', 'RefreshPolicy': 'AllBank', 'RefreshMaxPostponed': 8, 'RefreshMaxPulledin': 3, 'Arbiter': 'Simple', 'MaxActiveTransactions': 128}",[[7.1622615 0.59763   0.0119844]]
2.8236754,"{'PagePolicy': 'Closed', 'Scheduler': 'Fifo', 'SchedulerBuffer': 'Bankwise', 'RequestBufferSize': 1, 'RespQueue': 'Reorder', 'RefreshPolicy': 'AllBank', 'RefreshMaxPostponed': 8, 'RefreshMaxPulledin': 3, 'Arbiter': 'Simple', 'MaxActiveTransactions': 128}",[[7.1622615 0.59763   0.0119844]]
2.8241665,"{'PagePolicy': 'Closed', 'Scheduler': 'Fifo', 'SchedulerBuffer': 'Shared', 'RequestBufferSize': 1, 'RespQueue': 'Fifo', 'RefreshPolicy': 'AllBank', 'RefreshMaxPostponed': 8, 'RefreshMaxPulledin': 8, 'Arbiter': 'Simple', 'MaxActiveTransactions': 101}",[[7.1630864 0.5977    0.0119844]]
2.8241665,"{'PagePolicy': 'Closed', 'Scheduler': 'Fifo', 'SchedulerBuffer': 'Shared', 'RequestBufferSize': 1, 'RespQueue': 'Fifo', 'RefreshPolicy': 'AllBank', 'RefreshMaxPostponed': 8, 'RefreshMaxPulledin': 8, 'Arbiter': 'Simple', 'MaxActiveTransactions': 101}",[[7.1630864 0.5977    0.0119844]]
2.8241665,"{'PagePolicy': 'Closed', 'Scheduler': 'Fifo', 'SchedulerBuffer': 'Bankwise', 'RequestBufferSize': 1, 'RespQueue': 'Fifo', 'RefreshPolicy': 'AllBank', 'RefreshMaxPostponed': 8, 'RefreshMaxPulledin': 8, 'Arbiter': 'Reorder', 'MaxActiveTransactions': 127}",[[7.1630864 0.5977    0.0119844]]
2.8241665,"{'PagePolicy': 'Closed', 'Scheduler': 'Fifo', 'SchedulerBuffer': 'Bankwise', 'RequestBufferSize': 1, 'RespQueue': 'Fifo', 'RefreshPolicy': 'AllBank', 'RefreshMaxPostponed': 8, 'RefreshMaxPulledin': 8, 'Arbiter': 'Reorder', 'MaxActiveTransactions': 127}",[[7.1630864 0.5977    0.0119844]]
2.8241665,"{'PagePolicy': 'Closed', 'Scheduler': 'Fifo', 'SchedulerBuffer': 'Shared', 'RequestBufferSize': 1, 'RespQueue': 'Fifo', 'RefreshPolicy': 'AllBank', 'RefreshMaxPostponed': 3, 'RefreshMaxPulledin': 8, 'Arbiter': 'Reorder', 'MaxActiveTransactions': 100}",[[7.163072  0.5977    0.0119844]]
2.8241665,"{'PagePolicy': 'Closed', 'Scheduler': 'Fifo', 'SchedulerBuffer': 'Shared', 'RequestBufferSize': 1, 'RespQueue': 'Fifo', 'RefreshPolicy': 'AllBank', 'RefreshMaxPostponed': 3, 'RefreshMaxPulledin': 8, 'Arbiter': 'Reorder', 'MaxActiveTransactions': 100}",[[7.163072  0.5977    0.0119844]]
2.8241665,"{'PagePolicy': 'Closed', 'Scheduler': 'FrFcfs', 'SchedulerBuffer': 'Shared', 'RequestBufferSize': 1, 'RespQueue': 'Reorder', 'RefreshPolicy': 'AllBank', 'RefreshMaxPostponed': 8, 'RefreshMaxPulledin': 8, 'Arbiter': 'Simple', 'MaxActiveTransactions': 127}",[[7.1630864 0.5977    0.0119844]]
2.8241665,"{'PagePolicy': 'Closed', 'Scheduler': 'FrFcfs', 'SchedulerBuffer': 'Shared', 'RequestBufferSize': 1, 'RespQueue': 'Reorder', 'RefreshPolicy': 'AllBank', 'RefreshMaxPostponed': 8, 'RefreshMaxPulledin': 8, 'Arbiter': 'Simple', 'MaxActiveTransactions': 127}",[[7.1630864 0.5977    0.0119844]]
2.8240964,"{'PagePolicy': 'Closed', 'Scheduler': 'FrFcfsGrp', 'SchedulerBuffer': 'Bankwise', 'RequestBufferSize': 1, 'RespQueue': 'Reorder', 'RefreshPolicy': 'AllBank', 'RefreshMaxPostponed': 2, 'RefreshMaxPulledin': 8, 'Arbiter': 'Reorder', 'MaxActiveTransactions': 123}",[[7.163029  0.59769   0.0119844]]
2.8240964,"{'PagePolicy': 'Closed', 'Scheduler': 'FrFcfsGrp', 'SchedulerBuffer': 'Bankwise', 'RequestBufferSize': 1, 'RespQueue': 'Reorder', 'RefreshPolicy': 'AllBank', 'RefreshMaxPostponed': 2, 'RefreshMaxPulledin': 8, 'Arbiter': 'Reorder', 'MaxActiveTransactions': 123}",[[7.163029  0.59769   0.0119844]]
2.8241665,"{'PagePolicy': 'Closed', 'Scheduler': 'FrFcfs', 'SchedulerBuffer': 'ReadWrite', 'RequestBufferSize': 1, 'RespQueue': 'Fifo', 'RefreshPolicy': 'AllBank', 'RefreshMaxPostponed': 1, 'RefreshMaxPulledin': 8, 'Arbiter': 'Simple', 'MaxActiveTransactions': 128}",[[7.1631436 0.5977    0.0119844]]
2.8241665,"{'PagePolicy': 'Closed', 'Scheduler': 'FrFcfs', 'SchedulerBuffer': 'ReadWrite', 'RequestBufferSize': 1, 'RespQueue': 'Fifo', 'RefreshPolicy': 'AllBank', 'RefreshMaxPostponed': 1, 'RefreshMaxPulledin': 8, 'Arbiter': 'Simple', 'MaxActiveTransactions': 128}",[[7.1631436 0.5977    0.0119844]]
2.8237455,"{'PagePolicy': 'Closed', 'Scheduler': 'FrFcfs', 'SchedulerBuffer': 'Shared', 'RequestBufferSize': 1, 'RespQueue': 'Reorder', 'RefreshPolicy': 'AllBank', 'RefreshMaxPostponed': 7, 'RefreshMaxPulledin': 4, 'Arbiter': 'Reorder', 'MaxActiveTransactions': 101}",[[7.162412  0.59764   0.0119844]]
2.8237455,"{'PagePolicy': 'Closed', 'Scheduler': 'FrFcfs', 'SchedulerBuffer': 'Shared', 'RequestBufferSize': 1, 'RespQueue': 'Reorder', 'RefreshPolicy': 'AllBank', 'RefreshMaxPostponed': 7, 'RefreshMaxPulledin': 4, 'Arbiter': 'Reorder', 'MaxActiveTransactions': 101}",[[7.162412  0.59764   0.0119844]]
0.020091644,"{'PagePolicy': 'OpenAdaptive', 'Scheduler': 'FrFcfsGrp', 'SchedulerBuffer': 'Shared', 'RequestBufferSize': 6, 'RespQueue': 'Fifo', 'RefreshPolicy': 'AllBank', 'RefreshMaxPostponed': 6, 'RefreshMaxPulledin': 2, 'Arbiter': 'Fifo', 'MaxActiveTransactions': 1}",[[ 6.9653554  0.5812    11.984416 ]]
0.020091644,"{'PagePolicy': 'OpenAdaptive', 'Scheduler': 'FrFcfsGrp', 'SchedulerBuffer': 'Shared', 'RequestBufferSize': 6, 'RespQueue': 'Fifo', 'RefreshPolicy': 'AllBank', 'RefreshMaxPostponed': 6, 'RefreshMaxPulledin': 2, 'Arbiter': 'Fifo', 'MaxActiveTransactions': 1}",[[ 6.9653554  0.5812    11.984416 ]]
2.8240964,"{'PagePolicy': 'Closed', 'Scheduler': 'FrFcfsGrp', 'SchedulerBuffer': 'Bankwise', 'RequestBufferSize': 1, 'RespQueue': 'Reorder', 'RefreshPolicy': 'AllBank', 'RefreshMaxPostponed': 2, 'RefreshMaxPulledin': 8, 'Arbiter': 'Fifo', 'MaxActiveTransactions': 125}",[[7.163029  0.59769   0.0119844]]
2.8240964,"{'PagePolicy': 'Closed', 'Scheduler': 'FrFcfsGrp', 'SchedulerBuffer': 'Bankwise', 'RequestBufferSize': 1, 'RespQueue': 'Reorder', 'RefreshPolicy': 'AllBank', 'RefreshMaxPostponed': 2, 'RefreshMaxPulledin': 8, 'Arbiter': 'Fifo', 'MaxActiveTransactions': 125}",[[7.163029  0.59769   0.0119844]]
2.8241665,"{'PagePolicy': 'Closed', 'Scheduler': 'FrFcfs', 'SchedulerBuffer': 'ReadWrite', 'RequestBufferSize': 1, 'RespQueue': 'Fifo', 'RefreshPolicy': 'AllBank', 'RefreshMaxPostponed': 8, 'RefreshMaxPulledin': 8, 'Arbiter': 'Reorder', 'MaxActiveTransactions': 100}",[[7.1630864 0.5977    0.0119844]]
2.8241665,"{'PagePolicy': 'Closed', 'Scheduler': 'FrFcfs', 'SchedulerBuffer': 'ReadWrite', 'RequestBufferSize': 1, 'RespQueue': 'Fifo', 'RefreshPolicy': 'AllBank', 'RefreshMaxPostponed': 8, 'RefreshMaxPulledin': 8, 'Arbiter': 'Reorder', 'MaxActiveTransactions': 100}",[[7.1630864 0.5977    0.0119844]]
2.8241665,"{'PagePolicy': 'Closed', 'Scheduler': 'Fifo', 'SchedulerBuffer': 'Shared', 'RequestBufferSize': 1, 'RespQueue': 'Reorder', 'RefreshPolicy': 'AllBank', 'RefreshMaxPostponed': 1, 'RefreshMaxPulledin': 8, 'Arbiter': 'Fifo', 'MaxActiveTransactions': 122}",[[7.1631436 0.5977    0.0119844]]
2.8241665,"{'PagePolicy': 'Closed', 'Scheduler': 'Fifo', 'SchedulerBuffer': 'Shared', 'RequestBufferSize': 1, 'RespQueue': 'Reorder', 'RefreshPolicy': 'AllBank', 'RefreshMaxPostponed': 1, 'RefreshMaxPulledin': 8, 'Arbiter': 'Fifo', 'MaxActiveTransactions': 122}",[[7.1631436 0.5977    0.0119844]]
0.018870577,"{'PagePolicy': 'OpenAdaptive', 'Scheduler': 'FrFcfs', 'SchedulerBuffer': 'Shared', 'RequestBufferSize': 4, 'RespQueue': 'Fifo', 'RefreshPolicy': 'NoRefresh', 'RefreshMaxPostponed': 1, 'RefreshMaxPulledin': 3, 'Arbiter': 'Reorder', 'MaxActiveTransactions': 128}",[[ 6.640511  0.5541   11.984403]]
0.018870577,"{'PagePolicy': 'OpenAdaptive', 'Scheduler': 'FrFcfs', 'SchedulerBuffer': 'Shared', 'RequestBufferSize': 4, 'RespQueue': 'Fifo', 'RefreshPolicy': 'NoRefresh', 'RefreshMaxPostponed': 1, 'RefreshMaxPulledin': 3, 'Arbiter': 'Reorder', 'MaxActiveTransactions': 128}",[[ 6.640511  0.5541   11.984403]]
2.8241665,"{'PagePolicy': 'Closed', 'Scheduler': 'FrFcfsGrp', 'SchedulerBuffer': 'Bankwise', 'RequestBufferSize': 1, 'RespQueue': 'Reorder', 'RefreshPolicy': 'AllBank', 'RefreshMaxPostponed': 1, 'RefreshMaxPulledin': 8, 'Arbiter': 'Simple', 'MaxActiveTransactions': 128}",[[7.1631436 0.5977    0.0119844]]
2.8241665,"{'PagePolicy': 'Closed', 'Scheduler': 'FrFcfsGrp', 'SchedulerBuffer': 'Bankwise', 'RequestBufferSize': 1, 'RespQueue': 'Reorder', 'RefreshPolicy': 'AllBank', 'RefreshMaxPostponed': 1, 'RefreshMaxPulledin': 8, 'Arbiter': 'Simple', 'MaxActiveTransactions': 128}",[[7.1631436 0.5977    0.0119844]]
2.8241665,"{'PagePolicy': 'Closed', 'Scheduler': 'FrFcfs', 'SchedulerBuffer': 'Shared', 'RequestBufferSize': 1, 'RespQueue': 'Reorder', 'RefreshPolicy': 'AllBank', 'RefreshMaxPostponed': 1, 'RefreshMaxPulledin': 8, 'Arbiter': 'Fifo', 'MaxActiveTransactions': 125}",[[7.1631436 0.5977    0.0119844]]
2.8241665,"{'PagePolicy': 'Closed', 'Scheduler': 'FrFcfs', 'SchedulerBuffer': 'Shared', 'RequestBufferSize': 1, 'RespQueue': 'Reorder', 'RefreshPolicy': 'AllBank', 'RefreshMaxPostponed': 1, 'RefreshMaxPulledin': 8, 'Arbiter': 'Fifo', 'MaxActiveTransactions': 125}",[[7.1631436 0.5977    0.0119844]]
0.01910321,"{'PagePolicy': 'Open', 'Scheduler': 'Fifo', 'SchedulerBuffer': 'Bankwise', 'RequestBufferSize': 3, 'RespQueue': 'Fifo', 'RefreshPolicy': 'NoRefresh', 'RefreshMaxPostponed': 7, 'RefreshMaxPulledin': 8, 'Arbiter': 'Fifo', 'MaxActiveTransactions': 128}",[[ 6.705691  0.55953  11.984402]]
0.01910321,"{'PagePolicy': 'Open', 'Scheduler': 'Fifo', 'SchedulerBuffer': 'Bankwise', 'RequestBufferSize': 3, 'RespQueue': 'Fifo', 'RefreshPolicy': 'NoRefresh', 'RefreshMaxPostponed': 7, 'RefreshMaxPulledin': 8, 'Arbiter': 'Fifo', 'MaxActiveTransactions': 128}",[[ 6.705691  0.55953  11.984402]]
2.8241665,"{'PagePolicy': 'Closed', 'Scheduler': 'FrFcfs', 'SchedulerBuffer': 'Bankwise', 'RequestBufferSize': 1, 'RespQueue': 'Fifo', 'RefreshPolicy': 'AllBank', 'RefreshMaxPostponed': 1, 'RefreshMaxPulledin': 8, 'Arbiter': 'Simple', 'MaxActiveTransactions': 101}",[[7.1631436 0.5977    0.0119844]]
2.8241665,"{'PagePolicy': 'Closed', 'Scheduler': 'FrFcfs', 'SchedulerBuffer': 'Bankwise', 'RequestBufferSize': 1, 'RespQueue': 'Fifo', 'RefreshPolicy': 'AllBank', 'RefreshMaxPostponed': 1, 'RefreshMaxPulledin': 8, 'Arbiter': 'Simple', 'MaxActiveTransactions': 101}",[[7.1631436 0.5977    0.0119844]]
2.8241665,"{'PagePolicy': 'Closed', 'Scheduler': 'Fifo', 'SchedulerBuffer': 'Bankwise', 'RequestBufferSize': 1, 'RespQueue': 'Reorder', 'RefreshPolicy': 'AllBank', 'RefreshMaxPostponed': 1, 'RefreshMaxPulledin': 8, 'Arbiter': 'Simple', 'MaxActiveTransactions': 127}",[[7.1631436 0.5977    0.0119844]]
2.8241665,"{'PagePolicy': 'Closed', 'Scheduler': 'Fifo', 'SchedulerBuffer': 'Bankwise', 'RequestBufferSize': 1, 'RespQueue': 'Reorder', 'RefreshPolicy': 'AllBank', 'RefreshMaxPostponed': 1, 'RefreshMaxPulledin': 8, 'Arbiter': 'Simple', 'MaxActiveTransactions': 127}",[[7.1631436 0.5977    0.0119844]]
2.8241665,"{'PagePolicy': 'Closed', 'Scheduler': 'Fifo', 'SchedulerBuffer': 'Shared', 'RequestBufferSize': 1, 'RespQueue': 'Fifo', 'RefreshPolicy': 'AllBank', 'RefreshMaxPostponed': 1, 'RefreshMaxPulledin': 8, 'Arbiter': 'Simple', 'MaxActiveTransactions': 125}",[[7.1631436 0.5977    0.0119844]]
2.8241665,"{'PagePolicy': 'Closed', 'Scheduler': 'Fifo', 'SchedulerBuffer': 'Shared', 'RequestBufferSize': 1, 'RespQueue': 'Fifo', 'RefreshPolicy': 'AllBank', 'RefreshMaxPostponed': 1, 'RefreshMaxPulledin': 8, 'Arbiter': 'Simple', 'MaxActiveTransactions': 125}",[[7.1631436 0.5977    0.0119844]]
2.8241665,"{'PagePolicy': 'Closed', 'Scheduler': 'Fifo', 'SchedulerBuffer': 'Shared', 'RequestBufferSize': 1, 'RespQueue': 'Fifo', 'RefreshPolicy': 'AllBank', 'RefreshMaxPostponed': 7, 'RefreshMaxPulledin': 8, 'Arbiter': 'Fifo', 'MaxActiveTransactions': 125}",[[7.163072  0.5977    0.0119844]]
2.8241665,"{'PagePolicy': 'Closed', 'Scheduler': 'Fifo', 'SchedulerBuffer': 'Shared', 'RequestBufferSize': 1, 'RespQueue': 'Fifo', 'RefreshPolicy': 'AllBank', 'RefreshMaxPostponed': 7, 'RefreshMaxPulledin': 8, 'Arbiter': 'Fifo', 'MaxActiveTransactions': 125}",[[7.163072  0.5977    0.0119844]]
2.8241665,"{'PagePolicy': 'Closed', 'Scheduler': 'Fifo', 'SchedulerBuffer': 'Shared', 'RequestBufferSize': 1, 'RespQueue': 'Fifo', 'RefreshPolicy': 'AllBank', 'RefreshMaxPostponed': 1, 'RefreshMaxPulledin': 8, 'Arbiter': 'Reorder', 'MaxActiveTransactions': 101}",[[7.1631436 0.5977    0.0119844]]
2.8241665,"{'PagePolicy': 'Closed', 'Scheduler': 'Fifo', 'SchedulerBuffer': 'Shared', 'RequestBufferSize': 1, 'RespQueue': 'Fifo', 'RefreshPolicy': 'AllBank', 'RefreshMaxPostponed': 1, 'RefreshMaxPulledin': 8, 'Arbiter': 'Reorder', 'MaxActiveTransactions': 101}",[[7.1631436 0.5977    0.0119844]]
2.8241665,"{'PagePolicy': 'Closed', 'Scheduler': 'Fifo', 'SchedulerBuffer': 'Bankwise', 'RequestBufferSize': 1, 'RespQueue': 'Fifo', 'RefreshPolicy': 'AllBank', 'RefreshMaxPostponed': 1, 'RefreshMaxPulledin': 8, 'Arbiter': 'Reorder', 'MaxActiveTransactions': 127}",[[7.1631436 0.5977    0.0119844]]
2.8241665,"{'PagePolicy': 'Closed', 'Scheduler': 'Fifo', 'SchedulerBuffer': 'Bankwise', 'RequestBufferSize': 1, 'RespQueue': 'Fifo', 'RefreshPolicy': 'AllBank', 'RefreshMaxPostponed': 1, 'RefreshMaxPulledin': 8, 'Arbiter': 'Reorder', 'MaxActiveTransactions': 127}",[[7.1631436 0.5977    0.0119844]]
2.8241665,"{'PagePolicy': 'Closed', 'Scheduler': 'Fifo', 'SchedulerBuffer': 'Bankwise', 'RequestBufferSize': 1, 'RespQueue': 'Fifo', 'RefreshPolicy': 'AllBank', 'RefreshMaxPostponed': 1, 'RefreshMaxPulledin': 8, 'Arbiter': 'Reorder', 'MaxActiveTransactions': 126}",[[7.1631436 0.5977    0.0119844]]
2.8241665,"{'PagePolicy': 'Closed', 'Scheduler': 'Fifo', 'SchedulerBuffer': 'Bankwise', 'RequestBufferSize': 1, 'RespQueue': 'Fifo', 'RefreshPolicy': 'AllBank', 'RefreshMaxPostponed': 1, 'RefreshMaxPulledin': 8, 'Arbiter': 'Reorder', 'MaxActiveTransactions': 126}",[[7.1631436 0.5977    0.0119844]]
0.020095002,"{'PagePolicy': 'OpenAdaptive', 'Scheduler': 'Fifo', 'SchedulerBuffer': 'ReadWrite', 'RequestBufferSize': 2, 'RespQueue': 'Reorder', 'RefreshPolicy': 'AllBank', 'RefreshMaxPostponed': 4, 'RefreshMaxPulledin': 7, 'Arbiter': 'Reorder', 'MaxActiveTransactions': 1}",[[ 6.9662375  0.58127   11.984416 ]]
0.020095002,"{'PagePolicy': 'OpenAdaptive', 'Scheduler': 'Fifo', 'SchedulerBuffer': 'ReadWrite', 'RequestBufferSize': 2, 'RespQueue': 'Reorder', 'RefreshPolicy': 'AllBank', 'RefreshMaxPostponed': 4, 'RefreshMaxPulledin': 7, 'Arbiter': 'Reorder', 'MaxActiveTransactions': 1}",[[ 6.9662375  0.58127   11.984416 ]]
2.8241665,"{'PagePolicy': 'Closed', 'Scheduler': 'Fifo', 'SchedulerBuffer': 'Bankwise', 'RequestBufferSize': 1, 'RespQueue': 'Fifo', 'RefreshPolicy': 'AllBank', 'RefreshMaxPostponed': 7, 'RefreshMaxPulledin': 8, 'Arbiter': 'Reorder', 'MaxActiveTransactions': 125}",[[7.163072  0.5977    0.0119844]]
2.8241665,"{'PagePolicy': 'Closed', 'Scheduler': 'Fifo', 'SchedulerBuffer': 'Bankwise', 'RequestBufferSize': 1, 'RespQueue': 'Fifo', 'RefreshPolicy': 'AllBank', 'RefreshMaxPostponed': 7, 'RefreshMaxPulledin': 8, 'Arbiter': 'Reorder', 'MaxActiveTransactions': 125}",[[7.163072  0.5977    0.0119844]]
2.8241665,"{'PagePolicy': 'Closed', 'Scheduler': 'FrFcfs', 'SchedulerBuffer': 'Bankwise', 'RequestBufferSize': 1, 'RespQueue': 'Fifo', 'RefreshPolicy': 'AllBank', 'RefreshMaxPostponed': 6, 'RefreshMaxPulledin': 8, 'Arbiter': 'Simple', 'MaxActiveTransactions': 127}",[[7.163058  0.5977    0.0119844]]
2.8241665,"{'PagePolicy': 'Closed', 'Scheduler': 'FrFcfs', 'SchedulerBuffer': 'Bankwise', 'RequestBufferSize': 1, 'RespQueue': 'Fifo', 'RefreshPolicy': 'AllBank', 'RefreshMaxPostponed': 6, 'RefreshMaxPulledin': 8, 'Arbiter': 'Simple', 'MaxActiveTransactions': 127}",[[7.163058  0.5977    0.0119844]]
2.713288,"{'PagePolicy': 'Open', 'Scheduler': 'FrFcfsGrp', 'SchedulerBuffer': 'Bankwise', 'RequestBufferSize': 1, 'RespQueue': 'Reorder', 'RefreshPolicy': 'AllBank', 'RefreshMaxPostponed': 1, 'RefreshMaxPulledin': 8, 'Arbiter': 'Simple', 'MaxActiveTransactions': 127}",[[6.966109  0.58126   0.0119844]]
2.713288,"{'PagePolicy': 'Open', 'Scheduler': 'FrFcfsGrp', 'SchedulerBuffer': 'Bankwise', 'RequestBufferSize': 1, 'RespQueue': 'Reorder', 'RefreshPolicy': 'AllBank', 'RefreshMaxPostponed': 1, 'RefreshMaxPulledin': 8, 'Arbiter': 'Simple', 'MaxActiveTransactions': 127}",[[6.966109  0.58126   0.0119844]]
2.8241665,"{'PagePolicy': 'Closed', 'Scheduler': 'Fifo', 'SchedulerBuffer': 'Shared', 'RequestBufferSize': 1, 'RespQueue': 'Fifo', 'RefreshPolicy': 'AllBank', 'RefreshMaxPostponed': 8, 'RefreshMaxPulledin': 8, 'Arbiter': 'Reorder', 'MaxActiveTransactions': 101}",[[7.1630864 0.5977    0.0119844]]
2.8241665,"{'PagePolicy': 'Closed', 'Scheduler': 'Fifo', 'SchedulerBuffer': 'Shared', 'RequestBufferSize': 1, 'RespQueue': 'Fifo', 'RefreshPolicy': 'AllBank', 'RefreshMaxPostponed': 8, 'RefreshMaxPulledin': 8, 'Arbiter': 'Reorder', 'MaxActiveTransactions': 101}",[[7.1630864 0.5977    0.0119844]]
2.713288,"{'PagePolicy': 'Open', 'Scheduler': 'Fifo', 'SchedulerBuffer': 'ReadWrite', 'RequestBufferSize': 1, 'RespQueue': 'Reorder', 'RefreshPolicy': 'AllBank', 'RefreshMaxPostponed': 3, 'RefreshMaxPulledin': 8, 'Arbiter': 'Simple', 'MaxActiveTransactions': 127}",[[6.966109  0.58126   0.0119844]]
2.713288,"{'PagePolicy': 'Open', 'Scheduler': 'Fifo', 'SchedulerBuffer': 'ReadWrite', 'RequestBufferSize': 1, 'RespQueue': 'Reorder', 'RefreshPolicy': 'AllBank', 'RefreshMaxPostponed': 3, 'RefreshMaxPulledin': 8, 'Arbiter': 'Simple', 'MaxActiveTransactions': 127}",[[6.966109  0.58126   0.0119844]]
2.8241665,"{'PagePolicy': 'Closed', 'Scheduler': 'FrFcfs', 'SchedulerBuffer': 'Bankwise', 'RequestBufferSize': 1, 'RespQueue': 'Reorder', 'RefreshPolicy': 'AllBank', 'RefreshMaxPostponed': 1, 'RefreshMaxPulledin': 8, 'Arbiter': 'Fifo', 'MaxActiveTransactions': 127}",[[7.1631436 0.5977    0.0119844]]
2.8241665,"{'PagePolicy': 'Closed', 'Scheduler': 'FrFcfs', 'SchedulerBuffer': 'Bankwise', 'RequestBufferSize': 1, 'RespQueue': 'Reorder', 'RefreshPolicy': 'AllBank', 'RefreshMaxPostponed': 1, 'RefreshMaxPulledin': 8, 'Arbiter': 'Fifo', 'MaxActiveTransactions': 127}",[[7.1631436 0.5977    0.0119844]]
2.8241665,"{'PagePolicy': 'Closed', 'Scheduler': 'Fifo', 'SchedulerBuffer': 'ReadWrite', 'RequestBufferSize': 1, 'RespQueue': 'Reorder', 'RefreshPolicy': 'AllBank', 'RefreshMaxPostponed': 1, 'RefreshMaxPulledin': 8, 'Arbiter': 'Simple', 'MaxActiveTransactions': 125}",[[7.1631436 0.5977    0.0119844]]
2.8241665,"{'PagePolicy': 'Closed', 'Scheduler': 'Fifo', 'SchedulerBuffer': 'ReadWrite', 'RequestBufferSize': 1, 'RespQueue': 'Reorder', 'RefreshPolicy': 'AllBank', 'RefreshMaxPostponed': 1, 'RefreshMaxPulledin': 8, 'Arbiter': 'Simple', 'MaxActiveTransactions': 125}",[[7.1631436 0.5977    0.0119844]]
2.8241665,"{'PagePolicy': 'Closed', 'Scheduler': 'FrFcfsGrp', 'SchedulerBuffer': 'ReadWrite', 'RequestBufferSize': 1, 'RespQueue': 'Fifo', 'RefreshPolicy': 'AllBank', 'RefreshMaxPostponed': 1, 'RefreshMaxPulledin': 8, 'Arbiter': 'Reorder', 'MaxActiveTransactions': 128}",[[7.1631436 0.5977    0.0119844]]
2.8241665,"{'PagePolicy': 'Closed', 'Scheduler': 'FrFcfsGrp', 'SchedulerBuffer': 'ReadWrite', 'RequestBufferSize': 1, 'RespQueue': 'Fifo', 'RefreshPolicy': 'AllBank', 'RefreshMaxPostponed': 1, 'RefreshMaxPulledin': 8, 'Arbiter': 'Reorder', 'MaxActiveTransactions': 128}",[[7.1631436 0.5977    0.0119844]]
2.8240964,"{'PagePolicy': 'Closed', 'Scheduler': 'Fifo', 'SchedulerBuffer': 'Bankwise', 'RequestBufferSize': 1, 'RespQueue': 'Reorder', 'RefreshPolicy': 'AllBank', 'RefreshMaxPostponed': 2, 'RefreshMaxPulledin': 8, 'Arbiter': 'Simple', 'MaxActiveTransactions': 124}",[[7.163029  0.59769   0.0119844]]
2.8240964,"{'PagePolicy': 'Closed', 'Scheduler': 'Fifo', 'SchedulerBuffer': 'Bankwise', 'RequestBufferSize': 1, 'RespQueue': 'Reorder', 'RefreshPolicy': 'AllBank', 'RefreshMaxPostponed': 2, 'RefreshMaxPulledin': 8, 'Arbiter': 'Simple', 'MaxActiveTransactions': 124}",[[7.163029  0.59769   0.0119844]]
2.8241665,"{'PagePolicy': 'Closed', 'Scheduler': 'Fifo', 'SchedulerBuffer': 'ReadWrite', 'RequestBufferSize': 1, 'RespQueue': 'Fifo', 'RefreshPolicy': 'AllBank', 'RefreshMaxPostponed': 5, 'RefreshMaxPulledin': 8, 'Arbiter': 'Fifo', 'MaxActiveTransactions': 126}",[[7.163072  0.5977    0.0119844]]
2.8241665,"{'PagePolicy': 'Closed', 'Scheduler': 'Fifo', 'SchedulerBuffer': 'ReadWrite', 'RequestBufferSize': 1, 'RespQueue': 'Fifo', 'RefreshPolicy': 'AllBank', 'RefreshMaxPostponed': 5, 'RefreshMaxPulledin': 8, 'Arbiter': 'Fifo', 'MaxActiveTransactions': 126}",[[7.163072  0.5977    0.0119844]]
2.8241665,"{'PagePolicy': 'Closed', 'Scheduler': 'Fifo', 'SchedulerBuffer': 'Shared', 'RequestBufferSize': 1, 'RespQueue': 'Reorder', 'RefreshPolicy': 'AllBank', 'RefreshMaxPostponed': 1, 'RefreshMaxPulledin': 8, 'Arbiter': 'Reorder', 'MaxActiveTransactions': 128}",[[7.1631436 0.5977    0.0119844]]
2.8241665,"{'PagePolicy': 'Closed', 'Scheduler': 'Fifo', 'SchedulerBuffer': 'Shared', 'RequestBufferSize': 1, 'RespQueue': 'Reorder', 'RefreshPolicy': 'AllBank', 'RefreshMaxPostponed': 1, 'RefreshMaxPulledin': 8, 'Arbiter': 'Reorder', 'MaxActiveTransactions': 128}",[[7.1631436 0.5977    0.0119844]]
2.8241665,"{'PagePolicy': 'Closed', 'Scheduler': 'FrFcfs', 'SchedulerBuffer': 'Bankwise', 'RequestBufferSize': 1, 'RespQueue': 'Fifo', 'RefreshPolicy': 'AllBank', 'RefreshMaxPostponed': 4, 'RefreshMaxPulledin': 8, 'Arbiter': 'Reorder', 'MaxActiveTransactions': 125}",[[7.1630435 0.5977    0.0119844]]
2.8241665,"{'PagePolicy': 'Closed', 'Scheduler': 'FrFcfs', 'SchedulerBuffer': 'Bankwise', 'RequestBufferSize': 1, 'RespQueue': 'Fifo', 'RefreshPolicy': 'AllBank', 'RefreshMaxPostponed': 4, 'RefreshMaxPulledin': 8, 'Arbiter': 'Reorder', 'MaxActiveTransactions': 125}",[[7.1630435 0.5977    0.0119844]]
2.8241665,"{'PagePolicy': 'Closed', 'Scheduler': 'FrFcfsGrp', 'SchedulerBuffer': 'Bankwise', 'RequestBufferSize': 1, 'RespQueue': 'Fifo', 'RefreshPolicy': 'AllBank', 'RefreshMaxPostponed': 8, 'RefreshMaxPulledin': 8, 'Arbiter': 'Fifo', 'MaxActiveTransactions': 103}",[[7.1630864 0.5977    0.0119844]]
2.8241665,"{'PagePolicy': 'Closed', 'Scheduler': 'FrFcfsGrp', 'SchedulerBuffer': 'Bankwise', 'RequestBufferSize': 1, 'RespQueue': 'Fifo', 'RefreshPolicy': 'AllBank', 'RefreshMaxPostponed': 8, 'RefreshMaxPulledin': 8, 'Arbiter': 'Fifo', 'MaxActiveTransactions': 103}",[[7.1630864 0.5977    0.0119844]]
2.8241665,"{'PagePolicy': 'Closed', 'Scheduler': 'FrFcfs', 'SchedulerBuffer': 'Bankwise', 'RequestBufferSize': 1, 'RespQueue': 'Fifo', 'RefreshPolicy': 'AllBank', 'RefreshMaxPostponed': 1, 'RefreshMaxPulledin': 8, 'Arbiter': 'Fifo', 'MaxActiveTransactions': 126}",[[7.1631436 0.5977    0.0119844]]
2.8241665,"{'PagePolicy': 'Closed', 'Scheduler': 'FrFcfs', 'SchedulerBuffer': 'Bankwise', 'RequestBufferSize': 1, 'RespQueue': 'Fifo', 'RefreshPolicy': 'AllBank', 'RefreshMaxPostponed': 1, 'RefreshMaxPulledin': 8, 'Arbiter': 'Fifo', 'MaxActiveTransactions': 126}",[[7.1631436 0.5977    0.0119844]]
2.8241665,"{'PagePolicy': 'Closed', 'Scheduler': 'FrFcfs', 'SchedulerBuffer': 'ReadWrite', 'RequestBufferSize': 1, 'RespQueue': 'Reorder', 'RefreshPolicy': 'AllBank', 'RefreshMaxPostponed': 7, 'RefreshMaxPulledin': 8, 'Arbiter': 'Simple', 'MaxActiveTransactions': 101}",[[7.163072  0.5977    0.0119844]]
2.8241665,"{'PagePolicy': 'Closed', 'Scheduler': 'FrFcfs', 'SchedulerBuffer': 'ReadWrite', 'RequestBufferSize': 1, 'RespQueue': 'Reorder', 'RefreshPolicy': 'AllBank', 'RefreshMaxPostponed': 7, 'RefreshMaxPulledin': 8, 'Arbiter': 'Simple', 'MaxActiveTransactions': 101}",[[7.163072  0.5977    0.0119844]]
2.713288,"{'PagePolicy': 'Open', 'Scheduler': 'Fifo', 'SchedulerBuffer': 'Bankwise', 'RequestBufferSize': 1, 'RespQueue': 'Reorder', 'RefreshPolicy': 'AllBank', 'RefreshMaxPostponed': 3, 'RefreshMaxPulledin': 8, 'Arbiter': 'Simple', 'MaxActiveTransactions': 101}",[[6.966109  0.58126   0.0119844]]
2.713288,"{'PagePolicy': 'Open', 'Scheduler': 'Fifo', 'SchedulerBuffer': 'Bankwise', 'RequestBufferSize': 1, 'RespQueue': 'Reorder', 'RefreshPolicy': 'AllBank', 'RefreshMaxPostponed': 3, 'RefreshMaxPulledin': 8, 'Arbiter': 'Simple', 'MaxActiveTransactions': 101}",[[6.966109  0.58126   0.0119844]]
2.8241665,"{'PagePolicy': 'Closed', 'Scheduler': 'FrFcfs', 'SchedulerBuffer': 'Shared', 'RequestBufferSize': 1, 'RespQueue': 'Fifo', 'RefreshPolicy': 'AllBank', 'RefreshMaxPostponed': 8, 'RefreshMaxPulledin': 8, 'Arbiter': 'Simple', 'MaxActiveTransactions': 101}",[[7.1630864 0.5977    0.0119844]]
2.8241665,"{'PagePolicy': 'Closed', 'Scheduler': 'FrFcfs', 'SchedulerBuffer': 'Shared', 'RequestBufferSize': 1, 'RespQueue': 'Fifo', 'RefreshPolicy': 'AllBank', 'RefreshMaxPostponed': 8, 'RefreshMaxPulledin': 8, 'Arbiter': 'Simple', 'MaxActiveTransactions': 101}",[[7.1630864 0.5977    0.0119844]]
2.8241665,"{'PagePolicy': 'Closed', 'Scheduler': 'Fifo', 'SchedulerBuffer': 'Shared', 'RequestBufferSize': 1, 'RespQueue': 'Fifo', 'RefreshPolicy': 'AllBank', 'RefreshMaxPostponed': 8, 'RefreshMaxPulledin': 8, 'Arbiter': 'Simple', 'MaxActiveTransactions': 126}",[[7.1630864 0.5977    0.0119844]]
2.8241665,"{'PagePolicy': 'Closed', 'Scheduler': 'Fifo', 'SchedulerBuffer': 'Shared', 'RequestBufferSize': 1, 'RespQueue': 'Fifo', 'RefreshPolicy': 'AllBank', 'RefreshMaxPostponed': 8, 'RefreshMaxPulledin': 8, 'Arbiter': 'Simple', 'MaxActiveTransactions': 126}",[[7.1630864 0.5977    0.0119844]]
2.8241665,"{'PagePolicy': 'Closed', 'Scheduler': 'FrFcfs', 'SchedulerBuffer': 'Bankwise', 'RequestBufferSize': 1, 'RespQueue': 'Fifo', 'RefreshPolicy': 'AllBank', 'RefreshMaxPostponed': 8, 'RefreshMaxPulledin': 8, 'Arbiter': 'Reorder', 'MaxActiveTransactions': 100}",[[7.1630864 0.5977    0.0119844]]
2.8241665,"{'PagePolicy': 'Closed', 'Scheduler': 'FrFcfs', 'SchedulerBuffer': 'Bankwise', 'RequestBufferSize': 1, 'RespQueue': 'Fifo', 'RefreshPolicy': 'AllBank', 'RefreshMaxPostponed': 8, 'RefreshMaxPulledin': 8, 'Arbiter': 'Reorder', 'MaxActiveTransactions': 100}",[[7.1630864 0.5977    0.0119844]]
2.8241665,"{'PagePolicy': 'Closed', 'Scheduler': 'Fifo', 'SchedulerBuffer': 'ReadWrite', 'RequestBufferSize': 1, 'RespQueue': 'Fifo', 'RefreshPolicy': 'AllBank', 'RefreshMaxPostponed': 8, 'RefreshMaxPulledin': 8, 'Arbiter': 'Reorder', 'MaxActiveTransactions': 128}",[[7.1630864 0.5977    0.0119844]]
2.8241665,"{'PagePolicy': 'Closed', 'Scheduler': 'Fifo', 'SchedulerBuffer': 'ReadWrite', 'RequestBufferSize': 1, 'RespQueue': 'Fifo', 'RefreshPolicy': 'AllBank', 'RefreshMaxPostponed': 8, 'RefreshMaxPulledin': 8, 'Arbiter': 'Reorder', 'MaxActiveTransactions': 128}",[[7.1630864 0.5977    0.0119844]]
2.8241665,"{'PagePolicy': 'Closed', 'Scheduler': 'FrFcfs', 'SchedulerBuffer': 'ReadWrite', 'RequestBufferSize': 1, 'RespQueue': 'Fifo', 'RefreshPolicy': 'AllBank', 'RefreshMaxPostponed': 7, 'RefreshMaxPulledin': 8, 'Arbiter': 'Simple', 'MaxActiveTransactions': 122}",[[7.163072  0.5977    0.0119844]]
2.8241665,"{'PagePolicy': 'Closed', 'Scheduler': 'FrFcfs', 'SchedulerBuffer': 'ReadWrite', 'RequestBufferSize': 1, 'RespQueue': 'Fifo', 'RefreshPolicy': 'AllBank', 'RefreshMaxPostponed': 7, 'RefreshMaxPulledin': 8, 'Arbiter': 'Simple', 'MaxActiveTransactions': 122}",[[7.163072  0.5977    0.0119844]]
2.8241665,"{'PagePolicy': 'Closed', 'Scheduler': 'Fifo', 'SchedulerBuffer': 'Bankwise', 'RequestBufferSize': 1, 'RespQueue': 'Reorder', 'RefreshPolicy': 'AllBank', 'RefreshMaxPostponed': 1, 'RefreshMaxPulledin': 8, 'Arbiter': 'Reorder', 'MaxActiveTransactions': 126}",[[7.1631436 0.5977    0.0119844]]
2.8241665,"{'PagePolicy': 'Closed', 'Scheduler': 'Fifo', 'SchedulerBuffer': 'Bankwise', 'RequestBufferSize': 1, 'RespQueue': 'Reorder', 'RefreshPolicy': 'AllBank', 'RefreshMaxPostponed': 1, 'RefreshMaxPulledin': 8, 'Arbiter': 'Reorder', 'MaxActiveTransactions': 126}",[[7.1631436 0.5977    0.0119844]]
2.823605,"{'PagePolicy': 'Closed', 'Scheduler': 'FrFcfs', 'SchedulerBuffer': 'Bankwise', 'RequestBufferSize': 1, 'RespQueue': 'Fifo', 'RefreshPolicy': 'AllBank', 'RefreshMaxPostponed': 8, 'RefreshMaxPulledin': 2, 'Arbiter': 'Reorder', 'MaxActiveTransactions': 100}",[[7.1620965 0.59762   0.0119844]]
2.823605,"{'PagePolicy': 'Closed', 'Scheduler': 'FrFcfs', 'SchedulerBuffer': 'Bankwise', 'RequestBufferSize': 1, 'RespQueue': 'Fifo', 'RefreshPolicy': 'AllBank', 'RefreshMaxPostponed': 8, 'RefreshMaxPulledin': 2, 'Arbiter': 'Reorder', 'MaxActiveTransactions': 100}",[[7.1620965 0.59762   0.0119844]]
2.8241665,"{'PagePolicy': 'Closed', 'Scheduler': 'FrFcfs', 'SchedulerBuffer': 'ReadWrite', 'RequestBufferSize': 1, 'RespQueue': 'Fifo', 'RefreshPolicy': 'AllBank', 'RefreshMaxPostponed': 3, 'RefreshMaxPulledin': 8, 'Arbiter': 'Reorder', 'MaxActiveTransactions': 126}",[[7.163072  0.5977    0.0119844]]
2.8241665,"{'PagePolicy': 'Closed', 'Scheduler': 'FrFcfs', 'SchedulerBuffer': 'ReadWrite', 'RequestBufferSize': 1, 'RespQueue': 'Fifo', 'RefreshPolicy': 'AllBank', 'RefreshMaxPostponed': 3, 'RefreshMaxPulledin': 8, 'Arbiter': 'Reorder', 'MaxActiveTransactions': 126}",[[7.163072  0.5977    0.0119844]]
2.8241665,"{'PagePolicy': 'Closed', 'Scheduler': 'FrFcfsGrp', 'SchedulerBuffer': 'ReadWrite', 'RequestBufferSize': 1, 'RespQueue': 'Reorder', 'RefreshPolicy': 'AllBank', 'RefreshMaxPostponed': 6, 'RefreshMaxPulledin': 8, 'Arbiter': 'Reorder', 'MaxActiveTransactions': 128}",[[7.163058  0.5977    0.0119844]]
2.8241665,"{'PagePolicy': 'Closed', 'Scheduler': 'FrFcfsGrp', 'SchedulerBuffer': 'ReadWrite', 'RequestBufferSize': 1, 'RespQueue': 'Reorder', 'RefreshPolicy': 'AllBank', 'RefreshMaxPostponed': 6, 'RefreshMaxPulledin': 8, 'Arbiter': 'Reorder', 'MaxActiveTransactions': 128}",[[7.163058  0.5977    0.0119844]]
2.8241665,"{'PagePolicy': 'Closed', 'Scheduler': 'FrFcfsGrp', 'SchedulerBuffer': 'Shared', 'RequestBufferSize': 1, 'RespQueue': 'Fifo', 'RefreshPolicy': 'AllBank', 'RefreshMaxPostponed': 8, 'RefreshMaxPulledin': 8, 'Arbiter': 'Simple', 'MaxActiveTransactions': 101}",[[7.1630864 0.5977    0.0119844]]
2.8241665,"{'PagePolicy': 'Closed', 'Scheduler': 'FrFcfsGrp', 'SchedulerBuffer': 'Shared', 'RequestBufferSize': 1, 'RespQueue': 'Fifo', 'RefreshPolicy': 'AllBank', 'RefreshMaxPostponed': 8, 'RefreshMaxPulledin': 8, 'Arbiter': 'Simple', 'MaxActiveTransactions': 101}",[[7.1630864 0.5977    0.0119844]]
2.8241665,"{'PagePolicy': 'Closed', 'Scheduler': 'Fifo', 'SchedulerBuffer': 'ReadWrite', 'RequestBufferSize': 1, 'RespQueue': 'Fifo', 'RefreshPolicy': 'AllBank', 'RefreshMaxPostponed': 6, 'RefreshMaxPulledin': 8, 'Arbiter': 'Simple', 'MaxActiveTransactions': 126}",[[7.163058  0.5977    0.0119844]]
2.8241665,"{'PagePolicy': 'Closed', 'Scheduler': 'Fifo', 'SchedulerBuffer': 'ReadWrite', 'RequestBufferSize': 1, 'RespQueue': 'Fifo', 'RefreshPolicy': 'AllBank', 'RefreshMaxPostponed': 6, 'RefreshMaxPulledin': 8, 'Arbiter': 'Simple', 'MaxActiveTransactions': 126}",[[7.163058  0.5977    0.0119844]]
2.8241665,"{'PagePolicy': 'Closed', 'Scheduler': 'Fifo', 'SchedulerBuffer': 'Shared', 'RequestBufferSize': 1, 'RespQueue': 'Fifo', 'RefreshPolicy': 'AllBank', 'RefreshMaxPostponed': 8, 'RefreshMaxPulledin': 8, 'Arbiter': 'Reorder', 'MaxActiveTransactions': 103}",[[7.1630864 0.5977    0.0119844]]
2.8241665,"{'PagePolicy': 'Closed', 'Scheduler': 'Fifo', 'SchedulerBuffer': 'Shared', 'RequestBufferSize': 1, 'RespQueue': 'Fifo', 'RefreshPolicy': 'AllBank', 'RefreshMaxPostponed': 8, 'RefreshMaxPulledin': 8, 'Arbiter': 'Reorder', 'MaxActiveTransactions': 103}",[[7.1630864 0.5977    0.0119844]]
0.020093083,"{'PagePolicy': 'OpenAdaptive', 'Scheduler': 'Fifo', 'SchedulerBuffer': 'Shared', 'RequestBufferSize': 7, 'RespQueue': 'Fifo', 'RefreshPolicy': 'AllBank', 'RefreshMaxPostponed': 7, 'RefreshMaxPulledin': 4, 'Arbiter': 'Fifo', 'MaxActiveTransactions': 1}",[[ 6.9656854  0.58123   11.984416 ]]
0.020093083,"{'PagePolicy': 'OpenAdaptive', 'Scheduler': 'Fifo', 'SchedulerBuffer': 'Shared', 'RequestBufferSize': 7, 'RespQueue': 'Fifo', 'RefreshPolicy': 'AllBank', 'RefreshMaxPostponed': 7, 'RefreshMaxPulledin': 4, 'Arbiter': 'Fifo', 'MaxActiveTransactions': 1}",[[ 6.9656854  0.58123   11.984416 ]]
0.0191032,"{'PagePolicy': 'OpenAdaptive', 'Scheduler': 'Fifo', 'SchedulerBuffer': 'Shared', 'RequestBufferSize': 1, 'RespQueue': 'Fifo', 'RefreshPolicy': 'NoRefresh', 'RefreshMaxPostponed': 4, 'RefreshMaxPulledin': 7, 'Arbiter': 'Reorder', 'MaxActiveTransactions': 128}",[[ 6.7057023  0.55953   11.984408 ]]
0.0191032,"{'PagePolicy': 'OpenAdaptive', 'Scheduler': 'Fifo', 'SchedulerBuffer': 'Shared', 'RequestBufferSize': 1, 'RespQueue': 'Fifo', 'RefreshPolicy': 'NoRefresh', 'RefreshMaxPostponed': 4, 'RefreshMaxPulledin': 7, 'Arbiter': 'Reorder', 'MaxActiveTransactions': 128}",[[ 6.7057023  0.55953   11.984408 ]]
2.8241665,"{'PagePolicy': 'Closed', 'Scheduler': 'Fifo', 'SchedulerBuffer': 'ReadWrite', 'RequestBufferSize': 1, 'RespQueue': 'Fifo', 'RefreshPolicy': 'AllBank', 'RefreshMaxPostponed': 1, 'RefreshMaxPulledin': 8, 'Arbiter': 'Simple', 'MaxActiveTransactions': 123}",[[7.1631436 0.5977    0.0119844]]
2.8241665,"{'PagePolicy': 'Closed', 'Scheduler': 'Fifo', 'SchedulerBuffer': 'ReadWrite', 'RequestBufferSize': 1, 'RespQueue': 'Fifo', 'RefreshPolicy': 'AllBank', 'RefreshMaxPostponed': 1, 'RefreshMaxPulledin': 8, 'Arbiter': 'Simple', 'MaxActiveTransactions': 123}",[[7.1631436 0.5977    0.0119844]]
0.01910321,"{'PagePolicy': 'OpenAdaptive', 'Scheduler': 'Fifo', 'SchedulerBuffer': 'Bankwise', 'RequestBufferSize': 7, 'RespQueue': 'Fifo', 'RefreshPolicy': 'NoRefresh', 'RefreshMaxPostponed': 2, 'RefreshMaxPulledin': 8, 'Arbiter': 'Simple', 'MaxActiveTransactions': 128}",[[ 6.705691  0.55953  11.984402]]
0.01910321,"{'PagePolicy': 'OpenAdaptive', 'Scheduler': 'Fifo', 'SchedulerBuffer': 'Bankwise', 'RequestBufferSize': 7, 'RespQueue': 'Fifo', 'RefreshPolicy': 'NoRefresh', 'RefreshMaxPostponed': 2, 'RefreshMaxPulledin': 8, 'Arbiter': 'Simple', 'MaxActiveTransactions': 128}",[[ 6.705691  0.55953  11.984402]]
2.8240964,"{'PagePolicy': 'Closed', 'Scheduler': 'Fifo', 'SchedulerBuffer': 'Bankwise', 'RequestBufferSize': 1, 'RespQueue': 'Fifo', 'RefreshPolicy': 'AllBank', 'RefreshMaxPostponed': 2, 'RefreshMaxPulledin': 8, 'Arbiter': 'Fifo', 'MaxActiveTransactions': 126}",[[7.163029  0.59769   0.0119844]]
2.8240964,"{'PagePolicy': 'Closed', 'Scheduler': 'Fifo', 'SchedulerBuffer': 'Bankwise', 'RequestBufferSize': 1, 'RespQueue': 'Fifo', 'RefreshPolicy': 'AllBank', 'RefreshMaxPostponed': 2, 'RefreshMaxPulledin': 8, 'Arbiter': 'Fifo', 'MaxActiveTransactions': 126}",[[7.163029  0.59769   0.0119844]]
2.8240964,"{'PagePolicy': 'Closed', 'Scheduler': 'Fifo', 'SchedulerBuffer': 'Shared', 'RequestBufferSize': 1, 'RespQueue': 'Fifo', 'RefreshPolicy': 'AllBank', 'RefreshMaxPostponed': 2, 'RefreshMaxPulledin': 8, 'Arbiter': 'Simple', 'MaxActiveTransactions': 101}",[[7.163029  0.59769   0.0119844]]
2.8240964,"{'PagePolicy': 'Closed', 'Scheduler': 'Fifo', 'SchedulerBuffer': 'Shared', 'RequestBufferSize': 1, 'RespQueue': 'Fifo', 'RefreshPolicy': 'AllBank', 'RefreshMaxPostponed': 2, 'RefreshMaxPulledin': 8, 'Arbiter': 'Simple', 'MaxActiveTransactions': 101}",[[7.163029  0.59769   0.0119844]]
2.8241665,"{'PagePolicy': 'Closed', 'Scheduler': 'Fifo', 'SchedulerBuffer': 'Shared', 'RequestBufferSize': 1, 'RespQueue': 'Fifo', 'RefreshPolicy': 'AllBank', 'RefreshMaxPostponed': 4, 'RefreshMaxPulledin': 8, 'Arbiter': 'Simple', 'MaxActiveTransactions': 126}",[[7.1630435 0.5977    0.0119844]]
2.8241665,"{'PagePolicy': 'Closed', 'Scheduler': 'Fifo', 'SchedulerBuffer': 'Shared', 'RequestBufferSize': 1, 'RespQueue': 'Fifo', 'RefreshPolicy': 'AllBank', 'RefreshMaxPostponed': 4, 'RefreshMaxPulledin': 8, 'Arbiter': 'Simple', 'MaxActiveTransactions': 126}",[[7.1630435 0.5977    0.0119844]]
2.8240964,"{'PagePolicy': 'Closed', 'Scheduler': 'FrFcfs', 'SchedulerBuffer': 'Shared', 'RequestBufferSize': 1, 'RespQueue': 'Fifo', 'RefreshPolicy': 'AllBank', 'RefreshMaxPostponed': 2, 'RefreshMaxPulledin': 8, 'Arbiter': 'Simple', 'MaxActiveTransactions': 101}",[[7.163029  0.59769   0.0119844]]
2.8240964,"{'PagePolicy': 'Closed', 'Scheduler': 'FrFcfs', 'SchedulerBuffer': 'Shared', 'RequestBufferSize': 1, 'RespQueue': 'Fifo', 'RefreshPolicy': 'AllBank', 'RefreshMaxPostponed': 2, 'RefreshMaxPulledin': 8, 'Arbiter': 'Simple', 'MaxActiveTransactions': 101}",[[7.163029  0.59769   0.0119844]]
2.8241665,"{'PagePolicy': 'Closed', 'Scheduler': 'Fifo', 'SchedulerBuffer': 'ReadWrite', 'RequestBufferSize': 1, 'RespQueue': 'Fifo', 'RefreshPolicy': 'AllBank', 'RefreshMaxPostponed': 6, 'RefreshMaxPulledin': 8, 'Arbiter': 'Fifo', 'MaxActiveTransactions': 126}",[[7.163058  0.5977    0.0119844]]
2.8241665,"{'PagePolicy': 'Closed', 'Scheduler': 'Fifo', 'SchedulerBuffer': 'ReadWrite', 'RequestBufferSize': 1, 'RespQueue': 'Fifo', 'RefreshPolicy': 'AllBank', 'RefreshMaxPostponed': 6, 'RefreshMaxPulledin': 8, 'Arbiter': 'Fifo', 'MaxActiveTransactions': 126}",[[7.163058  0.5977    0.0119844]]
2.8241665,"{'PagePolicy': 'Closed', 'Scheduler': 'FrFcfs', 'SchedulerBuffer': 'ReadWrite', 'RequestBufferSize': 1, 'RespQueue': 'Fifo', 'RefreshPolicy': 'AllBank', 'RefreshMaxPostponed': 8, 'RefreshMaxPulledin': 8, 'Arbiter': 'Reorder', 'MaxActiveTransactions': 102}",[[7.1630864 0.5977    0.0119844]]
2.8241665,"{'PagePolicy': 'Closed', 'Scheduler': 'FrFcfs', 'SchedulerBuffer': 'ReadWrite', 'RequestBufferSize': 1, 'RespQueue': 'Fifo', 'RefreshPolicy': 'AllBank', 'RefreshMaxPostponed': 8, 'RefreshMaxPulledin': 8, 'Arbiter': 'Reorder', 'MaxActiveTransactions': 102}",[[7.1630864 0.5977    0.0119844]]
0.018858736,"{'PagePolicy': 'OpenAdaptive', 'Scheduler': 'FrFcfs', 'SchedulerBuffer': 'Shared', 'RequestBufferSize': 6, 'RespQueue': 'Fifo', 'RefreshPolicy': 'NoRefresh', 'RefreshMaxPostponed': 6, 'RefreshMaxPulledin': 6, 'Arbiter': 'Simple', 'MaxActiveTransactions': 128}",[[ 6.6371484  0.55382   11.984402 ]]
0.018858736,"{'PagePolicy': 'OpenAdaptive', 'Scheduler': 'FrFcfs', 'SchedulerBuffer': 'Shared', 'RequestBufferSize': 6, 'RespQueue': 'Fifo', 'RefreshPolicy': 'NoRefresh', 'RefreshMaxPostponed': 6, 'RefreshMaxPulledin': 6, 'Arbiter': 'Simple', 'MaxActiveTransactions': 128}",[[ 6.6371484  0.55382   11.984402 ]]
2.8241665,"{'PagePolicy': 'Closed', 'Scheduler': 'Fifo', 'SchedulerBuffer': 'ReadWrite', 'RequestBufferSize': 1, 'RespQueue': 'Fifo', 'RefreshPolicy': 'AllBank', 'RefreshMaxPostponed': 8, 'RefreshMaxPulledin': 8, 'Arbiter': 'Reorder', 'MaxActiveTransactions': 99}",[[7.1630864 0.5977    0.0119844]]
2.8241665,"{'PagePolicy': 'Closed', 'Scheduler': 'Fifo', 'SchedulerBuffer': 'ReadWrite', 'RequestBufferSize': 1, 'RespQueue': 'Fifo', 'RefreshPolicy': 'AllBank', 'RefreshMaxPostponed': 8, 'RefreshMaxPulledin': 8, 'Arbiter': 'Reorder', 'MaxActiveTransactions': 99}",[[7.1630864 0.5977    0.0119844]]
2.8241665,"{'PagePolicy': 'Closed', 'Scheduler': 'FrFcfsGrp', 'SchedulerBuffer': 'ReadWrite', 'RequestBufferSize': 1, 'RespQueue': 'Fifo', 'RefreshPolicy': 'AllBank', 'RefreshMaxPostponed': 4, 'RefreshMaxPulledin': 8, 'Arbiter': 'Simple', 'MaxActiveTransactions': 122}",[[7.1630435 0.5977    0.0119844]]
2.8241665,"{'PagePolicy': 'Closed', 'Scheduler': 'FrFcfsGrp', 'SchedulerBuffer': 'ReadWrite', 'RequestBufferSize': 1, 'RespQueue': 'Fifo', 'RefreshPolicy': 'AllBank', 'RefreshMaxPostponed': 4, 'RefreshMaxPulledin': 8, 'Arbiter': 'Simple', 'MaxActiveTransactions': 122}",[[7.1630435 0.5977    0.0119844]]
2.8241665,"{'PagePolicy': 'Closed', 'Scheduler': 'FrFcfsGrp', 'SchedulerBuffer': 'ReadWrite', 'RequestBufferSize': 1, 'RespQueue': 'Fifo', 'RefreshPolicy': 'AllBank', 'RefreshMaxPostponed': 3, 'RefreshMaxPulledin': 8, 'Arbiter': 'Fifo', 'MaxActiveTransactions': 100}",[[7.163072  0.5977    0.0119844]]
2.8241665,"{'PagePolicy': 'Closed', 'Scheduler': 'FrFcfsGrp', 'SchedulerBuffer': 'ReadWrite', 'RequestBufferSize': 1, 'RespQueue': 'Fifo', 'RefreshPolicy': 'AllBank', 'RefreshMaxPostponed': 3, 'RefreshMaxPulledin': 8, 'Arbiter': 'Fifo', 'MaxActiveTransactions': 100}",[[7.163072  0.5977    0.0119844]]
2.8241665,"{'PagePolicy': 'Closed', 'Scheduler': 'FrFcfs', 'SchedulerBuffer': 'Shared', 'RequestBufferSize': 1, 'RespQueue': 'Fifo', 'RefreshPolicy': 'AllBank', 'RefreshMaxPostponed': 8, 'RefreshMaxPulledin': 8, 'Arbiter': 'Reorder', 'MaxActiveTransactions': 101}",[[7.1630864 0.5977    0.0119844]]
2.8241665,"{'PagePolicy': 'Closed', 'Scheduler': 'FrFcfs', 'SchedulerBuffer': 'Shared', 'RequestBufferSize': 1, 'RespQueue': 'Fifo', 'RefreshPolicy': 'AllBank', 'RefreshMaxPostponed': 8, 'RefreshMaxPulledin': 8, 'Arbiter': 'Reorder', 'MaxActiveTransactions': 101}",[[7.1630864 0.5977    0.0119844]]
2.8241665,"{'PagePolicy': 'Closed', 'Scheduler': 'FrFcfsGrp', 'SchedulerBuffer': 'ReadWrite', 'RequestBufferSize': 1, 'RespQueue': 'Fifo', 'RefreshPolicy': 'AllBank', 'RefreshMaxPostponed': 3, 'RefreshMaxPulledin': 8, 'Arbiter': 'Simple', 'MaxActiveTransactions': 126}",[[7.163072  0.5977    0.0119844]]
2.8241665,"{'PagePolicy': 'Closed', 'Scheduler': 'FrFcfsGrp', 'SchedulerBuffer': 'ReadWrite', 'RequestBufferSize': 1, 'RespQueue': 'Fifo', 'RefreshPolicy': 'AllBank', 'RefreshMaxPostponed': 3, 'RefreshMaxPulledin': 8, 'Arbiter': 'Simple', 'MaxActiveTransactions': 126}",[[7.163072  0.5977    0.0119844]]
2.8241665,"{'PagePolicy': 'Closed', 'Scheduler': 'FrFcfsGrp', 'SchedulerBuffer': 'Bankwise', 'RequestBufferSize': 1, 'RespQueue': 'Fifo', 'RefreshPolicy': 'AllBank', 'RefreshMaxPostponed': 3, 'RefreshMaxPulledin': 8, 'Arbiter': 'Fifo', 'MaxActiveTransactions': 126}",[[7.163072  0.5977    0.0119844]]
2.8241665,"{'PagePolicy': 'Closed', 'Scheduler': 'FrFcfsGrp', 'SchedulerBuffer': 'Bankwise', 'RequestBufferSize': 1, 'RespQueue': 'Fifo', 'RefreshPolicy': 'AllBank', 'RefreshMaxPostponed': 3, 'RefreshMaxPulledin': 8, 'Arbiter': 'Fifo', 'MaxActiveTransactions': 126}",[[7.163072  0.5977    0.0119844]]
2.8241665,"{'PagePolicy': 'Closed', 'Scheduler': 'FrFcfs', 'SchedulerBuffer': 'Bankwise', 'RequestBufferSize': 1, 'RespQueue': 'Fifo', 'RefreshPolicy': 'AllBank', 'RefreshMaxPostponed': 6, 'RefreshMaxPulledin': 8, 'Arbiter': 'Reorder', 'MaxActiveTransactions': 101}",[[7.163058  0.5977    0.0119844]]
2.8241665,"{'PagePolicy': 'Closed', 'Scheduler': 'FrFcfs', 'SchedulerBuffer': 'Bankwise', 'RequestBufferSize': 1, 'RespQueue': 'Fifo', 'RefreshPolicy': 'AllBank', 'RefreshMaxPostponed': 6, 'RefreshMaxPulledin': 8, 'Arbiter': 'Reorder', 'MaxActiveTransactions': 101}",[[7.163058  0.5977    0.0119844]]
2.8241665,"{'PagePolicy': 'Closed', 'Scheduler': 'FrFcfs', 'SchedulerBuffer': 'ReadWrite', 'RequestBufferSize': 1, 'RespQueue': 'Fifo', 'RefreshPolicy': 'AllBank', 'RefreshMaxPostponed': 8, 'RefreshMaxPulledin': 8, 'Arbiter': 'Fifo', 'MaxActiveTransactions': 101}",[[7.1630864 0.5977    0.0119844]]
2.8241665,"{'PagePolicy': 'Closed', 'Scheduler': 'FrFcfs', 'SchedulerBuffer': 'ReadWrite', 'RequestBufferSize': 1, 'RespQueue': 'Fifo', 'RefreshPolicy': 'AllBank', 'RefreshMaxPostponed': 8, 'RefreshMaxPulledin': 8, 'Arbiter': 'Fifo', 'MaxActiveTransactions': 101}",[[7.1630864 0.5977    0.0119844]]
2.8241665,"{'PagePolicy': 'Closed', 'Scheduler': 'FrFcfs', 'SchedulerBuffer': 'ReadWrite', 'RequestBufferSize': 1, 'RespQueue': 'Fifo', 'RefreshPolicy': 'AllBank', 'RefreshMaxPostponed': 8, 'RefreshMaxPulledin': 8, 'Arbiter': 'Simple', 'MaxActiveTransactions': 102}",[[7.1630864 0.5977    0.0119844]]
2.8241665,"{'PagePolicy': 'Closed', 'Scheduler': 'FrFcfs', 'SchedulerBuffer': 'ReadWrite', 'RequestBufferSize': 1, 'RespQueue': 'Fifo', 'RefreshPolicy': 'AllBank', 'RefreshMaxPostponed': 8, 'RefreshMaxPulledin': 8, 'Arbiter': 'Simple', 'MaxActiveTransactions': 102}",[[7.1630864 0.5977    0.0119844]]
2.8241665,"{'PagePolicy': 'Closed', 'Scheduler': 'FrFcfs', 'SchedulerBuffer': 'Bankwise', 'RequestBufferSize': 1, 'RespQueue': 'Fifo', 'RefreshPolicy': 'AllBank', 'RefreshMaxPostponed': 1, 'RefreshMaxPulledin': 8, 'Arbiter': 'Reorder', 'MaxActiveTransactions': 125}",[[7.1631436 0.5977    0.0119844]]
2.8241665,"{'PagePolicy': 'Closed', 'Scheduler': 'FrFcfs', 'SchedulerBuffer': 'Bankwise', 'RequestBufferSize': 1, 'RespQueue': 'Fifo', 'RefreshPolicy': 'AllBank', 'RefreshMaxPostponed': 1, 'RefreshMaxPulledin': 8, 'Arbiter': 'Reorder', 'MaxActiveTransactions': 125}",[[7.1631436 0.5977    0.0119844]]
2.8241665,"{'PagePolicy': 'Closed', 'Scheduler': 'FrFcfs', 'SchedulerBuffer': 'Bankwise', 'RequestBufferSize': 1, 'RespQueue': 'Fifo', 'RefreshPolicy': 'AllBank', 'RefreshMaxPostponed': 8, 'RefreshMaxPulledin': 8, 'Arbiter': 'Reorder', 'MaxActiveTransactions': 103}",[[7.1630864 0.5977    0.0119844]]
2.8241665,"{'PagePolicy': 'Closed', 'Scheduler': 'FrFcfs', 'SchedulerBuffer': 'Bankwise', 'RequestBufferSize': 1, 'RespQueue': 'Fifo', 'RefreshPolicy': 'AllBank', 'RefreshMaxPostponed': 8, 'RefreshMaxPulledin': 8, 'Arbiter': 'Reorder', 'MaxActiveTransactions': 103}",[[7.1630864 0.5977    0.0119844]]
2.8241665,"{'PagePolicy': 'Closed', 'Scheduler': 'FrFcfsGrp', 'SchedulerBuffer': 'Bankwise', 'RequestBufferSize': 1, 'RespQueue': 'Fifo', 'RefreshPolicy': 'AllBank', 'RefreshMaxPostponed': 4, 'RefreshMaxPulledin': 8, 'Arbiter': 'Fifo', 'MaxActiveTransactions': 123}",[[7.1630435 0.5977    0.0119844]]
2.8241665,"{'PagePolicy': 'Closed', 'Scheduler': 'FrFcfsGrp', 'SchedulerBuffer': 'Bankwise', 'RequestBufferSize': 1, 'RespQueue': 'Fifo', 'RefreshPolicy': 'AllBank', 'RefreshMaxPostponed': 4, 'RefreshMaxPulledin': 8, 'Arbiter': 'Fifo', 'MaxActiveTransactions': 123}",[[7.1630435 0.5977    0.0119844]]
0.019103186,"{'PagePolicy': 'Open', 'Scheduler': 'FrFcfs', 'SchedulerBuffer': 'Shared', 'RequestBufferSize': 3, 'RespQueue': 'Reorder', 'RefreshPolicy': 'NoRefresh', 'RefreshMaxPostponed': 7, 'RefreshMaxPulledin': 3, 'Arbiter': 'Fifo', 'MaxActiveTransactions': 1}",[[ 6.705706  0.55953  11.984416]]
0.019103186,"{'PagePolicy': 'Open', 'Scheduler': 'FrFcfs', 'SchedulerBuffer': 'Shared', 'RequestBufferSize': 3, 'RespQueue': 'Reorder', 'RefreshPolicy': 'NoRefresh', 'RefreshMaxPostponed': 7, 'RefreshMaxPulledin': 3, 'Arbiter': 'Fifo', 'MaxActiveTransactions': 1}",[[ 6.705706  0.55953  11.984416]]
2.8236754,"{'PagePolicy': 'Closed', 'Scheduler': 'FrFcfsGrp', 'SchedulerBuffer': 'Bankwise', 'RequestBufferSize': 1, 'RespQueue': 'Fifo', 'RefreshPolicy': 'AllBank', 'RefreshMaxPostponed': 6, 'RefreshMaxPulledin': 3, 'Arbiter': 'Fifo', 'MaxActiveTransactions': 89}",[[7.162233  0.59763   0.0119844]]
2.8236754,"{'PagePolicy': 'Closed', 'Scheduler': 'FrFcfsGrp', 'SchedulerBuffer': 'Bankwise', 'RequestBufferSize': 1, 'RespQueue': 'Fifo', 'RefreshPolicy': 'AllBank', 'RefreshMaxPostponed': 6, 'RefreshMaxPulledin': 3, 'Arbiter': 'Fifo', 'MaxActiveTransactions': 89}",[[7.162233  0.59763   0.0119844]]
2.8240964,"{'PagePolicy': 'Closed', 'Scheduler': 'FrFcfsGrp', 'SchedulerBuffer': 'Bankwise', 'RequestBufferSize': 1, 'RespQueue': 'Fifo', 'RefreshPolicy': 'AllBank', 'RefreshMaxPostponed': 2, 'RefreshMaxPulledin': 8, 'Arbiter': 'Fifo', 'MaxActiveTransactions': 124}",[[7.163029  0.59769   0.0119844]]
2.8240964,"{'PagePolicy': 'Closed', 'Scheduler': 'FrFcfsGrp', 'SchedulerBuffer': 'Bankwise', 'RequestBufferSize': 1, 'RespQueue': 'Fifo', 'RefreshPolicy': 'AllBank', 'RefreshMaxPostponed': 2, 'RefreshMaxPulledin': 8, 'Arbiter': 'Fifo', 'MaxActiveTransactions': 124}",[[7.163029  0.59769   0.0119844]]
2.8241665,"{'PagePolicy': 'Closed', 'Scheduler': 'Fifo', 'SchedulerBuffer': 'ReadWrite', 'RequestBufferSize': 1, 'RespQueue': 'Reorder', 'RefreshPolicy': 'AllBank', 'RefreshMaxPostponed': 7, 'RefreshMaxPulledin': 8, 'Arbiter': 'Fifo', 'MaxActiveTransactions': 127}",[[7.163072  0.5977    0.0119844]]
2.8241665,"{'PagePolicy': 'Closed', 'Scheduler': 'Fifo', 'SchedulerBuffer': 'ReadWrite', 'RequestBufferSize': 1, 'RespQueue': 'Reorder', 'RefreshPolicy': 'AllBank', 'RefreshMaxPostponed': 7, 'RefreshMaxPulledin': 8, 'Arbiter': 'Fifo', 'MaxActiveTransactions': 127}",[[7.163072  0.5977    0.0119844]]
2.8241665,"{'PagePolicy': 'Closed', 'Scheduler': 'FrFcfs', 'SchedulerBuffer': 'ReadWrite', 'RequestBufferSize': 1, 'RespQueue': 'Reorder', 'RefreshPolicy': 'AllBank', 'RefreshMaxPostponed': 4, 'RefreshMaxPulledin': 8, 'Arbiter': 'Reorder', 'MaxActiveTransactions': 126}",[[7.1630435 0.5977    0.0119844]]
2.8241665,"{'PagePolicy': 'Closed', 'Scheduler': 'FrFcfs', 'SchedulerBuffer': 'ReadWrite', 'RequestBufferSize': 1, 'RespQueue': 'Reorder', 'RefreshPolicy': 'AllBank', 'RefreshMaxPostponed': 4, 'RefreshMaxPulledin': 8, 'Arbiter': 'Reorder', 'MaxActiveTransactions': 126}",[[7.1630435 0.5977    0.0119844]]
2.8241665,"{'PagePolicy': 'Closed', 'Scheduler': 'Fifo', 'SchedulerBuffer': 'Shared', 'RequestBufferSize': 1, 'RespQueue': 'Fifo', 'RefreshPolicy': 'AllBank', 'RefreshMaxPostponed': 4, 'RefreshMaxPulledin': 8, 'Arbiter': 'Fifo', 'MaxActiveTransactions': 96}",[[7.1630435 0.5977    0.0119844]]
2.8241665,"{'PagePolicy': 'Closed', 'Scheduler': 'Fifo', 'SchedulerBuffer': 'Shared', 'RequestBufferSize': 1, 'RespQueue': 'Fifo', 'RefreshPolicy': 'AllBank', 'RefreshMaxPostponed': 4, 'RefreshMaxPulledin': 8, 'Arbiter': 'Fifo', 'MaxActiveTransactions': 96}",[[7.1630435 0.5977    0.0119844]]
